Document_Party_Role_ID,Document_ID,Role_Code,Party_ID,Party_Name,Department_Name,Person_Name,Position_Name,Contact,Snapshot_Basis
DPR-202102-REF-BF-AR-001-1-AR,DOC-INV-202102-REF-BF-AR-001-1-AR,CUSTOMER,C001,Demo Customer Aurora,,,,,synthetic master
DPR-202102-REF-BF-AP-001-2-AP,DOC-INV-202102-REF-BF-AP-001-2-AP,SUPPLIER,V001,Demo Vendor Keystone,,,,,synthetic master
DPR-202103-REF-BF-AR-SET-001-2-AR,DOC-SET-202103-REF-BF-AR-SET-001-2-AR,CUSTOMER,C001,Demo Customer Aurora,,,,,synthetic master
DPR-202103-REF-BF-AP-SET-001-1-AP,DOC-SET-202103-REF-BF-AP-SET-001-1-AP,SUPPLIER,V001,Demo Vendor Keystone,,,,,synthetic master
DPR-202103-REF-BF-AR-002-1-AR,DOC-INV-202103-REF-BF-AR-002-1-AR,CUSTOMER,C001,Demo Customer Aurora,,,,,synthetic master
DPR-202103-REF-BF-AP-002-2-AP,DOC-INV-202103-REF-BF-AP-002-2-AP,SUPPLIER,V001,Demo Vendor Keystone,,,,,synthetic master
DPR-202104-900050-2-AR,DOC-INV-202104-900050-2-AR,CUSTOMER,C001,Demo Customer Aurora,,,,,synthetic master
DPR-202104-900001-2-AR,DOC-INV-202104-900001-2-AR,CUSTOMER,C001,Demo Customer Aurora,,,,,synthetic master
DPR-202104-900012-2-AR,DOC-INV-202104-900012-2-AR,CUSTOMER,C001,Demo Customer Aurora,,,,,synthetic master
DPR-202104-900017-2-AP,DOC-SET-202104-900017-2-AP,SUPPLIER,V001,Demo Vendor Keystone,,,,,synthetic master
DPR-202104-900006-1-AP,DOC-INV-202104-900006-1-AP,SUPPLIER,V001,Demo Vendor Keystone,,,,,synthetic master
DPR-202104-900010-2-AR,DOC-INV-202104-900010-2-AR,CUSTOMER,C001,Demo Customer Aurora,,,,,synthetic master
DPR-202104-900027-2-AP,DOC-SET-202104-900027-2-AP,SUPPLIER,V001,Demo Vendor Keystone,,,,,synthetic master
DPR-202104-900056-1-AP,DOC-INV-202104-900056-1-AP,SUPPLIER,V001,Demo Vendor Keystone,,,,,synthetic master
DPR-202104-900045-1-AP,DOC-INV-202104-900045-1-AP,SUPPLIER,V001,Demo Vendor Keystone,,,,,synthetic master
DPR-202104-900020-2-AR,DOC-INV-202104-900020-2-AR,CUSTOMER,C001,Demo Customer Aurora,,,,,synthetic master
DPR-202104-900028-2-AR,DOC-INV-202104-900028-2-AR,CUSTOMER,C001,Demo Customer Aurora,,,,,synthetic master
DPR-202104-900004-1-AR,DOC-SET-202104-900004-1-AR,CUSTOMER,C001,Demo Customer Aurora,,,,,synthetic master
DPR-202104-900035-1-AP,DOC-INV-202104-900035-1-AP,SUPPLIER,V001,Demo Vendor Keystone,,,,,synthetic master
DPR-202104-900003-1-AP,DOC-SET-202104-900003-1-AP,SUPPLIER,V001,Demo Vendor Keystone,,,,,synthetic master
DPR-202104-900060-2-AR,DOC-INV-202104-900060-2-AR,CUSTOMER,C001,Demo Customer Aurora,,,,,synthetic master
DPR-202104-900026-1-AP,DOC-INV-202104-900026-1-AP,SUPPLIER,V001,Demo Vendor Keystone,,,,,synthetic master
DPR-202104-900044-1-AR,DOC-SET-202104-900044-1-AR,CUSTOMER,C001,Demo Customer Aurora,,,,,synthetic master
DPR-202104-900031-2-AR,DOC-INV-202104-900031-2-AR,CUSTOMER,C001,Demo Customer Aurora,,,,,synthetic master
DPR-202104-900033-1-AR,DOC-SET-202104-900033-1-AR,CUSTOMER,C001,Demo Customer Aurora,,,,,synthetic master
DPR-202104-900049-1-AP,DOC-SET-202104-900049-1-AP,SUPPLIER,V001,Demo Vendor Keystone,,,,,synthetic master
DPR-202104-900014-1-AR,DOC-SET-202104-900014-1-AR,CUSTOMER,C001,Demo Customer Aurora,,,,,synthetic master
DPR-202104-900034-2-AR,DOC-INV-202104-900034-2-AR,CUSTOMER,C001,Demo Customer Aurora,,,,,synthetic master
DPR-202104-900046-1-AR,DOC-SET-202104-900046-1-AR,CUSTOMER,C001,Demo Customer Aurora,,,,,synthetic master
DPR-202104-900046-3-AR,DOC-SET-202104-900046-3-AR,CUSTOMER,C001,Demo Customer Aurora,,,,,synthetic master
DPR-202104-900046-4-AR,DOC-SET-202104-900046-4-AR,CUSTOMER,C001,Demo Customer Aurora,,,,,synthetic master
DPR-202104-900007-2-AP,DOC-SET-202104-900007-2-AP,SUPPLIER,V001,Demo Vendor Keystone,,,,,synthetic master
DPR-202104-900051-2-AR,DOC-INV-202104-900051-2-AR,CUSTOMER,C001,Demo Customer Aurora,,,,,synthetic master
DPR-202104-900023-1-AR,DOC-SET-202104-900023-1-AR,CUSTOMER,C001,Demo Customer Aurora,,,,,synthetic master
DPR-202104-900032-2-AR,DOC-INV-202104-900032-2-AR,CUSTOMER,C001,Demo Customer Aurora,,,,,synthetic master
DPR-202104-900036-1-AP,DOC-INV-202104-900036-1-AP,SUPPLIER,V001,Demo Vendor Keystone,,,,,synthetic master
DPR-202104-900055-1-AP,DOC-SET-202104-900055-1-AP,SUPPLIER,V001,Demo Vendor Keystone,,,,,synthetic master
DPR-202104-900015-1-AP,DOC-SET-202104-900015-1-AP,SUPPLIER,V001,Demo Vendor Keystone,,,,,synthetic master
DPR-202104-900016-1-AP,DOC-INV-202104-900016-1-AP,SUPPLIER,V001,Demo Vendor Keystone,,,,,synthetic master
DPR-202104-900021-1-AP,DOC-SET-202104-900021-1-AP,SUPPLIER,V001,Demo Vendor Keystone,,,,,synthetic master
DPR-202104-900025-1-AP,DOC-INV-202104-900025-1-AP,SUPPLIER,V001,Demo Vendor Keystone,,,,,synthetic master
DPR-202104-900040-2-AR,DOC-INV-202104-900040-2-AR,CUSTOMER,C001,Demo Customer Aurora,,,,,synthetic master
DPR-202104-900002-2-AR,DOC-INV-202104-900002-2-AR,CUSTOMER,C001,Demo Customer Aurora,,,,,synthetic master
DPR-202104-900041-2-AR,DOC-INV-202104-900041-2-AR,CUSTOMER,C001,Demo Customer Aurora,,,,,synthetic master
DPR-202104-900009-1-AP,DOC-SET-202104-900009-1-AP,SUPPLIER,V001,Demo Vendor Keystone,,,,,synthetic master
DPR-202104-900042-2-AR,DOC-INV-202104-900042-2-AR,CUSTOMER,C001,Demo Customer Aurora,,,,,synthetic master
DPR-202104-900057-2-AP,DOC-SET-202104-900057-2-AP,SUPPLIER,V001,Demo Vendor Keystone,,,,,synthetic master
DPR-202104-900022-2-AR,DOC-INV-202104-900022-2-AR,CUSTOMER,C001,Demo Customer Aurora,,,,,synthetic master
DPR-202104-900061-1-AP,DOC-SET-202104-900061-1-AP,SUPPLIER,V001,Demo Vendor Keystone,,,,,synthetic master
DPR-202104-900053-1-AR,DOC-SET-202104-900053-1-AR,CUSTOMER,C001,Demo Customer Aurora,,,,,synthetic master
DPR-202104-900013-1-AR,DOC-SET-202104-900013-1-AR,CUSTOMER,C001,Demo Customer Aurora,,,,,synthetic master
DPR-202104-900047-2-AP,DOC-SET-202104-900047-2-AP,SUPPLIER,V001,Demo Vendor Keystone,,,,,synthetic master
DPR-202104-900054-1-AR,DOC-SET-202104-900054-1-AR,CUSTOMER,C001,Demo Customer Aurora,,,,,synthetic master
DPR-202104-900062-2-AR,DOC-INV-202104-900062-2-AR,CUSTOMER,C001,Demo Customer Aurora,,,,,synthetic master
DPR-202105-900121-2-AR,DOC-INV-202105-900121-2-AR,CUSTOMER,C001,Demo Customer Aurora,,,,,synthetic master
DPR-202105-900086-2-AR,DOC-INV-202105-900086-2-AR,CUSTOMER,C001,Demo Customer Aurora,,,,,synthetic master
DPR-202105-900101-2-AR,DOC-INV-202105-900101-2-AR,CUSTOMER,C001,Demo Customer Aurora,,,,,synthetic master
DPR-202105-900094-1-AR,DOC-SET-202105-900094-1-AR,CUSTOMER,C001,Demo Customer Aurora,,,,,synthetic master
DPR-202105-900091-2-AR,DOC-INV-202105-900091-2-AR,CUSTOMER,C001,Demo Customer Aurora,,,,,synthetic master
DPR-202105-900095-1-AP,DOC-INV-202105-900095-1-AP,SUPPLIER,V001,Demo Vendor Keystone,,,,,synthetic master
DPR-202105-900100-2-AR,DOC-INV-202105-900100-2-AR,CUSTOMER,C001,Demo Customer Aurora,,,,,synthetic master
DPR-202105-900092-2-AR,DOC-INV-202105-900092-2-AR,CUSTOMER,C001,Demo Customer Aurora,,,,,synthetic master
DPR-202105-900111-2-AR,DOC-INV-202105-900111-2-AR,CUSTOMER,C001,Demo Customer Aurora,,,,,synthetic master
DPR-202105-900066-1-AP,DOC-INV-202105-900066-1-AP,SUPPLIER,V001,Demo Vendor Keystone,,,,,synthetic master
DPR-202105-900068-2-AR,DOC-INV-202105-900068-2-AR,CUSTOMER,C001,Demo Customer Aurora,,,,,synthetic master
DPR-202105-900075-1-AP,DOC-INV-202105-900075-1-AP,SUPPLIER,V001,Demo Vendor Keystone,,,,,synthetic master
DPR-202105-900082-2-AR,DOC-INV-202105-900082-2-AR,CUSTOMER,C001,Demo Customer Aurora,,,,,synthetic master
DPR-202105-900099-1-AP,DOC-SET-202105-900099-1-AP,SUPPLIER,V001,Demo Vendor Keystone,,,,,synthetic master
DPR-202105-900076-1-AP,DOC-INV-202105-900076-1-AP,SUPPLIER,V001,Demo Vendor Keystone,,,,,synthetic master
DPR-202105-900077-2-AP,DOC-SET-202105-900077-2-AP,SUPPLIER,V001,Demo Vendor Keystone,,,,,synthetic master
DPR-202105-900106-1-AP,DOC-INV-202105-900106-1-AP,SUPPLIER,V001,Demo Vendor Keystone,,,,,synthetic master
DPR-202105-900074-2-AR,DOC-INV-202105-900074-2-AR,CUSTOMER,C001,Demo Customer Aurora,,,,,synthetic master
DPR-202105-900096-1-AP,DOC-INV-202105-900096-1-AP,SUPPLIER,V001,Demo Vendor Keystone,,,,,synthetic master
DPR-202105-900073-1-AR,DOC-SET-202105-900073-1-AR,CUSTOMER,C001,Demo Customer Aurora,,,,,synthetic master
DPR-202105-900067-2-AP,DOC-SET-202105-900067-2-AP,SUPPLIER,V001,Demo Vendor Keystone,,,,,synthetic master
DPR-202105-900117-2-AP,DOC-SET-202105-900117-2-AP,SUPPLIER,V001,Demo Vendor Keystone,,,,,synthetic master
DPR-202105-900080-2-AR,DOC-INV-202105-900080-2-AR,CUSTOMER,C001,Demo Customer Aurora,,,,,synthetic master
DPR-202105-900116-2-AR,DOC-INV-202105-900116-2-AR,CUSTOMER,C001,Demo Customer Aurora,,,,,synthetic master
DPR-202105-900122-2-AR,DOC-INV-202105-900122-2-AR,CUSTOMER,C001,Demo Customer Aurora,,,,,synthetic master
DPR-202105-900081-2-AR,DOC-INV-202105-900081-2-AR,CUSTOMER,C001,Demo Customer Aurora,,,,,synthetic master
DPR-202105-900113-1-AR,DOC-SET-202105-900113-1-AR,CUSTOMER,C001,Demo Customer Aurora,,,,,synthetic master
DPR-202105-900085-1-AP,DOC-INV-202105-900085-1-AP,SUPPLIER,V001,Demo Vendor Keystone,,,,,synthetic master
DPR-202105-900087-2-AP,DOC-SET-202105-900087-2-AP,SUPPLIER,V001,Demo Vendor Keystone,,,,,synthetic master
DPR-202105-900064-1-AR,DOC-SET-202105-900064-1-AR,CUSTOMER,C001,Demo Customer Aurora,,,,,synthetic master
DPR-202105-900104-1-AR,DOC-SET-202105-900104-1-AR,CUSTOMER,C001,Demo Customer Aurora,,,,,synthetic master
DPR-202105-900083-1-AR,DOC-SET-202105-900083-1-AR,CUSTOMER,C001,Demo Customer Aurora,,,,,synthetic master
DPR-202105-900107-2-AP,DOC-SET-202105-900107-2-AP,SUPPLIER,V001,Demo Vendor Keystone,,,,,synthetic master
DPR-202105-900063-1-AR,DOC-SET-202105-900063-1-AR,CUSTOMER,C001,Demo Customer Aurora,,,,,synthetic master
DPR-202105-900114-1-AR,DOC-SET-202105-900114-1-AR,CUSTOMER,C001,Demo Customer Aurora,,,,,synthetic master
DPR-202105-900109-1-AP,DOC-SET-202105-900109-1-AP,SUPPLIER,V001,Demo Vendor Keystone,,,,,synthetic master
DPR-202105-900070-2-AR,DOC-INV-202105-900070-2-AR,CUSTOMER,C001,Demo Customer Aurora,,,,,synthetic master
DPR-202105-900102-2-AR,DOC-INV-202105-900102-2-AR,CUSTOMER,C001,Demo Customer Aurora,,,,,synthetic master
DPR-202105-900103-1-AP,DOC-SET-202105-900103-1-AP,SUPPLIER,V001,Demo Vendor Keystone,,,,,synthetic master
DPR-202105-900072-2-AR,DOC-INV-202105-900072-2-AR,CUSTOMER,C001,Demo Customer Aurora,,,,,synthetic master
DPR-202105-900120-2-AR,DOC-INV-202105-900120-2-AR,CUSTOMER,C001,Demo Customer Aurora,,,,,synthetic master
DPR-202105-900110-2-AR,DOC-INV-202105-900110-2-AR,CUSTOMER,C001,Demo Customer Aurora,,,,,synthetic master
DPR-202105-900093-1-AP,DOC-SET-202105-900093-1-AP,SUPPLIER,V001,Demo Vendor Keystone,,,,,synthetic master
DPR-202105-900115-1-AP,DOC-INV-202105-900115-1-AP,SUPPLIER,V001,Demo Vendor Keystone,,,,,synthetic master
DPR-202106-900143-1-AR,DOC-SET-202106-900143-1-AR,CUSTOMER,C001,Demo Customer Aurora,,,,,synthetic master
DPR-202106-900170-2-AR,DOC-INV-202106-900170-2-AR,CUSTOMER,C001,Demo Customer Aurora,,,,,synthetic master
DPR-202106-900124-1-AR,DOC-SET-202106-900124-1-AR,CUSTOMER,C001,Demo Customer Aurora,,,,,synthetic master
DPR-202106-900133-1-AR,DOC-SET-202106-900133-1-AR,CUSTOMER,C001,Demo Customer Aurora,,,,,synthetic master
DPR-202106-900167-2-AP,DOC-SET-202106-900167-2-AP,SUPPLIER,V001,Demo Vendor Keystone,,,,,synthetic master
DPR-202106-900169-1-AR,DOC-SET-202106-900169-1-AR,CUSTOMER,C001,Demo Customer Aurora,,,,,synthetic master
DPR-202106-900169-3-AR,DOC-SET-202106-900169-3-AR,CUSTOMER,C001,Demo Customer Aurora,,,,,synthetic master
DPR-202106-900169-4-AR,DOC-SET-202106-900169-4-AR,CUSTOMER,C001,Demo Customer Aurora,,,,,synthetic master
DPR-202106-900154-1-AR,DOC-SET-202106-900154-1-AR,CUSTOMER,C001,Demo Customer Aurora,,,,,synthetic master
DPR-202106-900128-2-AR,DOC-INV-202106-900128-2-AR,CUSTOMER,C001,Demo Customer Aurora,,,,,synthetic master
DPR-202106-900146-1-AP,DOC-INV-202106-900146-1-AP,SUPPLIER,V001,Demo Vendor Keystone,,,,,synthetic master
DPR-202106-900155-1-AP,DOC-INV-202106-900155-1-AP,SUPPLIER,V001,Demo Vendor Keystone,,,,,synthetic master
DPR-202106-900140-2-AR,DOC-INV-202106-900140-2-AR,CUSTOMER,C001,Demo Customer Aurora,,,,,synthetic master
DPR-202106-900173-1-AR,DOC-SET-202106-900173-1-AR,CUSTOMER,C001,Demo Customer Aurora,,,,,synthetic master
DPR-202106-900145-1-AP,DOC-INV-202106-900145-1-AP,SUPPLIER,V001,Demo Vendor Keystone,,,,,synthetic master
DPR-202106-900174-2-AR,DOC-INV-202106-900174-2-AR,CUSTOMER,C001,Demo Customer Aurora,,,,,synthetic master
DPR-202106-900132-2-AR,DOC-INV-202106-900132-2-AR,CUSTOMER,C001,Demo Customer Aurora,,,,,synthetic master
DPR-202106-900153-1-AP,DOC-SET-202106-900153-1-AP,SUPPLIER,V001,Demo Vendor Keystone,,,,,synthetic master
DPR-202106-900141-1-AP,DOC-SET-202106-900141-1-AP,SUPPLIER,V001,Demo Vendor Keystone,,,,,synthetic master
DPR-202106-900162-2-AR,DOC-INV-202106-900162-2-AR,CUSTOMER,C001,Demo Customer Aurora,,,,,synthetic master
DPR-202106-900136-1-AP,DOC-INV-202106-900136-1-AP,SUPPLIER,V001,Demo Vendor Keystone,,,,,synthetic master
DPR-202106-900164-1-AR,DOC-SET-202106-900164-1-AR,CUSTOMER,C001,Demo Customer Aurora,,,,,synthetic master
DPR-202106-900130-2-AR,DOC-INV-202106-900130-2-AR,CUSTOMER,C001,Demo Customer Aurora,,,,,synthetic master
DPR-202106-900123-1-AR,DOC-SET-202106-900123-1-AR,CUSTOMER,C001,Demo Customer Aurora,,,,,synthetic master
DPR-202106-900176-1-AP,DOC-INV-202106-900176-1-AP,SUPPLIER,V001,Demo Vendor Keystone,,,,,synthetic master
DPR-202106-900126-1-AP,DOC-INV-202106-900126-1-AP,SUPPLIER,V001,Demo Vendor Keystone,,,,,synthetic master
DPR-202106-900160-2-AR,DOC-INV-202106-900160-2-AR,CUSTOMER,C001,Demo Customer Aurora,,,,,synthetic master
DPR-202106-900134-1-AR,DOC-SET-202106-900134-1-AR,CUSTOMER,C001,Demo Customer Aurora,,,,,synthetic master
DPR-202106-900147-1-AP,DOC-SET-202106-900147-1-AP,SUPPLIER,V001,Demo Vendor Keystone,,,,,synthetic master
DPR-202106-900175-1-AP,DOC-INV-202106-900175-1-AP,SUPPLIER,V001,Demo Vendor Keystone,,,,,synthetic master
DPR-202106-900135-1-AP,DOC-SET-202106-900135-1-AP,SUPPLIER,V001,Demo Vendor Keystone,,,,,synthetic master
DPR-202106-900177-2-AP,DOC-SET-202106-900177-2-AP,SUPPLIER,V001,Demo Vendor Keystone,,,,,synthetic master
DPR-202106-900152-2-AR,DOC-INV-202106-900152-2-AR,CUSTOMER,C001,Demo Customer Aurora,,,,,synthetic master
DPR-202106-900156-1-AP,DOC-INV-202106-900156-1-AP,SUPPLIER,V001,Demo Vendor Keystone,,,,,synthetic master
DPR-202106-900161-2-AR,DOC-INV-202106-900161-2-AR,CUSTOMER,C001,Demo Customer Aurora,,,,,synthetic master
DPR-202106-900151-2-AR,DOC-INV-202106-900151-2-AR,CUSTOMER,C001,Demo Customer Aurora,,,,,synthetic master
DPR-202106-900166-2-AR,DOC-INV-202106-900166-2-AR,CUSTOMER,C001,Demo Customer Aurora,,,,,synthetic master
DPR-202106-900171-2-AR,DOC-INV-202106-900171-2-AR,CUSTOMER,C001,Demo Customer Aurora,,,,,synthetic master
DPR-202106-900127-2-AP,DOC-SET-202106-900127-2-AP,SUPPLIER,V001,Demo Vendor Keystone,,,,,synthetic master
DPR-202106-900142-2-AR,DOC-INV-202106-900142-2-AR,CUSTOMER,C001,Demo Customer Aurora,,,,,synthetic master
DPR-202106-900165-1-AP,DOC-INV-202106-900165-1-AP,SUPPLIER,V001,Demo Vendor Keystone,,,,,synthetic master
DPR-202107-900190-2-AR,DOC-INV-202107-900190-2-AR,CUSTOMER,C001,Demo Customer Aurora,,,,,synthetic master
DPR-202107-900211-2-AR,DOC-INV-202107-900211-2-AR,CUSTOMER,C001,Demo Customer Aurora,,,,,synthetic master
DPR-202107-900226-1-AP,DOC-INV-202107-900226-1-AP,SUPPLIER,V001,Demo Vendor Keystone,,,,,synthetic master
DPR-202107-900235-1-AP,DOC-SET-202107-900235-1-AP,SUPPLIER,V001,Demo Vendor Keystone,,,,,synthetic master
DPR-202107-900194-1-AR,DOC-SET-202107-900194-1-AR,CUSTOMER,C001,Demo Customer Aurora,,,,,synthetic master
DPR-202107-900201-2-AR,DOC-INV-202107-900201-2-AR,CUSTOMER,C001,Demo Customer Aurora,,,,,synthetic master
DPR-202107-900231-2-AR,DOC-INV-202107-900231-2-AR,CUSTOMER,C001,Demo Customer Aurora,,,,,synthetic master
DPR-202107-900199-1-AP,DOC-SET-202107-900199-1-AP,SUPPLIER,V001,Demo Vendor Keystone,,,,,synthetic master
DPR-202107-900181-1-AP,DOC-SET-202107-900181-1-AP,SUPPLIER,V001,Demo Vendor Keystone,,,,,synthetic master
DPR-202107-900192-2-AR,DOC-INV-202107-900192-2-AR,CUSTOMER,C001,Demo Customer Aurora,,,,,synthetic master
DPR-202107-900186-1-AP,DOC-INV-202107-900186-1-AP,SUPPLIER,V001,Demo Vendor Keystone,,,,,synthetic master
DPR-202107-900234-1-AR,DOC-SET-202107-900234-1-AR,CUSTOMER,C001,Demo Customer Aurora,,,,,synthetic master
DPR-202107-900221-2-AR,DOC-INV-202107-900221-2-AR,CUSTOMER,C001,Demo Customer Aurora,,,,,synthetic master
DPR-202107-900195-1-AP,DOC-INV-202107-900195-1-AP,SUPPLIER,V001,Demo Vendor Keystone,,,,,synthetic master
DPR-202107-900200-2-AR,DOC-INV-202107-900200-2-AR,CUSTOMER,C001,Demo Customer Aurora,,,,,synthetic master
DPR-202107-900204-2-AR,DOC-INV-202107-900204-2-AR,CUSTOMER,C001,Demo Customer Aurora,,,,,synthetic master
DPR-202107-900182-2-AR,DOC-INV-202107-900182-2-AR,CUSTOMER,C001,Demo Customer Aurora,,,,,synthetic master
DPR-202107-900215-1-AP,DOC-INV-202107-900215-1-AP,SUPPLIER,V001,Demo Vendor Keystone,,,,,synthetic master
DPR-202107-900233-1-AR,DOC-SET-202107-900233-1-AR,CUSTOMER,C001,Demo Customer Aurora,,,,,synthetic master
DPR-202107-900180-2-AR,DOC-INV-202107-900180-2-AR,CUSTOMER,C001,Demo Customer Aurora,,,,,synthetic master
DPR-202107-900193-1-AP,DOC-SET-202107-900193-1-AP,SUPPLIER,V001,Demo Vendor Keystone,,,,,synthetic master
DPR-202107-900210-2-AR,DOC-INV-202107-900210-2-AR,CUSTOMER,C001,Demo Customer Aurora,,,,,synthetic master
DPR-202107-900196-1-AP,DOC-INV-202107-900196-1-AP,SUPPLIER,V001,Demo Vendor Keystone,,,,,synthetic master
DPR-202107-900213-1-AR,DOC-SET-202107-900213-1-AR,CUSTOMER,C001,Demo Customer Aurora,,,,,synthetic master
DPR-202107-900224-1-AR,DOC-SET-202107-900224-1-AR,CUSTOMER,C001,Demo Customer Aurora,,,,,synthetic master
DPR-202107-900236-1-AP,DOC-INV-202107-900236-1-AP,SUPPLIER,V001,Demo Vendor Keystone,,,,,synthetic master
DPR-202107-900237-2-AP,DOC-SET-202107-900237-2-AP,SUPPLIER,V001,Demo Vendor Keystone,,,,,synthetic master
DPR-202107-900183-1-AR,DOC-SET-202107-900183-1-AR,CUSTOMER,C001,Demo Customer Aurora,,,,,synthetic master
DPR-202107-900187-1-AP,DOC-SET-202107-900187-1-AP,SUPPLIER,V001,Demo Vendor Keystone,,,,,synthetic master
DPR-202107-900223-1-AP,DOC-SET-202107-900223-1-AP,SUPPLIER,V001,Demo Vendor Keystone,,,,,synthetic master
DPR-202107-900214-1-AR,DOC-SET-202107-900214-1-AR,CUSTOMER,C001,Demo Customer Aurora,,,,,synthetic master
DPR-202107-900203-1-AR,DOC-SET-202107-900203-1-AR,CUSTOMER,C001,Demo Customer Aurora,,,,,synthetic master
DPR-202107-900230-2-AR,DOC-INV-202107-900230-2-AR,CUSTOMER,C001,Demo Customer Aurora,,,,,synthetic master
DPR-202107-900216-2-AR,DOC-INV-202107-900216-2-AR,CUSTOMER,C001,Demo Customer Aurora,,,,,synthetic master
DPR-202107-900220-2-AR,DOC-INV-202107-900220-2-AR,CUSTOMER,C001,Demo Customer Aurora,,,,,synthetic master
DPR-202107-900222-2-AR,DOC-INV-202107-900222-2-AR,CUSTOMER,C001,Demo Customer Aurora,,,,,synthetic master
DPR-202107-900227-2-AP,DOC-SET-202107-900227-2-AP,SUPPLIER,V001,Demo Vendor Keystone,,,,,synthetic master
DPR-202107-900202-2-AR,DOC-INV-202107-900202-2-AR,CUSTOMER,C001,Demo Customer Aurora,,,,,synthetic master
DPR-202107-900205-1-AP,DOC-INV-202107-900205-1-AP,SUPPLIER,V001,Demo Vendor Keystone,,,,,synthetic master
DPR-202107-900207-2-AP,DOC-SET-202107-900207-2-AP,SUPPLIER,V001,Demo Vendor Keystone,,,,,synthetic master
DPR-202107-900185-1-AP,DOC-INV-202107-900185-1-AP,SUPPLIER,V001,Demo Vendor Keystone,,,,,synthetic master
DPR-202107-900217-2-AP,DOC-SET-202107-900217-2-AP,SUPPLIER,V001,Demo Vendor Keystone,,,,,synthetic master
DPR-202107-900229-1-AP,DOC-SET-202107-900229-1-AP,SUPPLIER,V001,Demo Vendor Keystone,,,,,synthetic master
DPR-202108-900274-1-AR,DOC-SET-202108-900274-1-AR,CUSTOMER,C001,Demo Customer Aurora,,,,,synthetic master
DPR-202108-900241-1-AP,DOC-SET-202108-900241-1-AP,SUPPLIER,V001,Demo Vendor Keystone,,,,,synthetic master
DPR-202108-900250-2-AR,DOC-INV-202108-900250-2-AR,CUSTOMER,C001,Demo Customer Aurora,,,,,synthetic master
DPR-202108-900252-2-AR,DOC-INV-202108-900252-2-AR,CUSTOMER,C001,Demo Customer Aurora,,,,,synthetic master
DPR-202108-900240-2-AR,DOC-INV-202108-900240-2-AR,CUSTOMER,C001,Demo Customer Aurora,,,,,synthetic master
DPR-202108-900277-2-AP,DOC-SET-202108-900277-2-AP,SUPPLIER,V001,Demo Vendor Keystone,,,,,synthetic master
DPR-202108-900273-1-AP,DOC-SET-202108-900273-1-AP,SUPPLIER,V001,Demo Vendor Keystone,,,,,synthetic master
DPR-202108-900255-1-AP,DOC-INV-202108-900255-1-AP,SUPPLIER,V001,Demo Vendor Keystone,,,,,synthetic master
DPR-202108-900245-1-AP,DOC-INV-202108-900245-1-AP,SUPPLIER,V001,Demo Vendor Keystone,,,,,synthetic master
DPR-202108-900280-2-AR,DOC-INV-202108-900280-2-AR,CUSTOMER,C001,Demo Customer Aurora,,,,,synthetic master
DPR-202108-900292-2-AR,DOC-INV-202108-900292-2-AR,CUSTOMER,C001,Demo Customer Aurora,,,,,synthetic master
DPR-202108-900287-1-AP,DOC-SET-202108-900287-1-AP,SUPPLIER,V001,Demo Vendor Keystone,,,,,synthetic master
DPR-202108-900253-1-AR,DOC-SET-202108-900253-1-AR,CUSTOMER,C001,Demo Customer Aurora,,,,,synthetic master
DPR-202108-900283-1-AR,DOC-SET-202108-900283-1-AR,CUSTOMER,C001,Demo Customer Aurora,,,,,synthetic master
DPR-202108-900294-2-AR,DOC-INV-202108-900294-2-AR,CUSTOMER,C001,Demo Customer Aurora,,,,,synthetic master
DPR-202108-900272-2-AR,DOC-INV-202108-900272-2-AR,CUSTOMER,C001,Demo Customer Aurora,,,,,synthetic master
DPR-202108-900248-2-AR,DOC-INV-202108-900248-2-AR,CUSTOMER,C001,Demo Customer Aurora,,,,,synthetic master
DPR-202108-900254-2-AR,DOC-INV-202108-900254-2-AR,CUSTOMER,C001,Demo Customer Aurora,,,,,synthetic master
DPR-202108-900261-2-AR,DOC-INV-202108-900261-2-AR,CUSTOMER,C001,Demo Customer Aurora,,,,,synthetic master
DPR-202108-900260-2-AR,DOC-INV-202108-900260-2-AR,CUSTOMER,C001,Demo Customer Aurora,,,,,synthetic master
DPR-202108-900282-2-AR,DOC-INV-202108-900282-2-AR,CUSTOMER,C001,Demo Customer Aurora,,,,,synthetic master
DPR-202108-900271-2-AR,DOC-INV-202108-900271-2-AR,CUSTOMER,C001,Demo Customer Aurora,,,,,synthetic master
DPR-202108-900284-1-AR,DOC-SET-202108-900284-1-AR,CUSTOMER,C001,Demo Customer Aurora,,,,,synthetic master
DPR-202108-900247-2-AP,DOC-SET-202108-900247-2-AP,SUPPLIER,V001,Demo Vendor Keystone,,,,,synthetic master
DPR-202108-900276-1-AR,DOC-SET-202108-900276-1-AR,CUSTOMER,C001,Demo Customer Aurora,,,,,synthetic master
DPR-202108-900276-3-AR,DOC-SET-202108-900276-3-AR,CUSTOMER,C001,Demo Customer Aurora,,,,,synthetic master
DPR-202108-900276-4-AR,DOC-SET-202108-900276-4-AR,CUSTOMER,C001,Demo Customer Aurora,,,,,synthetic master
DPR-202108-900281-1-AP,DOC-SET-202108-900281-1-AP,SUPPLIER,V001,Demo Vendor Keystone,,,,,synthetic master
DPR-202108-900265-1-AP,DOC-INV-202108-900265-1-AP,SUPPLIER,V001,Demo Vendor Keystone,,,,,synthetic master
DPR-202108-900275-1-AP,DOC-INV-202108-900275-1-AP,SUPPLIER,V001,Demo Vendor Keystone,,,,,synthetic master
DPR-202108-900286-1-AP,DOC-INV-202108-900286-1-AP,SUPPLIER,V001,Demo Vendor Keystone,,,,,synthetic master
DPR-202108-900243-1-AR,DOC-SET-202108-900243-1-AR,CUSTOMER,C001,Demo Customer Aurora,,,,,synthetic master
DPR-202108-900263-1-AR,DOC-SET-202108-900263-1-AR,CUSTOMER,C001,Demo Customer Aurora,,,,,synthetic master
DPR-202108-900293-1-AR,DOC-SET-202108-900293-1-AR,CUSTOMER,C001,Demo Customer Aurora,,,,,synthetic master
DPR-202108-900246-1-AP,DOC-INV-202108-900246-1-AP,SUPPLIER,V001,Demo Vendor Keystone,,,,,synthetic master
DPR-202108-900267-1-AP,DOC-SET-202108-900267-1-AP,SUPPLIER,V001,Demo Vendor Keystone,,,,,synthetic master
DPR-202108-900290-2-AR,DOC-INV-202108-900290-2-AR,CUSTOMER,C001,Demo Customer Aurora,,,,,synthetic master
DPR-202108-900295-1-AP,DOC-INV-202108-900295-1-AP,SUPPLIER,V001,Demo Vendor Keystone,,,,,synthetic master
DPR-202108-900256-1-AP,DOC-INV-202108-900256-1-AP,SUPPLIER,V001,Demo Vendor Keystone,,,,,synthetic master
DPR-202108-900242-2-AR,DOC-INV-202108-900242-2-AR,CUSTOMER,C001,Demo Customer Aurora,,,,,synthetic master
DPR-202108-900262-2-AR,DOC-INV-202108-900262-2-AR,CUSTOMER,C001,Demo Customer Aurora,,,,,synthetic master
DPR-202108-900266-1-AP,DOC-INV-202108-900266-1-AP,SUPPLIER,V001,Demo Vendor Keystone,,,,,synthetic master
DPR-202109-900343-1-AR,DOC-SET-202109-900343-1-AR,CUSTOMER,C001,Demo Customer Aurora,,,,,synthetic master
DPR-202109-900312-2-AR,DOC-INV-202109-900312-2-AR,CUSTOMER,C001,Demo Customer Aurora,,,,,synthetic master
DPR-202109-900336-2-AR,DOC-INV-202109-900336-2-AR,CUSTOMER,C001,Demo Customer Aurora,,,,,synthetic master
DPR-202109-900324-1-AR,DOC-SET-202109-900324-1-AR,CUSTOMER,C001,Demo Customer Aurora,,,,,synthetic master
DPR-202109-900340-2-AR,DOC-INV-202109-900340-2-AR,CUSTOMER,C001,Demo Customer Aurora,,,,,synthetic master
DPR-202109-900300-2-AR,DOC-INV-202109-900300-2-AR,CUSTOMER,C001,Demo Customer Aurora,,,,,synthetic master
DPR-202109-900353-1-AR,DOC-SET-202109-900353-1-AR,CUSTOMER,C001,Demo Customer Aurora,,,,,synthetic master
DPR-202109-900327-2-AP,DOC-SET-202109-900327-2-AP,SUPPLIER,V001,Demo Vendor Keystone,,,,,synthetic master
DPR-202109-900314-1-AR,DOC-SET-202109-900314-1-AR,CUSTOMER,C001,Demo Customer Aurora,,,,,synthetic master
DPR-202109-900317-1-AP,DOC-SET-202109-900317-1-AP,SUPPLIER,V001,Demo Vendor Keystone,,,,,synthetic master
DPR-202109-900330-2-AR,DOC-INV-202109-900330-2-AR,CUSTOMER,C001,Demo Customer Aurora,,,,,synthetic master
DPR-202109-900350-2-AR,DOC-INV-202109-900350-2-AR,CUSTOMER,C001,Demo Customer Aurora,,,,,synthetic master
DPR-202109-900296-1-AP,DOC-INV-202109-900296-1-AP,SUPPLIER,V001,Demo Vendor Keystone,,,,,synthetic master
DPR-202109-900329-1-AP,DOC-SET-202109-900329-1-AP,SUPPLIER,V001,Demo Vendor Keystone,,,,,synthetic master
DPR-202109-900301-2-AR,DOC-INV-202109-900301-2-AR,CUSTOMER,C001,Demo Customer Aurora,,,,,synthetic master
DPR-202109-900310-2-AR,DOC-INV-202109-900310-2-AR,CUSTOMER,C001,Demo Customer Aurora,,,,,synthetic master
DPR-202109-900331-2-AR,DOC-INV-202109-900331-2-AR,CUSTOMER,C001,Demo Customer Aurora,,,,,synthetic master
DPR-202109-900348-2-AR,DOC-INV-202109-900348-2-AR,CUSTOMER,C001,Demo Customer Aurora,,,,,synthetic master
DPR-202109-900323-1-AP,DOC-SET-202109-900323-1-AP,SUPPLIER,V001,Demo Vendor Keystone,,,,,synthetic master
DPR-202109-900302-2-AR,DOC-INV-202109-900302-2-AR,CUSTOMER,C001,Demo Customer Aurora,,,,,synthetic master
DPR-202109-900334-1-AR,DOC-SET-202109-900334-1-AR,CUSTOMER,C001,Demo Customer Aurora,,,,,synthetic master
DPR-202109-900335-1-AP,DOC-INV-202109-900335-1-AP,SUPPLIER,V001,Demo Vendor Keystone,,,,,synthetic master
DPR-202109-900344-1-AR,DOC-SET-202109-900344-1-AR,CUSTOMER,C001,Demo Customer Aurora,,,,,synthetic master
DPR-202109-900346-1-AP,DOC-INV-202109-900346-1-AP,SUPPLIER,V001,Demo Vendor Keystone,,,,,synthetic master
DPR-202109-900322-2-AR,DOC-INV-202109-900322-2-AR,CUSTOMER,C001,Demo Customer Aurora,,,,,synthetic master
DPR-202109-900325-1-AP,DOC-INV-202109-900325-1-AP,SUPPLIER,V001,Demo Vendor Keystone,,,,,synthetic master
DPR-202109-900304-2-AR,DOC-INV-202109-900304-2-AR,CUSTOMER,C001,Demo Customer Aurora,,,,,synthetic master
DPR-202109-900342-2-AR,DOC-INV-202109-900342-2-AR,CUSTOMER,C001,Demo Customer Aurora,,,,,synthetic master
DPR-202109-900316-1-AP,DOC-INV-202109-900316-1-AP,SUPPLIER,V001,Demo Vendor Keystone,,,,,synthetic master
DPR-202109-900297-2-AP,DOC-SET-202109-900297-2-AP,SUPPLIER,V001,Demo Vendor Keystone,,,,,synthetic master
DPR-202109-900315-1-AP,DOC-INV-202109-900315-1-AP,SUPPLIER,V001,Demo Vendor Keystone,,,,,synthetic master
DPR-202109-900311-1-AP,DOC-SET-202109-900311-1-AP,SUPPLIER,V001,Demo Vendor Keystone,,,,,synthetic master
DPR-202109-900320-2-AR,DOC-INV-202109-900320-2-AR,CUSTOMER,C001,Demo Customer Aurora,,,,,synthetic master
DPR-202109-900347-2-AP,DOC-SET-202109-900347-2-AP,SUPPLIER,V001,Demo Vendor Keystone,,,,,synthetic master
DPR-202109-900307-2-AP,DOC-SET-202109-900307-2-AP,SUPPLIER,V001,Demo Vendor Keystone,,,,,synthetic master
DPR-202109-900337-2-AP,DOC-SET-202109-900337-2-AP,SUPPLIER,V001,Demo Vendor Keystone,,,,,synthetic master
DPR-202109-900321-2-AR,DOC-INV-202109-900321-2-AR,CUSTOMER,C001,Demo Customer Aurora,,,,,synthetic master
DPR-202109-900333-1-AR,DOC-SET-202109-900333-1-AR,CUSTOMER,C001,Demo Customer Aurora,,,,,synthetic master
DPR-202109-900341-2-AR,DOC-INV-202109-900341-2-AR,CUSTOMER,C001,Demo Customer Aurora,,,,,synthetic master
DPR-202109-900303-1-AR,DOC-SET-202109-900303-1-AR,CUSTOMER,C001,Demo Customer Aurora,,,,,synthetic master
DPR-202109-900305-1-AP,DOC-INV-202109-900305-1-AP,SUPPLIER,V001,Demo Vendor Keystone,,,,,synthetic master
DPR-202109-900352-2-AR,DOC-INV-202109-900352-2-AR,CUSTOMER,C001,Demo Customer Aurora,,,,,synthetic master
DPR-202110-900367-1-AP,DOC-SET-202110-900367-1-AP,SUPPLIER,V001,Demo Vendor Keystone,,,,,synthetic master
DPR-202110-900385-1-AP,DOC-INV-202110-900385-1-AP,SUPPLIER,V001,Demo Vendor Keystone,,,,,synthetic master
DPR-202110-900401-1-AP,DOC-SET-202110-900401-1-AP,SUPPLIER,V001,Demo Vendor Keystone,,,,,synthetic master
DPR-202110-900406-1-AP,DOC-INV-202110-900406-1-AP,SUPPLIER,V001,Demo Vendor Keystone,,,,,synthetic master
DPR-202110-900395-1-AP,DOC-INV-202110-900395-1-AP,SUPPLIER,V001,Demo Vendor Keystone,,,,,synthetic master
DPR-202110-900372-2-AR,DOC-INV-202110-900372-2-AR,CUSTOMER,C001,Demo Customer Aurora,,,,,synthetic master
DPR-202110-900396-1-AR,DOC-SET-202110-900396-1-AR,CUSTOMER,C001,Demo Customer Aurora,,,,,synthetic master
DPR-202110-900396-3-AR,DOC-SET-202110-900396-3-AR,CUSTOMER,C001,Demo Customer Aurora,,,,,synthetic master
DPR-202110-900396-4-AR,DOC-SET-202110-900396-4-AR,CUSTOMER,C001,Demo Customer Aurora,,,,,synthetic master
DPR-202110-900380-2-AR,DOC-INV-202110-900380-2-AR,CUSTOMER,C001,Demo Customer Aurora,,,,,synthetic master
DPR-202110-900382-2-AR,DOC-INV-202110-900382-2-AR,CUSTOMER,C001,Demo Customer Aurora,,,,,synthetic master
DPR-202110-900392-2-AR,DOC-INV-202110-900392-2-AR,CUSTOMER,C001,Demo Customer Aurora,,,,,synthetic master
DPR-202110-900354-1-AR,DOC-SET-202110-900354-1-AR,CUSTOMER,C001,Demo Customer Aurora,,,,,synthetic master
DPR-202110-900356-1-AP,DOC-INV-202110-900356-1-AP,SUPPLIER,V001,Demo Vendor Keystone,,,,,synthetic master
DPR-202110-900381-2-AR,DOC-INV-202110-900381-2-AR,CUSTOMER,C001,Demo Customer Aurora,,,,,synthetic master
DPR-202110-900400-2-AR,DOC-INV-202110-900400-2-AR,CUSTOMER,C001,Demo Customer Aurora,,,,,synthetic master
DPR-202110-900411-1-AP,DOC-SET-202110-900411-1-AP,SUPPLIER,V001,Demo Vendor Keystone,,,,,synthetic master
DPR-202110-900394-1-AR,DOC-SET-202110-900394-1-AR,CUSTOMER,C001,Demo Customer Aurora,,,,,synthetic master
DPR-202110-900360-2-AR,DOC-INV-202110-900360-2-AR,CUSTOMER,C001,Demo Customer Aurora,,,,,synthetic master
DPR-202110-900361-1-AP,DOC-SET-202110-900361-1-AP,SUPPLIER,V001,Demo Vendor Keystone,,,,,synthetic master
DPR-202110-900386-2-AR,DOC-INV-202110-900386-2-AR,CUSTOMER,C001,Demo Customer Aurora,,,,,synthetic master
DPR-202110-900397-2-AP,DOC-SET-202110-900397-2-AP,SUPPLIER,V001,Demo Vendor Keystone,,,,,synthetic master
DPR-202110-900363-1-AR,DOC-SET-202110-900363-1-AR,CUSTOMER,C001,Demo Customer Aurora,,,,,synthetic master
DPR-202110-900391-2-AR,DOC-INV-202110-900391-2-AR,CUSTOMER,C001,Demo Customer Aurora,,,,,synthetic master
DPR-202110-900404-1-AR,DOC-SET-202110-900404-1-AR,CUSTOMER,C001,Demo Customer Aurora,,,,,synthetic master
DPR-202110-900402-2-AR,DOC-INV-202110-900402-2-AR,CUSTOMER,C001,Demo Customer Aurora,,,,,synthetic master
DPR-202110-900375-1-AP,DOC-INV-202110-900375-1-AP,SUPPLIER,V001,Demo Vendor Keystone,,,,,synthetic master
DPR-202110-900384-1-AR,DOC-SET-202110-900384-1-AR,CUSTOMER,C001,Demo Customer Aurora,,,,,synthetic master
DPR-202110-900357-2-AP,DOC-SET-202110-900357-2-AP,SUPPLIER,V001,Demo Vendor Keystone,,,,,synthetic master
DPR-202110-900362-2-AR,DOC-INV-202110-900362-2-AR,CUSTOMER,C001,Demo Customer Aurora,,,,,synthetic master
DPR-202110-900366-1-AP,DOC-INV-202110-900366-1-AP,SUPPLIER,V001,Demo Vendor Keystone,,,,,synthetic master
DPR-202110-900373-1-AP,DOC-SET-202110-900373-1-AP,SUPPLIER,V001,Demo Vendor Keystone,,,,,synthetic master
DPR-202110-900405-1-AP,DOC-SET-202110-900405-1-AP,SUPPLIER,V001,Demo Vendor Keystone,,,,,synthetic master
DPR-202110-900374-1-AR,DOC-SET-202110-900374-1-AR,CUSTOMER,C001,Demo Customer Aurora,,,,,synthetic master
DPR-202110-900365-1-AP,DOC-INV-202110-900365-1-AP,SUPPLIER,V001,Demo Vendor Keystone,,,,,synthetic master
DPR-202110-900370-2-AR,DOC-INV-202110-900370-2-AR,CUSTOMER,C001,Demo Customer Aurora,,,,,synthetic master
DPR-202110-900376-1-AP,DOC-INV-202110-900376-1-AP,SUPPLIER,V001,Demo Vendor Keystone,,,,,synthetic master
DPR-202110-900410-2-AR,DOC-INV-202110-900410-2-AR,CUSTOMER,C001,Demo Customer Aurora,,,,,synthetic master
DPR-202110-900355-1-AP,DOC-SET-202110-900355-1-AP,SUPPLIER,V001,Demo Vendor Keystone,,,,,synthetic master
DPR-202110-900387-2-AP,DOC-SET-202110-900387-2-AP,SUPPLIER,V001,Demo Vendor Keystone,,,,,synthetic master
DPR-202110-900393-1-AR,DOC-SET-202110-900393-1-AR,CUSTOMER,C001,Demo Customer Aurora,,,,,synthetic master
DPR-202110-900403-1-AR,DOC-SET-202110-900403-1-AR,CUSTOMER,C001,Demo Customer Aurora,,,,,synthetic master
DPR-202111-900414-1-AR,DOC-SET-202111-900414-1-AR,CUSTOMER,C001,Demo Customer Aurora,,,,,synthetic master
DPR-202111-900425-1-AP,DOC-INV-202111-900425-1-AP,SUPPLIER,V001,Demo Vendor Keystone,,,,,synthetic master
DPR-202111-900435-1-AP,DOC-INV-202111-900435-1-AP,SUPPLIER,V001,Demo Vendor Keystone,,,,,synthetic master
DPR-202111-900454-1-AR,DOC-SET-202111-900454-1-AR,CUSTOMER,C001,Demo Customer Aurora,,,,,synthetic master
DPR-202111-900466-1-AP,DOC-INV-202111-900466-1-AP,SUPPLIER,V001,Demo Vendor Keystone,,,,,synthetic master
DPR-202111-900453-1-AR,DOC-SET-202111-900453-1-AR,CUSTOMER,C001,Demo Customer Aurora,,,,,synthetic master
DPR-202111-900462-2-AR,DOC-INV-202111-900462-2-AR,CUSTOMER,C001,Demo Customer Aurora,,,,,synthetic master
DPR-202111-900463-1-AR,DOC-SET-202111-900463-1-AR,CUSTOMER,C001,Demo Customer Aurora,,,,,synthetic master
DPR-202111-900412-2-AR,DOC-INV-202111-900412-2-AR,CUSTOMER,C001,Demo Customer Aurora,,,,,synthetic master
DPR-202111-900455-1-AP,DOC-SET-202111-900455-1-AP,SUPPLIER,V001,Demo Vendor Keystone,,,,,synthetic master
DPR-202111-900440-2-AR,DOC-INV-202111-900440-2-AR,CUSTOMER,C001,Demo Customer Aurora,,,,,synthetic master
DPR-202111-900443-1-AR,DOC-SET-202111-900443-1-AR,CUSTOMER,C001,Demo Customer Aurora,,,,,synthetic master
DPR-202111-900464-1-AR,DOC-SET-202111-900464-1-AR,CUSTOMER,C001,Demo Customer Aurora,,,,,synthetic master
DPR-202111-900449-1-AP,DOC-SET-202111-900449-1-AP,SUPPLIER,V001,Demo Vendor Keystone,,,,,synthetic master
DPR-202111-900422-2-AR,DOC-INV-202111-900422-2-AR,CUSTOMER,C001,Demo Customer Aurora,,,,,synthetic master
DPR-202111-900423-1-AR,DOC-SET-202111-900423-1-AR,CUSTOMER,C001,Demo Customer Aurora,,,,,synthetic master
DPR-202111-900450-2-AR,DOC-INV-202111-900450-2-AR,CUSTOMER,C001,Demo Customer Aurora,,,,,synthetic master
DPR-202111-900451-2-AR,DOC-INV-202111-900451-2-AR,CUSTOMER,C001,Demo Customer Aurora,,,,,synthetic master
DPR-202111-900456-1-AP,DOC-INV-202111-900456-1-AP,SUPPLIER,V001,Demo Vendor Keystone,,,,,synthetic master
DPR-202111-900441-2-AR,DOC-INV-202111-900441-2-AR,CUSTOMER,C001,Demo Customer Aurora,,,,,synthetic master
DPR-202111-900421-2-AR,DOC-INV-202111-900421-2-AR,CUSTOMER,C001,Demo Customer Aurora,,,,,synthetic master
DPR-202111-900427-2-AP,DOC-SET-202111-900427-2-AP,SUPPLIER,V001,Demo Vendor Keystone,,,,,synthetic master
DPR-202111-900436-2-AR,DOC-INV-202111-900436-2-AR,CUSTOMER,C001,Demo Customer Aurora,,,,,synthetic master
DPR-202111-900432-2-AR,DOC-INV-202111-900432-2-AR,CUSTOMER,C001,Demo Customer Aurora,,,,,synthetic master
DPR-202111-900437-2-AP,DOC-SET-202111-900437-2-AP,SUPPLIER,V001,Demo Vendor Keystone,,,,,synthetic master
DPR-202111-900460-2-AR,DOC-INV-202111-900460-2-AR,CUSTOMER,C001,Demo Customer Aurora,,,,,synthetic master
DPR-202111-900470-2-AR,DOC-INV-202111-900470-2-AR,CUSTOMER,C001,Demo Customer Aurora,,,,,synthetic master
DPR-202111-900442-2-AR,DOC-INV-202111-900442-2-AR,CUSTOMER,C001,Demo Customer Aurora,,,,,synthetic master
DPR-202111-900446-1-AP,DOC-INV-202111-900446-1-AP,SUPPLIER,V001,Demo Vendor Keystone,,,,,synthetic master
DPR-202111-900447-2-AP,DOC-SET-202111-900447-2-AP,SUPPLIER,V001,Demo Vendor Keystone,,,,,synthetic master
DPR-202111-900434-1-AR,DOC-SET-202111-900434-1-AR,CUSTOMER,C001,Demo Customer Aurora,,,,,synthetic master
DPR-202111-900415-1-AP,DOC-INV-202111-900415-1-AP,SUPPLIER,V001,Demo Vendor Keystone,,,,,synthetic master
DPR-202111-900424-2-AR,DOC-INV-202111-900424-2-AR,CUSTOMER,C001,Demo Customer Aurora,,,,,synthetic master
DPR-202111-900431-2-AR,DOC-INV-202111-900431-2-AR,CUSTOMER,C001,Demo Customer Aurora,,,,,synthetic master
DPR-202111-900468-2-AR,DOC-INV-202111-900468-2-AR,CUSTOMER,C001,Demo Customer Aurora,,,,,synthetic master
DPR-202111-900444-1-AR,DOC-SET-202111-900444-1-AR,CUSTOMER,C001,Demo Customer Aurora,,,,,synthetic master
DPR-202111-900416-1-AP,DOC-INV-202111-900416-1-AP,SUPPLIER,V001,Demo Vendor Keystone,,,,,synthetic master
DPR-202111-900457-2-AP,DOC-SET-202111-900457-2-AP,SUPPLIER,V001,Demo Vendor Keystone,,,,,synthetic master
DPR-202111-900430-2-AR,DOC-INV-202111-900430-2-AR,CUSTOMER,C001,Demo Customer Aurora,,,,,synthetic master
DPR-202111-900467-2-AP,DOC-SET-202111-900467-2-AP,SUPPLIER,V001,Demo Vendor Keystone,,,,,synthetic master
DPR-202111-900417-1-AP,DOC-SET-202111-900417-1-AP,SUPPLIER,V001,Demo Vendor Keystone,,,,,synthetic master
DPR-202111-900461-1-AP,DOC-SET-202111-900461-1-AP,SUPPLIER,V001,Demo Vendor Keystone,,,,,synthetic master
DPR-202112-900512-2-AR,DOC-INV-202112-900512-2-AR,CUSTOMER,C001,Demo Customer Aurora,,,,,synthetic master
DPR-202112-900516-1-AP,DOC-INV-202112-900516-1-AP,SUPPLIER,V001,Demo Vendor Keystone,,,,,synthetic master
DPR-202112-900492-2-AR,DOC-INV-202112-900492-2-AR,CUSTOMER,C001,Demo Customer Aurora,,,,,synthetic master
DPR-202112-900496-1-AP,DOC-INV-202112-900496-1-AP,SUPPLIER,V001,Demo Vendor Keystone,,,,,synthetic master
DPR-202112-900525-1-AP,DOC-INV-202112-900525-1-AP,SUPPLIER,V001,Demo Vendor Keystone,,,,,synthetic master
DPR-202112-900517-2-AP,DOC-SET-202112-900517-2-AP,SUPPLIER,V001,Demo Vendor Keystone,,,,,synthetic master
DPR-202112-900518-2-AR,DOC-INV-202112-900518-2-AR,CUSTOMER,C001,Demo Customer Aurora,,,,,synthetic master
DPR-202112-900474-2-AR,DOC-INV-202112-900474-2-AR,CUSTOMER,C001,Demo Customer Aurora,,,,,synthetic master
DPR-202112-900473-1-AR,DOC-SET-202112-900473-1-AR,CUSTOMER,C001,Demo Customer Aurora,,,,,synthetic master
DPR-202112-900485-1-AP,DOC-INV-202112-900485-1-AP,SUPPLIER,V001,Demo Vendor Keystone,,,,,synthetic master
DPR-202112-900502-2-AR,DOC-INV-202112-900502-2-AR,CUSTOMER,C001,Demo Customer Aurora,,,,,synthetic master
DPR-202112-900500-2-AR,DOC-INV-202112-900500-2-AR,CUSTOMER,C001,Demo Customer Aurora,,,,,synthetic master
DPR-202112-900509-1-AR,DOC-SET-202112-900509-1-AR,CUSTOMER,C001,Demo Customer Aurora,,,,,synthetic master
DPR-202112-900509-3-AR,DOC-SET-202112-900509-3-AR,CUSTOMER,C001,Demo Customer Aurora,,,,,synthetic master
DPR-202112-900509-4-AR,DOC-SET-202112-900509-4-AR,CUSTOMER,C001,Demo Customer Aurora,,,,,synthetic master
DPR-202112-900506-1-AP,DOC-INV-202112-900506-1-AP,SUPPLIER,V001,Demo Vendor Keystone,,,,,synthetic master
DPR-202112-900521-2-AR,DOC-INV-202112-900521-2-AR,CUSTOMER,C001,Demo Customer Aurora,,,,,synthetic master
DPR-202112-900493-1-AP,DOC-SET-202112-900493-1-AP,SUPPLIER,V001,Demo Vendor Keystone,,,,,synthetic master
DPR-202112-900505-1-AP,DOC-SET-202112-900505-1-AP,SUPPLIER,V001,Demo Vendor Keystone,,,,,synthetic master
DPR-202112-900531-2-AR,DOC-INV-202112-900531-2-AR,CUSTOMER,C001,Demo Customer Aurora,,,,,synthetic master
DPR-202112-900507-2-AP,DOC-SET-202112-900507-2-AP,SUPPLIER,V001,Demo Vendor Keystone,,,,,synthetic master
DPR-202112-900511-2-AR,DOC-INV-202112-900511-2-AR,CUSTOMER,C001,Demo Customer Aurora,,,,,synthetic master
DPR-202112-900480-2-AR,DOC-INV-202112-900480-2-AR,CUSTOMER,C001,Demo Customer Aurora,,,,,synthetic master
DPR-202112-900510-2-AR,DOC-INV-202112-900510-2-AR,CUSTOMER,C001,Demo Customer Aurora,,,,,synthetic master
DPR-202112-900523-1-AR,DOC-SET-202112-900523-1-AR,CUSTOMER,C001,Demo Customer Aurora,,,,,synthetic master
DPR-202112-900486-2-AR,DOC-INV-202112-900486-2-AR,CUSTOMER,C001,Demo Customer Aurora,,,,,synthetic master
DPR-202112-900495-1-AP,DOC-INV-202112-900495-1-AP,SUPPLIER,V001,Demo Vendor Keystone,,,,,synthetic master
DPR-202112-900513-1-AR,DOC-SET-202112-900513-1-AR,CUSTOMER,C001,Demo Customer Aurora,,,,,synthetic master
DPR-202112-900499-1-AP,DOC-SET-202112-900499-1-AP,SUPPLIER,V001,Demo Vendor Keystone,,,,,synthetic master
DPR-202112-900515-1-AP,DOC-INV-202112-900515-1-AP,SUPPLIER,V001,Demo Vendor Keystone,,,,,synthetic master
DPR-202112-900530-2-AR,DOC-INV-202112-900530-2-AR,CUSTOMER,C001,Demo Customer Aurora,,,,,synthetic master
DPR-202112-900522-2-AR,DOC-INV-202112-900522-2-AR,CUSTOMER,C001,Demo Customer Aurora,,,,,synthetic master
DPR-202112-900481-2-AR,DOC-INV-202112-900481-2-AR,CUSTOMER,C001,Demo Customer Aurora,,,,,synthetic master
DPR-202112-900494-1-AR,DOC-SET-202112-900494-1-AR,CUSTOMER,C001,Demo Customer Aurora,,,,,synthetic master
DPR-202112-900491-2-AR,DOC-INV-202112-900491-2-AR,CUSTOMER,C001,Demo Customer Aurora,,,,,synthetic master
DPR-202112-900526-1-AP,DOC-INV-202112-900526-1-AP,SUPPLIER,V001,Demo Vendor Keystone,,,,,synthetic master
DPR-202112-900501-2-AR,DOC-INV-202112-900501-2-AR,CUSTOMER,C001,Demo Customer Aurora,,,,,synthetic master
DPR-202112-900524-2-AR,DOC-INV-202112-900524-2-AR,CUSTOMER,C001,Demo Customer Aurora,,,,,synthetic master
DPR-202112-900483-1-AR,DOC-SET-202112-900483-1-AR,CUSTOMER,C001,Demo Customer Aurora,,,,,synthetic master
DPR-202112-900476-1-AP,DOC-INV-202112-900476-1-AP,SUPPLIER,V001,Demo Vendor Keystone,,,,,synthetic master
DPR-202112-900472-2-AR,DOC-INV-202112-900472-2-AR,CUSTOMER,C001,Demo Customer Aurora,,,,,synthetic master
DPR-202112-900475-1-AP,DOC-INV-202112-900475-1-AP,SUPPLIER,V001,Demo Vendor Keystone,,,,,synthetic master
DPR-202112-900482-2-AR,DOC-INV-202112-900482-2-AR,CUSTOMER,C001,Demo Customer Aurora,,,,,synthetic master
DPR-202112-900504-1-AR,DOC-SET-202112-900504-1-AR,CUSTOMER,C001,Demo Customer Aurora,,,,,synthetic master
DPR-202112-900487-2-AP,DOC-SET-202112-900487-2-AP,SUPPLIER,V001,Demo Vendor Keystone,,,,,synthetic master
DPR-202201-900535-1-AP,DOC-INV-202201-900535-1-AP,SUPPLIER,V001,Demo Vendor Keystone,,,,,synthetic master
DPR-202201-900534-1-AR,DOC-SET-202201-900534-1-AR,CUSTOMER,C001,Demo Customer Aurora,,,,,synthetic master
DPR-202201-900583-1-AR,DOC-SET-202201-900583-1-AR,CUSTOMER,C001,Demo Customer Aurora,,,,,synthetic master
DPR-202201-900573-1-AR,DOC-SET-202201-900573-1-AR,CUSTOMER,C001,Demo Customer Aurora,,,,,synthetic master
DPR-202201-900563-1-AR,DOC-SET-202201-900563-1-AR,CUSTOMER,C001,Demo Customer Aurora,,,,,synthetic master
DPR-202201-900566-1-AP,DOC-INV-202201-900566-1-AP,SUPPLIER,V001,Demo Vendor Keystone,,,,,synthetic master
DPR-202201-900567-2-AP,DOC-SET-202201-900567-2-AP,SUPPLIER,V001,Demo Vendor Keystone,,,,,synthetic master
DPR-202201-900590-2-AR,DOC-INV-202201-900590-2-AR,CUSTOMER,C001,Demo Customer Aurora,,,,,synthetic master
DPR-202201-900536-1-AP,DOC-INV-202201-900536-1-AP,SUPPLIER,V001,Demo Vendor Keystone,,,,,synthetic master
DPR-202201-900532-2-AR,DOC-INV-202201-900532-2-AR,CUSTOMER,C001,Demo Customer Aurora,,,,,synthetic master
DPR-202201-900545-1-AP,DOC-INV-202201-900545-1-AP,SUPPLIER,V001,Demo Vendor Keystone,,,,,synthetic master
DPR-202201-900547-2-AP,DOC-SET-202201-900547-2-AP,SUPPLIER,V001,Demo Vendor Keystone,,,,,synthetic master
DPR-202201-900571-2-AR,DOC-INV-202201-900571-2-AR,CUSTOMER,C001,Demo Customer Aurora,,,,,synthetic master
DPR-202201-900550-2-AR,DOC-INV-202201-900550-2-AR,CUSTOMER,C001,Demo Customer Aurora,,,,,synthetic master
DPR-202201-900562-2-AR,DOC-INV-202201-900562-2-AR,CUSTOMER,C001,Demo Customer Aurora,,,,,synthetic master
DPR-202201-900553-1-AR,DOC-SET-202201-900553-1-AR,CUSTOMER,C001,Demo Customer Aurora,,,,,synthetic master
DPR-202201-900577-2-AP,DOC-SET-202201-900577-2-AP,SUPPLIER,V001,Demo Vendor Keystone,,,,,synthetic master
DPR-202201-900551-2-AR,DOC-INV-202201-900551-2-AR,CUSTOMER,C001,Demo Customer Aurora,,,,,synthetic master
DPR-202201-900556-2-AR,DOC-INV-202201-900556-2-AR,CUSTOMER,C001,Demo Customer Aurora,,,,,synthetic master
DPR-202201-900575-1-AP,DOC-INV-202201-900575-1-AP,SUPPLIER,V001,Demo Vendor Keystone,,,,,synthetic master
DPR-202201-900576-1-AP,DOC-INV-202201-900576-1-AP,SUPPLIER,V001,Demo Vendor Keystone,,,,,synthetic master
DPR-202201-900537-1-AP,DOC-SET-202201-900537-1-AP,SUPPLIER,V001,Demo Vendor Keystone,,,,,synthetic master
DPR-202201-900587-1-AP,DOC-SET-202201-900587-1-AP,SUPPLIER,V001,Demo Vendor Keystone,,,,,synthetic master
DPR-202201-900544-1-AR,DOC-SET-202201-900544-1-AR,CUSTOMER,C001,Demo Customer Aurora,,,,,synthetic master
DPR-202201-900557-2-AP,DOC-SET-202201-900557-2-AP,SUPPLIER,V001,Demo Vendor Keystone,,,,,synthetic master
DPR-202201-900543-1-AP,DOC-SET-202201-900543-1-AP,SUPPLIER,V001,Demo Vendor Keystone,,,,,synthetic master
DPR-202201-900554-1-AR,DOC-SET-202201-900554-1-AR,CUSTOMER,C001,Demo Customer Aurora,,,,,synthetic master
DPR-202201-900574-2-AR,DOC-INV-202201-900574-2-AR,CUSTOMER,C001,Demo Customer Aurora,,,,,synthetic master
DPR-202201-900561-2-AR,DOC-INV-202201-900561-2-AR,CUSTOMER,C001,Demo Customer Aurora,,,,,synthetic master
DPR-202201-900570-2-AR,DOC-INV-202201-900570-2-AR,CUSTOMER,C001,Demo Customer Aurora,,,,,synthetic master
DPR-202201-900585-1-AP,DOC-INV-202201-900585-1-AP,SUPPLIER,V001,Demo Vendor Keystone,,,,,synthetic master
DPR-202201-900549-1-AP,DOC-SET-202201-900549-1-AP,SUPPLIER,V001,Demo Vendor Keystone,,,,,synthetic master
DPR-202201-900564-1-AR,DOC-SET-202201-900564-1-AR,CUSTOMER,C001,Demo Customer Aurora,,,,,synthetic master
DPR-202201-900582-2-AR,DOC-INV-202201-900582-2-AR,CUSTOMER,C001,Demo Customer Aurora,,,,,synthetic master
DPR-202201-900586-1-AP,DOC-INV-202201-900586-1-AP,SUPPLIER,V001,Demo Vendor Keystone,,,,,synthetic master
DPR-202201-900542-2-AR,DOC-INV-202201-900542-2-AR,CUSTOMER,C001,Demo Customer Aurora,,,,,synthetic master
DPR-202201-900555-1-AP,DOC-INV-202201-900555-1-AP,SUPPLIER,V001,Demo Vendor Keystone,,,,,synthetic master
DPR-202201-900560-2-AR,DOC-INV-202201-900560-2-AR,CUSTOMER,C001,Demo Customer Aurora,,,,,synthetic master
DPR-202201-900568-2-AR,DOC-INV-202201-900568-2-AR,CUSTOMER,C001,Demo Customer Aurora,,,,,synthetic master
DPR-202201-900581-1-AP,DOC-SET-202201-900581-1-AP,SUPPLIER,V001,Demo Vendor Keystone,,,,,synthetic master
DPR-202201-900541-2-AR,DOC-INV-202201-900541-2-AR,CUSTOMER,C001,Demo Customer Aurora,,,,,synthetic master
DPR-202201-900580-2-AR,DOC-INV-202201-900580-2-AR,CUSTOMER,C001,Demo Customer Aurora,,,,,synthetic master
DPR-202202-900605-1-AP,DOC-INV-202202-900605-1-AP,SUPPLIER,V001,Demo Vendor Keystone,,,,,synthetic master
DPR-202202-900592-2-AR,DOC-INV-202202-900592-2-AR,CUSTOMER,C001,Demo Customer Aurora,,,,,synthetic master
DPR-202202-900595-1-AP,DOC-INV-202202-900595-1-AP,SUPPLIER,V001,Demo Vendor Keystone,,,,,synthetic master
DPR-202202-900629-1-AP,DOC-SET-202202-900629-1-AP,SUPPLIER,V001,Demo Vendor Keystone,,,,,synthetic master
DPR-202202-900641-2-AR,DOC-INV-202202-900641-2-AR,CUSTOMER,C001,Demo Customer Aurora,,,,,synthetic master
DPR-202202-900626-1-AP,DOC-INV-202202-900626-1-AP,SUPPLIER,V001,Demo Vendor Keystone,,,,,synthetic master
DPR-202202-900600-2-AR,DOC-INV-202202-900600-2-AR,CUSTOMER,C001,Demo Customer Aurora,,,,,synthetic master
DPR-202202-900614-1-AR,DOC-SET-202202-900614-1-AR,CUSTOMER,C001,Demo Customer Aurora,,,,,synthetic master
DPR-202202-900593-1-AP,DOC-SET-202202-900593-1-AP,SUPPLIER,V001,Demo Vendor Keystone,,,,,synthetic master
DPR-202202-900616-2-AR,DOC-INV-202202-900616-2-AR,CUSTOMER,C001,Demo Customer Aurora,,,,,synthetic master
DPR-202202-900627-2-AP,DOC-SET-202202-900627-2-AP,SUPPLIER,V001,Demo Vendor Keystone,,,,,synthetic master
DPR-202202-900647-2-AP,DOC-SET-202202-900647-2-AP,SUPPLIER,V001,Demo Vendor Keystone,,,,,synthetic master
DPR-202202-900623-1-AP,DOC-SET-202202-900623-1-AP,SUPPLIER,V001,Demo Vendor Keystone,,,,,synthetic master
DPR-202202-900634-1-AR,DOC-SET-202202-900634-1-AR,CUSTOMER,C001,Demo Customer Aurora,,,,,synthetic master
DPR-202202-900620-2-AR,DOC-INV-202202-900620-2-AR,CUSTOMER,C001,Demo Customer Aurora,,,,,synthetic master
DPR-202202-900603-1-AR,DOC-SET-202202-900603-1-AR,CUSTOMER,C001,Demo Customer Aurora,,,,,synthetic master
DPR-202202-900642-2-AR,DOC-INV-202202-900642-2-AR,CUSTOMER,C001,Demo Customer Aurora,,,,,synthetic master
DPR-202202-900645-1-AP,DOC-INV-202202-900645-1-AP,SUPPLIER,V001,Demo Vendor Keystone,,,,,synthetic master
DPR-202202-900621-2-AR,DOC-INV-202202-900621-2-AR,CUSTOMER,C001,Demo Customer Aurora,,,,,synthetic master
DPR-202202-900630-2-AR,DOC-INV-202202-900630-2-AR,CUSTOMER,C001,Demo Customer Aurora,,,,,synthetic master
DPR-202202-900644-2-AR,DOC-INV-202202-900644-2-AR,CUSTOMER,C001,Demo Customer Aurora,,,,,synthetic master
DPR-202202-900615-1-AP,DOC-INV-202202-900615-1-AP,SUPPLIER,V001,Demo Vendor Keystone,,,,,synthetic master
DPR-202202-900610-2-AR,DOC-INV-202202-900610-2-AR,CUSTOMER,C001,Demo Customer Aurora,,,,,synthetic master
DPR-202202-900622-2-AR,DOC-INV-202202-900622-2-AR,CUSTOMER,C001,Demo Customer Aurora,,,,,synthetic master
DPR-202202-900607-2-AP,DOC-SET-202202-900607-2-AP,SUPPLIER,V001,Demo Vendor Keystone,,,,,synthetic master
DPR-202202-900636-1-AP,DOC-INV-202202-900636-1-AP,SUPPLIER,V001,Demo Vendor Keystone,,,,,synthetic master
DPR-202202-900596-1-AP,DOC-INV-202202-900596-1-AP,SUPPLIER,V001,Demo Vendor Keystone,,,,,synthetic master
DPR-202202-900613-1-AR,DOC-SET-202202-900613-1-AR,CUSTOMER,C001,Demo Customer Aurora,,,,,synthetic master
DPR-202202-900611-2-AR,DOC-INV-202202-900611-2-AR,CUSTOMER,C001,Demo Customer Aurora,,,,,synthetic master
DPR-202202-900632-2-AR,DOC-INV-202202-900632-2-AR,CUSTOMER,C001,Demo Customer Aurora,,,,,synthetic master
DPR-202202-900633-1-AR,DOC-SET-202202-900633-1-AR,CUSTOMER,C001,Demo Customer Aurora,,,,,synthetic master
DPR-202202-900601-2-AR,DOC-INV-202202-900601-2-AR,CUSTOMER,C001,Demo Customer Aurora,,,,,synthetic master
DPR-202202-900643-1-AR,DOC-SET-202202-900643-1-AR,CUSTOMER,C001,Demo Customer Aurora,,,,,synthetic master
DPR-202202-900594-1-AR,DOC-SET-202202-900594-1-AR,CUSTOMER,C001,Demo Customer Aurora,,,,,synthetic master
DPR-202202-900602-2-AR,DOC-INV-202202-900602-2-AR,CUSTOMER,C001,Demo Customer Aurora,,,,,synthetic master
DPR-202202-900624-1-AR,DOC-SET-202202-900624-1-AR,CUSTOMER,C001,Demo Customer Aurora,,,,,synthetic master
DPR-202202-900606-2-AR,DOC-INV-202202-900606-2-AR,CUSTOMER,C001,Demo Customer Aurora,,,,,synthetic master
DPR-202202-900617-2-AP,DOC-SET-202202-900617-2-AP,SUPPLIER,V001,Demo Vendor Keystone,,,,,synthetic master
DPR-202202-900635-1-AR,DOC-SET-202202-900635-1-AR,CUSTOMER,C001,Demo Customer Aurora,,,,,synthetic master
DPR-202202-900635-3-AR,DOC-SET-202202-900635-3-AR,CUSTOMER,C001,Demo Customer Aurora,,,,,synthetic master
DPR-202202-900635-4-AR,DOC-SET-202202-900635-4-AR,CUSTOMER,C001,Demo Customer Aurora,,,,,synthetic master
DPR-202202-900637-1-AP,DOC-SET-202202-900637-1-AP,SUPPLIER,V001,Demo Vendor Keystone,,,,,synthetic master
DPR-202203-900671-2-AR,DOC-INV-202203-900671-2-AR,CUSTOMER,C001,Demo Customer Aurora,,,,,synthetic master
DPR-202203-900683-1-AR,DOC-SET-202203-900683-1-AR,CUSTOMER,C001,Demo Customer Aurora,,,,,synthetic master
DPR-202203-900664-1-AR,DOC-SET-202203-900664-1-AR,CUSTOMER,C001,Demo Customer Aurora,,,,,synthetic master
DPR-202203-900692-2-AR,DOC-INV-202203-900692-2-AR,CUSTOMER,C001,Demo Customer Aurora,,,,,synthetic master
DPR-202203-900697-2-AP,DOC-SET-202203-900697-2-AP,SUPPLIER,V001,Demo Vendor Keystone,,,,,synthetic master
DPR-202203-900669-1-AP,DOC-SET-202203-900669-1-AP,SUPPLIER,V001,Demo Vendor Keystone,,,,,synthetic master
DPR-202203-900686-1-AP,DOC-INV-202203-900686-1-AP,SUPPLIER,V001,Demo Vendor Keystone,,,,,synthetic master
DPR-202203-900687-2-AP,DOC-SET-202203-900687-2-AP,SUPPLIER,V001,Demo Vendor Keystone,,,,,synthetic master
DPR-202203-900651-2-AR,DOC-INV-202203-900651-2-AR,CUSTOMER,C001,Demo Customer Aurora,,,,,synthetic master
DPR-202203-900670-2-AR,DOC-INV-202203-900670-2-AR,CUSTOMER,C001,Demo Customer Aurora,,,,,synthetic master
DPR-202203-900706-2-AR,DOC-INV-202203-900706-2-AR,CUSTOMER,C001,Demo Customer Aurora,,,,,synthetic master
DPR-202203-900656-2-AR,DOC-INV-202203-900656-2-AR,CUSTOMER,C001,Demo Customer Aurora,,,,,synthetic master
DPR-202203-900661-2-AR,DOC-INV-202203-900661-2-AR,CUSTOMER,C001,Demo Customer Aurora,,,,,synthetic master
DPR-202203-900695-1-AP,DOC-INV-202203-900695-1-AP,SUPPLIER,V001,Demo Vendor Keystone,,,,,synthetic master
DPR-202203-900654-1-AR,DOC-SET-202203-900654-1-AR,CUSTOMER,C001,Demo Customer Aurora,,,,,synthetic master
DPR-202203-900650-2-AR,DOC-INV-202203-900650-2-AR,CUSTOMER,C001,Demo Customer Aurora,,,,,synthetic master
DPR-202203-900675-1-AP,DOC-SET-202203-900675-1-AP,SUPPLIER,V001,Demo Vendor Keystone,,,,,synthetic master
DPR-202203-900700-2-AR,DOC-INV-202203-900700-2-AR,CUSTOMER,C001,Demo Customer Aurora,,,,,synthetic master
DPR-202203-900662-2-AR,DOC-INV-202203-900662-2-AR,CUSTOMER,C001,Demo Customer Aurora,,,,,synthetic master
DPR-202203-900694-2-AR,DOC-INV-202203-900694-2-AR,CUSTOMER,C001,Demo Customer Aurora,,,,,synthetic master
DPR-202203-900688-2-AR,DOC-INV-202203-900688-2-AR,CUSTOMER,C001,Demo Customer Aurora,,,,,synthetic master
DPR-202203-900681-1-AP,DOC-SET-202203-900681-1-AP,SUPPLIER,V001,Demo Vendor Keystone,,,,,synthetic master
DPR-202204-REF-AF-AR-SET-001-2-AR,DOC-SET-202204-REF-AF-AR-SET-001-2-AR,CUSTOMER,C001,Demo Customer Aurora,,,,,synthetic master
DPR-202204-REF-AF-AP-SET-001-1-AP,DOC-SET-202204-REF-AF-AP-SET-001-1-AP,SUPPLIER,V001,Demo Vendor Keystone,,,,,synthetic master
DPR-202205-REF-AF-AR-SET-002-2-AR,DOC-SET-202205-REF-AF-AR-SET-002-2-AR,CUSTOMER,C001,Demo Customer Aurora,,,,,synthetic master
DPR-202205-REF-AF-AP-SET-002-1-AP,DOC-SET-202205-REF-AF-AP-SET-002-1-AP,SUPPLIER,V001,Demo Vendor Keystone,,,,,synthetic master
