Document_ID,Document_Number,Document_Type_Code,Document_Type_Name,Document_Date,Recognition_Date,Recognition_Basis,Partner_Type,Partner_Code,Currency,Gross_Amount,Journal_Transaction_ID,Journal_Line_ID,Status,Source
DOC-INV-202102-REF-BF-AR-001-1-AR,INV-202102-REF-BF-AR-001-1-AR,SALES_INVOICE,売上請求,2021-02-10,2021-02-10,explicit-journal-link,C,C001,JPY,600000,RB001,1,OPEN_ITEM,project-authored synthetic control record
DOC-INV-202102-REF-BF-AP-001-2-AP,INV-202102-REF-BF-AP-001-2-AP,PURCHASE_INVOICE,仕入請求,2021-02-15,2021-02-15,explicit-journal-link,S,V001,JPY,1200000,RB002,2,OPEN_ITEM,project-authored synthetic control record
DOC-SET-202103-REF-BF-AR-SET-001-2-AR,SET-202103-REF-BF-AR-SET-001-2-AR,BANK_RECEIPT_NOTICE,入金,2021-03-05,2021-03-05,explicit-journal-link,C,C001,JPY,100000,RB003,2,SETTLEMENT,project-authored synthetic control record
DOC-SET-202103-REF-BF-AP-SET-001-1-AP,SET-202103-REF-BF-AP-SET-001-1-AP,BANK_TRANSFER_RECEIPT,支払,2021-03-08,2021-03-08,explicit-journal-link,S,V001,JPY,200000,RB004,1,SETTLEMENT,project-authored synthetic control record
DOC-INV-202103-REF-BF-AR-002-1-AR,INV-202103-REF-BF-AR-002-1-AR,SALES_INVOICE,売上請求,2021-03-15,2021-03-15,explicit-journal-link,C,C001,JPY,1000000,RB005,1,OPEN_ITEM,project-authored synthetic control record
DOC-INV-202103-REF-BF-AP-002-2-AP,INV-202103-REF-BF-AP-002-2-AP,PURCHASE_INVOICE,仕入請求,2021-03-20,2021-03-20,explicit-journal-link,S,V001,JPY,2423720,RB006,2,OPEN_ITEM,project-authored synthetic control record
DOC-INV-202104-900050-2-AR,INV-202104-900050-2-AR,SALES_INVOICE,売上請求,2021-04-02,2021-04-02,explicit-journal-link,C,C001,JPY,427020,1,2,OPEN_ITEM,project-authored synthetic control record
DOC-INV-202104-900001-2-AR,INV-202104-900001-2-AR,SALES_INVOICE,売上請求,2021-04-03,2021-04-03,explicit-journal-link,C,C001,JPY,355310,2,2,OPEN_ITEM,project-authored synthetic control record
DOC-INV-202104-900012-2-AR,INV-202104-900012-2-AR,SALES_INVOICE,売上請求,2021-04-03,2021-04-03,explicit-journal-link,C,C001,JPY,555650,3,2,OPEN_ITEM,project-authored synthetic control record
DOC-SET-202104-900017-2-AP,SET-202104-900017-2-AP,BANK_TRANSFER_RECEIPT,支払,2021-04-04,2021-04-04,explicit-journal-link,S,V001,JPY,336970,4,2,SETTLEMENT,project-authored synthetic control record
DOC-INV-202104-900006-1-AP,INV-202104-900006-1-AP,PURCHASE_INVOICE,仕入請求,2021-04-06,2021-04-06,explicit-journal-link,S,V001,JPY,367850,5,1,OPEN_ITEM,project-authored synthetic control record
DOC-INV-202104-900010-2-AR,INV-202104-900010-2-AR,SALES_INVOICE,売上請求,2021-04-06,2021-04-06,explicit-journal-link,C,C001,JPY,228470,6,2,OPEN_ITEM,project-authored synthetic control record
DOC-SET-202104-900027-2-AP,SET-202104-900027-2-AP,BANK_TRANSFER_RECEIPT,支払,2021-04-06,2021-04-06,explicit-journal-link,S,V001,JPY,110390,8,2,SETTLEMENT,project-authored synthetic control record
DOC-INV-202104-900056-1-AP,INV-202104-900056-1-AP,PURCHASE_INVOICE,仕入請求,2021-04-07,2021-04-07,explicit-journal-link,S,V001,JPY,222250,10,1,OPEN_ITEM,project-authored synthetic control record
DOC-INV-202104-900045-1-AP,INV-202104-900045-1-AP,PURCHASE_INVOICE,仕入請求,2021-04-07,2021-04-07,explicit-journal-link,S,V001,JPY,95580,9,1,OPEN_ITEM,project-authored synthetic control record
DOC-INV-202104-900020-2-AR,INV-202104-900020-2-AR,SALES_INVOICE,売上請求,2021-04-08,2021-04-08,explicit-journal-link,C,C001,JPY,65230,11,2,OPEN_ITEM,project-authored synthetic control record
DOC-INV-202104-900028-2-AR,INV-202104-900028-2-AR,SALES_INVOICE,売上請求,2021-04-08,2021-04-08,explicit-journal-link,C,C001,JPY,290830,12,2,OPEN_ITEM,project-authored synthetic control record
DOC-SET-202104-900004-1-AR,SET-202104-900004-1-AR,BANK_RECEIPT_NOTICE,入金,2021-04-10,2021-04-10,explicit-journal-link,C,C001,JPY,200680,14,1,SETTLEMENT,project-authored synthetic control record
DOC-INV-202104-900035-1-AP,INV-202104-900035-1-AP,PURCHASE_INVOICE,仕入請求,2021-04-11,2021-04-11,explicit-journal-link,S,V001,JPY,181350,15,1,OPEN_ITEM,project-authored synthetic control record
DOC-SET-202104-900003-1-AP,SET-202104-900003-1-AP,BANK_TRANSFER_RECEIPT,支払,2021-04-12,2021-04-12,explicit-journal-link,S,V001,JPY,298830,16,1,SETTLEMENT,project-authored synthetic control record
DOC-INV-202104-900060-2-AR,INV-202104-900060-2-AR,SALES_INVOICE,売上請求,2021-04-12,2021-04-12,explicit-journal-link,C,C001,JPY,227480,18,2,OPEN_ITEM,project-authored synthetic control record
DOC-INV-202104-900026-1-AP,INV-202104-900026-1-AP,PURCHASE_INVOICE,仕入請求,2021-04-14,2021-04-14,explicit-journal-link,S,V001,JPY,78360,19,1,OPEN_ITEM,project-authored synthetic control record
DOC-SET-202104-900044-1-AR,SET-202104-900044-1-AR,BANK_RECEIPT_NOTICE,入金,2021-04-14,2021-04-14,explicit-journal-link,C,C001,JPY,489180,20,1,SETTLEMENT,project-authored synthetic control record
DOC-INV-202104-900031-2-AR,INV-202104-900031-2-AR,SALES_INVOICE,売上請求,2021-04-15,2021-04-15,explicit-journal-link,C,C001,JPY,372520,21,2,OPEN_ITEM,project-authored synthetic control record
DOC-SET-202104-900033-1-AR,SET-202104-900033-1-AR,BANK_RECEIPT_NOTICE,入金,2021-04-15,2021-04-15,explicit-journal-link,C,C001,JPY,341050,22,1,SETTLEMENT,project-authored synthetic control record
DOC-SET-202104-900049-1-AP,SET-202104-900049-1-AP,BANK_TRANSFER_RECEIPT,支払,2021-04-15,2021-04-15,explicit-journal-link,S,V001,JPY,146320,24,1,SETTLEMENT,project-authored synthetic control record
DOC-SET-202104-900014-1-AR,SET-202104-900014-1-AR,BANK_RECEIPT_NOTICE,入金,2021-04-16,2021-04-16,explicit-journal-link,C,C001,JPY,270050,25,1,SETTLEMENT,project-authored synthetic control record
DOC-INV-202104-900034-2-AR,INV-202104-900034-2-AR,SALES_INVOICE,売上請求,2021-04-16,2021-04-16,explicit-journal-link,C,C001,JPY,280970,26,2,OPEN_ITEM,project-authored synthetic control record
DOC-SET-202104-900046-1-AR,SET-202104-900046-1-AR,BANK_RECEIPT_NOTICE,入金,2021-04-16,2021-04-16,explicit-journal-link,C,C001,JPY,254860,27,1,SETTLEMENT,project-authored synthetic control record
DOC-SET-202104-900046-3-AR,SET-202104-900046-3-AR,BANK_RECEIPT_NOTICE,入金,2021-04-16,2021-04-16,explicit-journal-link,C,C001,JPY,33980,27,3,SETTLEMENT,project-authored synthetic control record
DOC-SET-202104-900046-4-AR,SET-202104-900046-4-AR,BANK_RECEIPT_NOTICE,入金,2021-04-16,2021-04-16,explicit-journal-link,C,C001,JPY,135930,27,4,SETTLEMENT,project-authored synthetic control record
DOC-SET-202104-900007-2-AP,SET-202104-900007-2-AP,BANK_TRANSFER_RECEIPT,支払,2021-04-17,2021-04-17,explicit-journal-link,S,V001,JPY,106280,29,2,SETTLEMENT,project-authored synthetic control record
DOC-INV-202104-900051-2-AR,INV-202104-900051-2-AR,SALES_INVOICE,売上請求,2021-04-17,2021-04-17,explicit-journal-link,C,C001,JPY,496230,30,2,OPEN_ITEM,project-authored synthetic control record
DOC-SET-202104-900023-1-AR,SET-202104-900023-1-AR,BANK_RECEIPT_NOTICE,入金,2021-04-18,2021-04-18,explicit-journal-link,C,C001,JPY,323360,32,1,SETTLEMENT,project-authored synthetic control record
DOC-INV-202104-900032-2-AR,INV-202104-900032-2-AR,SALES_INVOICE,売上請求,2021-04-19,2021-04-19,explicit-journal-link,C,C001,JPY,104340,34,2,OPEN_ITEM,project-authored synthetic control record
DOC-INV-202104-900036-1-AP,INV-202104-900036-1-AP,PURCHASE_INVOICE,仕入請求,2021-04-19,2021-04-19,explicit-journal-link,S,V001,JPY,68760,35,1,OPEN_ITEM,project-authored synthetic control record
DOC-SET-202104-900055-1-AP,SET-202104-900055-1-AP,BANK_TRANSFER_RECEIPT,支払,2021-04-19,2021-04-19,explicit-journal-link,S,V001,JPY,87280,36,1,SETTLEMENT,project-authored synthetic control record
DOC-SET-202104-900015-1-AP,SET-202104-900015-1-AP,BANK_TRANSFER_RECEIPT,支払,2021-04-20,2021-04-20,explicit-journal-link,S,V001,JPY,479460,38,1,SETTLEMENT,project-authored synthetic control record
DOC-INV-202104-900016-1-AP,INV-202104-900016-1-AP,PURCHASE_INVOICE,仕入請求,2021-04-22,2021-04-22,explicit-journal-link,S,V001,JPY,241670,41,1,OPEN_ITEM,project-authored synthetic control record
DOC-SET-202104-900021-1-AP,SET-202104-900021-1-AP,BANK_TRANSFER_RECEIPT,支払,2021-04-22,2021-04-22,explicit-journal-link,S,V001,JPY,189620,42,1,SETTLEMENT,project-authored synthetic control record
DOC-INV-202104-900025-1-AP,INV-202104-900025-1-AP,PURCHASE_INVOICE,仕入請求,2021-04-22,2021-04-22,explicit-journal-link,S,V001,JPY,187410,43,1,OPEN_ITEM,project-authored synthetic control record
DOC-INV-202104-900040-2-AR,INV-202104-900040-2-AR,SALES_INVOICE,売上請求,2021-04-22,2021-04-22,explicit-journal-link,C,C001,JPY,164790,44,2,OPEN_ITEM,project-authored synthetic control record
DOC-INV-202104-900002-2-AR,INV-202104-900002-2-AR,SALES_INVOICE,売上請求,2021-04-23,2021-04-23,explicit-journal-link,C,C001,JPY,152170,45,2,OPEN_ITEM,project-authored synthetic control record
DOC-INV-202104-900041-2-AR,INV-202104-900041-2-AR,SALES_INVOICE,売上請求,2021-04-23,2021-04-23,explicit-journal-link,C,C001,JPY,97700,46,2,OPEN_ITEM,project-authored synthetic control record
DOC-SET-202104-900009-1-AP,SET-202104-900009-1-AP,BANK_TRANSFER_RECEIPT,支払,2021-04-24,2021-04-24,explicit-journal-link,S,V001,JPY,206960,48,1,SETTLEMENT,project-authored synthetic control record
DOC-INV-202104-900042-2-AR,INV-202104-900042-2-AR,SALES_INVOICE,売上請求,2021-04-25,2021-04-25,explicit-journal-link,C,C001,JPY,70700,51,2,OPEN_ITEM,project-authored synthetic control record
DOC-SET-202104-900057-2-AP,SET-202104-900057-2-AP,BANK_TRANSFER_RECEIPT,支払,2021-04-26,2021-04-26,explicit-journal-link,S,V001,JPY,122790,52,2,SETTLEMENT,project-authored synthetic control record
DOC-INV-202104-900022-2-AR,INV-202104-900022-2-AR,SALES_INVOICE,売上請求,2021-04-27,2021-04-27,explicit-journal-link,C,C001,JPY,545850,54,2,OPEN_ITEM,project-authored synthetic control record
DOC-SET-202104-900061-1-AP,SET-202104-900061-1-AP,BANK_TRANSFER_RECEIPT,支払,2021-04-27,2021-04-27,explicit-journal-link,S,V001,JPY,174850,55,1,SETTLEMENT,project-authored synthetic control record
DOC-SET-202104-900053-1-AR,SET-202104-900053-1-AR,BANK_RECEIPT_NOTICE,入金,2021-04-28,2021-04-28,explicit-journal-link,C,C001,JPY,326610,56,1,SETTLEMENT,project-authored synthetic control record
DOC-SET-202104-900013-1-AR,SET-202104-900013-1-AR,BANK_RECEIPT_NOTICE,入金,2021-04-29,2021-04-29,explicit-journal-link,C,C001,JPY,151030,57,1,SETTLEMENT,project-authored synthetic control record
DOC-SET-202104-900047-2-AP,SET-202104-900047-2-AP,BANK_TRANSFER_RECEIPT,支払,2021-04-29,2021-04-29,explicit-journal-link,S,V001,JPY,338130,59,2,SETTLEMENT,project-authored synthetic control record
DOC-SET-202104-900054-1-AR,SET-202104-900054-1-AR,BANK_RECEIPT_NOTICE,入金,2021-04-30,2021-04-30,explicit-journal-link,C,C001,JPY,163850,61,1,SETTLEMENT,project-authored synthetic control record
DOC-INV-202104-900062-2-AR,INV-202104-900062-2-AR,SALES_INVOICE,売上請求,2021-04-30,2021-04-30,explicit-journal-link,C,C001,JPY,525670,62,2,OPEN_ITEM,project-authored synthetic control record
DOC-INV-202105-900121-2-AR,INV-202105-900121-2-AR,SALES_INVOICE,売上請求,2021-05-01,2021-05-01,explicit-journal-link,C,C001,JPY,440700,2,2,OPEN_ITEM,project-authored synthetic control record
DOC-INV-202105-900086-2-AR,INV-202105-900086-2-AR,SALES_INVOICE,売上請求,2021-05-04,2021-05-04,explicit-journal-link,C,C001,JPY,535390,6,2,OPEN_ITEM,project-authored synthetic control record
DOC-INV-202105-900101-2-AR,INV-202105-900101-2-AR,SALES_INVOICE,売上請求,2021-05-04,2021-05-04,explicit-journal-link,C,C001,JPY,266140,9,2,OPEN_ITEM,project-authored synthetic control record
DOC-SET-202105-900094-1-AR,SET-202105-900094-1-AR,BANK_RECEIPT_NOTICE,入金,2021-05-05,2021-05-05,explicit-journal-link,C,C001,JPY,467140,10,1,SETTLEMENT,project-authored synthetic control record
DOC-INV-202105-900091-2-AR,INV-202105-900091-2-AR,SALES_INVOICE,売上請求,2021-05-06,2021-05-06,explicit-journal-link,C,C001,JPY,124120,11,2,OPEN_ITEM,project-authored synthetic control record
DOC-INV-202105-900095-1-AP,INV-202105-900095-1-AP,PURCHASE_INVOICE,仕入請求,2021-05-07,2021-05-07,explicit-journal-link,S,V001,JPY,350590,12,1,OPEN_ITEM,project-authored synthetic control record
DOC-INV-202105-900100-2-AR,INV-202105-900100-2-AR,SALES_INVOICE,売上請求,2021-05-07,2021-05-07,explicit-journal-link,C,C001,JPY,536790,13,2,OPEN_ITEM,project-authored synthetic control record
DOC-INV-202105-900092-2-AR,INV-202105-900092-2-AR,SALES_INVOICE,売上請求,2021-05-08,2021-05-08,explicit-journal-link,C,C001,JPY,569760,14,2,OPEN_ITEM,project-authored synthetic control record
DOC-INV-202105-900111-2-AR,INV-202105-900111-2-AR,SALES_INVOICE,売上請求,2021-05-08,2021-05-08,explicit-journal-link,C,C001,JPY,311690,15,2,OPEN_ITEM,project-authored synthetic control record
DOC-INV-202105-900066-1-AP,INV-202105-900066-1-AP,PURCHASE_INVOICE,仕入請求,2021-05-09,2021-05-09,explicit-journal-link,S,V001,JPY,51360,16,1,OPEN_ITEM,project-authored synthetic control record
DOC-INV-202105-900068-2-AR,INV-202105-900068-2-AR,SALES_INVOICE,売上請求,2021-05-09,2021-05-09,explicit-journal-link,C,C001,JPY,91250,17,2,OPEN_ITEM,project-authored synthetic control record
DOC-INV-202105-900075-1-AP,INV-202105-900075-1-AP,PURCHASE_INVOICE,仕入請求,2021-05-09,2021-05-09,explicit-journal-link,S,V001,JPY,379290,18,1,OPEN_ITEM,project-authored synthetic control record
DOC-INV-202105-900082-2-AR,INV-202105-900082-2-AR,SALES_INVOICE,売上請求,2021-05-09,2021-05-09,explicit-journal-link,C,C001,JPY,355510,19,2,OPEN_ITEM,project-authored synthetic control record
DOC-SET-202105-900099-1-AP,SET-202105-900099-1-AP,BANK_TRANSFER_RECEIPT,支払,2021-05-09,2021-05-09,explicit-journal-link,S,V001,JPY,176880,20,1,SETTLEMENT,project-authored synthetic control record
DOC-INV-202105-900076-1-AP,INV-202105-900076-1-AP,PURCHASE_INVOICE,仕入請求,2021-05-10,2021-05-10,explicit-journal-link,S,V001,JPY,161300,21,1,OPEN_ITEM,project-authored synthetic control record
DOC-SET-202105-900077-2-AP,SET-202105-900077-2-AP,BANK_TRANSFER_RECEIPT,支払,2021-05-10,2021-05-10,explicit-journal-link,S,V001,JPY,147100,22,2,SETTLEMENT,project-authored synthetic control record
DOC-INV-202105-900106-1-AP,INV-202105-900106-1-AP,PURCHASE_INVOICE,仕入請求,2021-05-10,2021-05-10,explicit-journal-link,S,V001,JPY,182290,23,1,OPEN_ITEM,project-authored synthetic control record
DOC-INV-202105-900074-2-AR,INV-202105-900074-2-AR,SALES_INVOICE,売上請求,2021-05-12,2021-05-12,explicit-journal-link,C,C001,JPY,71780,25,2,OPEN_ITEM,project-authored synthetic control record
DOC-INV-202105-900096-1-AP,INV-202105-900096-1-AP,PURCHASE_INVOICE,仕入請求,2021-05-13,2021-05-13,explicit-journal-link,S,V001,JPY,183300,27,1,OPEN_ITEM,project-authored synthetic control record
DOC-SET-202105-900073-1-AR,SET-202105-900073-1-AR,BANK_RECEIPT_NOTICE,入金,2021-05-14,2021-05-14,explicit-journal-link,C,C001,JPY,289520,28,1,SETTLEMENT,project-authored synthetic control record
DOC-SET-202105-900067-2-AP,SET-202105-900067-2-AP,BANK_TRANSFER_RECEIPT,支払,2021-05-15,2021-05-15,explicit-journal-link,S,V001,JPY,134370,29,2,SETTLEMENT,project-authored synthetic control record
DOC-SET-202105-900117-2-AP,SET-202105-900117-2-AP,BANK_TRANSFER_RECEIPT,支払,2021-05-15,2021-05-15,explicit-journal-link,S,V001,JPY,103780,31,2,SETTLEMENT,project-authored synthetic control record
DOC-INV-202105-900080-2-AR,INV-202105-900080-2-AR,SALES_INVOICE,売上請求,2021-05-16,2021-05-16,explicit-journal-link,C,C001,JPY,324430,32,2,OPEN_ITEM,project-authored synthetic control record
DOC-INV-202105-900116-2-AR,INV-202105-900116-2-AR,SALES_INVOICE,売上請求,2021-05-16,2021-05-16,explicit-journal-link,C,C001,JPY,181470,33,2,OPEN_ITEM,project-authored synthetic control record
DOC-INV-202105-900122-2-AR,INV-202105-900122-2-AR,SALES_INVOICE,売上請求,2021-05-16,2021-05-16,explicit-journal-link,C,C001,JPY,114980,34,2,OPEN_ITEM,project-authored synthetic control record
DOC-INV-202105-900081-2-AR,INV-202105-900081-2-AR,SALES_INVOICE,売上請求,2021-05-17,2021-05-17,explicit-journal-link,C,C001,JPY,267410,35,2,OPEN_ITEM,project-authored synthetic control record
DOC-SET-202105-900113-1-AR,SET-202105-900113-1-AR,BANK_RECEIPT_NOTICE,入金,2021-05-18,2021-05-18,explicit-journal-link,C,C001,JPY,343570,37,1,SETTLEMENT,project-authored synthetic control record
DOC-INV-202105-900085-1-AP,INV-202105-900085-1-AP,PURCHASE_INVOICE,仕入請求,2021-05-20,2021-05-20,explicit-journal-link,S,V001,JPY,209540,39,1,OPEN_ITEM,project-authored synthetic control record
DOC-SET-202105-900087-2-AP,SET-202105-900087-2-AP,BANK_TRANSFER_RECEIPT,支払,2021-05-21,2021-05-21,explicit-journal-link,S,V001,JPY,25360,40,2,SETTLEMENT,project-authored synthetic control record
DOC-SET-202105-900064-1-AR,SET-202105-900064-1-AR,BANK_RECEIPT_NOTICE,入金,2021-05-22,2021-05-22,explicit-journal-link,C,C001,JPY,497600,41,1,SETTLEMENT,project-authored synthetic control record
DOC-SET-202105-900104-1-AR,SET-202105-900104-1-AR,BANK_RECEIPT_NOTICE,入金,2021-05-22,2021-05-22,explicit-journal-link,C,C001,JPY,106650,43,1,SETTLEMENT,project-authored synthetic control record
DOC-SET-202105-900083-1-AR,SET-202105-900083-1-AR,BANK_RECEIPT_NOTICE,入金,2021-05-23,2021-05-23,explicit-journal-link,C,C001,JPY,192450,45,1,SETTLEMENT,project-authored synthetic control record
DOC-SET-202105-900107-2-AP,SET-202105-900107-2-AP,BANK_TRANSFER_RECEIPT,支払,2021-05-23,2021-05-23,explicit-journal-link,S,V001,JPY,182360,46,2,SETTLEMENT,project-authored synthetic control record
DOC-SET-202105-900063-1-AR,SET-202105-900063-1-AR,BANK_RECEIPT_NOTICE,入金,2021-05-24,2021-05-24,explicit-journal-link,C,C001,JPY,348220,47,1,SETTLEMENT,project-authored synthetic control record
DOC-SET-202105-900114-1-AR,SET-202105-900114-1-AR,BANK_RECEIPT_NOTICE,入金,2021-05-24,2021-05-24,explicit-journal-link,C,C001,JPY,254150,48,1,SETTLEMENT,project-authored synthetic control record
DOC-SET-202105-900109-1-AP,SET-202105-900109-1-AP,BANK_TRANSFER_RECEIPT,支払,2021-05-25,2021-05-25,explicit-journal-link,S,V001,JPY,120280,49,1,SETTLEMENT,project-authored synthetic control record
DOC-INV-202105-900070-2-AR,INV-202105-900070-2-AR,SALES_INVOICE,売上請求,2021-05-26,2021-05-26,explicit-journal-link,C,C001,JPY,237630,50,2,OPEN_ITEM,project-authored synthetic control record
DOC-INV-202105-900102-2-AR,INV-202105-900102-2-AR,SALES_INVOICE,売上請求,2021-05-26,2021-05-26,explicit-journal-link,C,C001,JPY,482460,51,2,OPEN_ITEM,project-authored synthetic control record
DOC-SET-202105-900103-1-AP,SET-202105-900103-1-AP,BANK_TRANSFER_RECEIPT,支払,2021-05-26,2021-05-26,explicit-journal-link,S,V001,JPY,347920,52,1,SETTLEMENT,project-authored synthetic control record
DOC-INV-202105-900072-2-AR,INV-202105-900072-2-AR,SALES_INVOICE,売上請求,2021-05-27,2021-05-27,explicit-journal-link,C,C001,JPY,396750,53,2,OPEN_ITEM,project-authored synthetic control record
DOC-INV-202105-900120-2-AR,INV-202105-900120-2-AR,SALES_INVOICE,売上請求,2021-05-27,2021-05-27,explicit-journal-link,C,C001,JPY,97300,55,2,OPEN_ITEM,project-authored synthetic control record
DOC-INV-202105-900110-2-AR,INV-202105-900110-2-AR,SALES_INVOICE,売上請求,2021-05-28,2021-05-28,explicit-journal-link,C,C001,JPY,240910,56,2,OPEN_ITEM,project-authored synthetic control record
DOC-SET-202105-900093-1-AP,SET-202105-900093-1-AP,BANK_TRANSFER_RECEIPT,支払,2021-05-29,2021-05-29,explicit-journal-link,S,V001,JPY,135240,58,1,SETTLEMENT,project-authored synthetic control record
DOC-INV-202105-900115-1-AP,INV-202105-900115-1-AP,PURCHASE_INVOICE,仕入請求,2021-05-31,2021-05-31,explicit-journal-link,S,V001,JPY,36650,60,1,OPEN_ITEM,project-authored synthetic control record
DOC-SET-202106-900143-1-AR,SET-202106-900143-1-AR,BANK_RECEIPT_NOTICE,入金,2021-06-01,2021-06-01,explicit-journal-link,C,C001,JPY,163200,1,1,SETTLEMENT,project-authored synthetic control record
DOC-INV-202106-900170-2-AR,INV-202106-900170-2-AR,SALES_INVOICE,売上請求,2021-06-01,2021-06-01,explicit-journal-link,C,C001,JPY,431450,3,2,OPEN_ITEM,project-authored synthetic control record
DOC-SET-202106-900124-1-AR,SET-202106-900124-1-AR,BANK_RECEIPT_NOTICE,入金,2021-06-02,2021-06-02,explicit-journal-link,C,C001,JPY,100030,4,1,SETTLEMENT,project-authored synthetic control record
DOC-SET-202106-900133-1-AR,SET-202106-900133-1-AR,BANK_RECEIPT_NOTICE,入金,2021-06-02,2021-06-02,explicit-journal-link,C,C001,JPY,211410,5,1,SETTLEMENT,project-authored synthetic control record
DOC-SET-202106-900167-2-AP,SET-202106-900167-2-AP,BANK_TRANSFER_RECEIPT,支払,2021-06-02,2021-06-02,explicit-journal-link,S,V001,JPY,98770,6,2,SETTLEMENT,project-authored synthetic control record
DOC-SET-202106-900169-1-AR,SET-202106-900169-1-AR,BANK_RECEIPT_NOTICE,入金,2021-06-02,2021-06-02,explicit-journal-link,C,C001,JPY,153850,7,1,SETTLEMENT,project-authored synthetic control record
DOC-SET-202106-900169-3-AR,SET-202106-900169-3-AR,BANK_RECEIPT_NOTICE,入金,2021-06-02,2021-06-02,explicit-journal-link,C,C001,JPY,12300,7,3,SETTLEMENT,project-authored synthetic control record
DOC-SET-202106-900169-4-AR,SET-202106-900169-4-AR,BANK_RECEIPT_NOTICE,入金,2021-06-02,2021-06-02,explicit-journal-link,C,C001,JPY,141550,7,4,SETTLEMENT,project-authored synthetic control record
DOC-SET-202106-900154-1-AR,SET-202106-900154-1-AR,BANK_RECEIPT_NOTICE,入金,2021-06-03,2021-06-03,explicit-journal-link,C,C001,JPY,126120,8,1,SETTLEMENT,project-authored synthetic control record
DOC-INV-202106-900128-2-AR,INV-202106-900128-2-AR,SALES_INVOICE,売上請求,2021-06-04,2021-06-04,explicit-journal-link,C,C001,JPY,131050,9,2,OPEN_ITEM,project-authored synthetic control record
DOC-INV-202106-900146-1-AP,INV-202106-900146-1-AP,PURCHASE_INVOICE,仕入請求,2021-06-05,2021-06-05,explicit-journal-link,S,V001,JPY,321220,10,1,OPEN_ITEM,project-authored synthetic control record
DOC-INV-202106-900155-1-AP,INV-202106-900155-1-AP,PURCHASE_INVOICE,仕入請求,2021-06-06,2021-06-06,explicit-journal-link,S,V001,JPY,308680,13,1,OPEN_ITEM,project-authored synthetic control record
DOC-INV-202106-900140-2-AR,INV-202106-900140-2-AR,SALES_INVOICE,売上請求,2021-06-07,2021-06-07,explicit-journal-link,C,C001,JPY,470070,14,2,OPEN_ITEM,project-authored synthetic control record
DOC-SET-202106-900173-1-AR,SET-202106-900173-1-AR,BANK_RECEIPT_NOTICE,入金,2021-06-07,2021-06-07,explicit-journal-link,C,C001,JPY,70630,15,1,SETTLEMENT,project-authored synthetic control record
DOC-INV-202106-900145-1-AP,INV-202106-900145-1-AP,PURCHASE_INVOICE,仕入請求,2021-06-08,2021-06-08,explicit-journal-link,S,V001,JPY,295460,16,1,OPEN_ITEM,project-authored synthetic control record
DOC-INV-202106-900174-2-AR,INV-202106-900174-2-AR,SALES_INVOICE,売上請求,2021-06-08,2021-06-08,explicit-journal-link,C,C001,JPY,169640,17,2,OPEN_ITEM,project-authored synthetic control record
DOC-INV-202106-900132-2-AR,INV-202106-900132-2-AR,SALES_INVOICE,売上請求,2021-06-09,2021-06-09,explicit-journal-link,C,C001,JPY,593870,18,2,OPEN_ITEM,project-authored synthetic control record
DOC-SET-202106-900153-1-AP,SET-202106-900153-1-AP,BANK_TRANSFER_RECEIPT,支払,2021-06-09,2021-06-09,explicit-journal-link,S,V001,JPY,156360,19,1,SETTLEMENT,project-authored synthetic control record
DOC-SET-202106-900141-1-AP,SET-202106-900141-1-AP,BANK_TRANSFER_RECEIPT,支払,2021-06-10,2021-06-10,explicit-journal-link,S,V001,JPY,163090,21,1,SETTLEMENT,project-authored synthetic control record
DOC-INV-202106-900162-2-AR,INV-202106-900162-2-AR,SALES_INVOICE,売上請求,2021-06-10,2021-06-10,explicit-journal-link,C,C001,JPY,412360,23,2,OPEN_ITEM,project-authored synthetic control record
DOC-INV-202106-900136-1-AP,INV-202106-900136-1-AP,PURCHASE_INVOICE,仕入請求,2021-06-11,2021-06-11,explicit-journal-link,S,V001,JPY,311910,25,1,OPEN_ITEM,project-authored synthetic control record
DOC-SET-202106-900164-1-AR,SET-202106-900164-1-AR,BANK_RECEIPT_NOTICE,入金,2021-06-11,2021-06-11,explicit-journal-link,C,C001,JPY,172860,26,1,SETTLEMENT,project-authored synthetic control record
DOC-INV-202106-900130-2-AR,INV-202106-900130-2-AR,SALES_INVOICE,売上請求,2021-06-12,2021-06-12,explicit-journal-link,C,C001,JPY,196610,27,2,OPEN_ITEM,project-authored synthetic control record
DOC-SET-202106-900123-1-AR,SET-202106-900123-1-AR,BANK_RECEIPT_NOTICE,入金,2021-06-13,2021-06-13,explicit-journal-link,C,C001,JPY,276130,30,1,SETTLEMENT,project-authored synthetic control record
DOC-INV-202106-900176-1-AP,INV-202106-900176-1-AP,PURCHASE_INVOICE,仕入請求,2021-06-14,2021-06-14,explicit-journal-link,S,V001,JPY,78180,32,1,OPEN_ITEM,project-authored synthetic control record
DOC-INV-202106-900126-1-AP,INV-202106-900126-1-AP,PURCHASE_INVOICE,仕入請求,2021-06-15,2021-06-15,explicit-journal-link,S,V001,JPY,99670,34,1,OPEN_ITEM,project-authored synthetic control record
DOC-INV-202106-900160-2-AR,INV-202106-900160-2-AR,SALES_INVOICE,売上請求,2021-06-17,2021-06-17,explicit-journal-link,C,C001,JPY,172330,35,2,OPEN_ITEM,project-authored synthetic control record
DOC-SET-202106-900134-1-AR,SET-202106-900134-1-AR,BANK_RECEIPT_NOTICE,入金,2021-06-19,2021-06-19,explicit-journal-link,C,C001,JPY,145720,36,1,SETTLEMENT,project-authored synthetic control record
DOC-SET-202106-900147-1-AP,SET-202106-900147-1-AP,BANK_TRANSFER_RECEIPT,支払,2021-06-19,2021-06-19,explicit-journal-link,S,V001,JPY,219780,37,1,SETTLEMENT,project-authored synthetic control record
DOC-INV-202106-900175-1-AP,INV-202106-900175-1-AP,PURCHASE_INVOICE,仕入請求,2021-06-19,2021-06-19,explicit-journal-link,S,V001,JPY,123750,38,1,OPEN_ITEM,project-authored synthetic control record
DOC-SET-202106-900135-1-AP,SET-202106-900135-1-AP,BANK_TRANSFER_RECEIPT,支払,2021-06-22,2021-06-22,explicit-journal-link,S,V001,JPY,406490,40,1,SETTLEMENT,project-authored synthetic control record
DOC-SET-202106-900177-2-AP,SET-202106-900177-2-AP,BANK_TRANSFER_RECEIPT,支払,2021-06-23,2021-06-23,explicit-journal-link,S,V001,JPY,211780,42,2,SETTLEMENT,project-authored synthetic control record
DOC-INV-202106-900152-2-AR,INV-202106-900152-2-AR,SALES_INVOICE,売上請求,2021-06-25,2021-06-25,explicit-journal-link,C,C001,JPY,503860,44,2,OPEN_ITEM,project-authored synthetic control record
DOC-INV-202106-900156-1-AP,INV-202106-900156-1-AP,PURCHASE_INVOICE,仕入請求,2021-06-25,2021-06-25,explicit-journal-link,S,V001,JPY,207690,45,1,OPEN_ITEM,project-authored synthetic control record
DOC-INV-202106-900161-2-AR,INV-202106-900161-2-AR,SALES_INVOICE,売上請求,2021-06-25,2021-06-25,explicit-journal-link,C,C001,JPY,98340,47,2,OPEN_ITEM,project-authored synthetic control record
DOC-INV-202106-900151-2-AR,INV-202106-900151-2-AR,SALES_INVOICE,売上請求,2021-06-26,2021-06-26,explicit-journal-link,C,C001,JPY,102260,48,2,OPEN_ITEM,project-authored synthetic control record
DOC-INV-202106-900166-2-AR,INV-202106-900166-2-AR,SALES_INVOICE,売上請求,2021-06-26,2021-06-26,explicit-journal-link,C,C001,JPY,175070,49,2,OPEN_ITEM,project-authored synthetic control record
DOC-INV-202106-900171-2-AR,INV-202106-900171-2-AR,SALES_INVOICE,売上請求,2021-06-27,2021-06-27,explicit-journal-link,C,C001,JPY,168530,50,2,OPEN_ITEM,project-authored synthetic control record
DOC-SET-202106-900127-2-AP,SET-202106-900127-2-AP,BANK_TRANSFER_RECEIPT,支払,2021-06-30,2021-06-30,explicit-journal-link,S,V001,JPY,357230,53,2,SETTLEMENT,project-authored synthetic control record
DOC-INV-202106-900142-2-AR,INV-202106-900142-2-AR,SALES_INVOICE,売上請求,2021-06-30,2021-06-30,explicit-journal-link,C,C001,JPY,399260,54,2,OPEN_ITEM,project-authored synthetic control record
DOC-INV-202106-900165-1-AP,INV-202106-900165-1-AP,PURCHASE_INVOICE,仕入請求,2021-06-30,2021-06-30,explicit-journal-link,S,V001,JPY,129600,55,1,OPEN_ITEM,project-authored synthetic control record
DOC-INV-202107-900190-2-AR,INV-202107-900190-2-AR,SALES_INVOICE,売上請求,2021-07-01,2021-07-01,explicit-journal-link,C,C001,JPY,322010,2,2,OPEN_ITEM,project-authored synthetic control record
DOC-INV-202107-900211-2-AR,INV-202107-900211-2-AR,SALES_INVOICE,売上請求,2021-07-03,2021-07-03,explicit-journal-link,C,C001,JPY,417160,3,2,OPEN_ITEM,project-authored synthetic control record
DOC-INV-202107-900226-1-AP,INV-202107-900226-1-AP,PURCHASE_INVOICE,仕入請求,2021-07-03,2021-07-03,explicit-journal-link,S,V001,JPY,84120,4,1,OPEN_ITEM,project-authored synthetic control record
DOC-SET-202107-900235-1-AP,SET-202107-900235-1-AP,BANK_TRANSFER_RECEIPT,支払,2021-07-04,2021-07-04,explicit-journal-link,S,V001,JPY,135020,5,1,SETTLEMENT,project-authored synthetic control record
DOC-SET-202107-900194-1-AR,SET-202107-900194-1-AR,BANK_RECEIPT_NOTICE,入金,2021-07-06,2021-07-06,explicit-journal-link,C,C001,JPY,426780,8,1,SETTLEMENT,project-authored synthetic control record
DOC-INV-202107-900201-2-AR,INV-202107-900201-2-AR,SALES_INVOICE,売上請求,2021-07-06,2021-07-06,explicit-journal-link,C,C001,JPY,452220,9,2,OPEN_ITEM,project-authored synthetic control record
DOC-INV-202107-900231-2-AR,INV-202107-900231-2-AR,SALES_INVOICE,売上請求,2021-07-10,2021-07-10,explicit-journal-link,C,C001,JPY,292430,11,2,OPEN_ITEM,project-authored synthetic control record
DOC-SET-202107-900199-1-AP,SET-202107-900199-1-AP,BANK_TRANSFER_RECEIPT,支払,2021-07-11,2021-07-11,explicit-journal-link,S,V001,JPY,72970,12,1,SETTLEMENT,project-authored synthetic control record
DOC-SET-202107-900181-1-AP,SET-202107-900181-1-AP,BANK_TRANSFER_RECEIPT,支払,2021-07-12,2021-07-12,explicit-journal-link,S,V001,JPY,248190,13,1,SETTLEMENT,project-authored synthetic control record
DOC-INV-202107-900192-2-AR,INV-202107-900192-2-AR,SALES_INVOICE,売上請求,2021-07-12,2021-07-12,explicit-journal-link,C,C001,JPY,264960,14,2,OPEN_ITEM,project-authored synthetic control record
DOC-INV-202107-900186-1-AP,INV-202107-900186-1-AP,PURCHASE_INVOICE,仕入請求,2021-07-13,2021-07-13,explicit-journal-link,S,V001,JPY,272140,15,1,OPEN_ITEM,project-authored synthetic control record
DOC-SET-202107-900234-1-AR,SET-202107-900234-1-AR,BANK_RECEIPT_NOTICE,入金,2021-07-13,2021-07-13,explicit-journal-link,C,C001,JPY,398450,17,1,SETTLEMENT,project-authored synthetic control record
DOC-INV-202107-900221-2-AR,INV-202107-900221-2-AR,SALES_INVOICE,売上請求,2021-07-14,2021-07-14,explicit-journal-link,C,C001,JPY,383150,19,2,OPEN_ITEM,project-authored synthetic control record
DOC-INV-202107-900195-1-AP,INV-202107-900195-1-AP,PURCHASE_INVOICE,仕入請求,2021-07-15,2021-07-15,explicit-journal-link,S,V001,JPY,106450,20,1,OPEN_ITEM,project-authored synthetic control record
DOC-INV-202107-900200-2-AR,INV-202107-900200-2-AR,SALES_INVOICE,売上請求,2021-07-15,2021-07-15,explicit-journal-link,C,C001,JPY,269950,21,2,OPEN_ITEM,project-authored synthetic control record
DOC-INV-202107-900204-2-AR,INV-202107-900204-2-AR,SALES_INVOICE,売上請求,2021-07-16,2021-07-16,explicit-journal-link,C,C001,JPY,56250,22,2,OPEN_ITEM,project-authored synthetic control record
DOC-INV-202107-900182-2-AR,INV-202107-900182-2-AR,SALES_INVOICE,売上請求,2021-07-17,2021-07-17,explicit-journal-link,C,C001,JPY,303390,24,2,OPEN_ITEM,project-authored synthetic control record
DOC-INV-202107-900215-1-AP,INV-202107-900215-1-AP,PURCHASE_INVOICE,仕入請求,2021-07-17,2021-07-17,explicit-journal-link,S,V001,JPY,289860,25,1,OPEN_ITEM,project-authored synthetic control record
DOC-SET-202107-900233-1-AR,SET-202107-900233-1-AR,BANK_RECEIPT_NOTICE,入金,2021-07-17,2021-07-17,explicit-journal-link,C,C001,JPY,368740,26,1,SETTLEMENT,project-authored synthetic control record
DOC-INV-202107-900180-2-AR,INV-202107-900180-2-AR,SALES_INVOICE,売上請求,2021-07-18,2021-07-18,explicit-journal-link,C,C001,JPY,399270,27,2,OPEN_ITEM,project-authored synthetic control record
DOC-SET-202107-900193-1-AP,SET-202107-900193-1-AP,BANK_TRANSFER_RECEIPT,支払,2021-07-18,2021-07-18,explicit-journal-link,S,V001,JPY,228590,28,1,SETTLEMENT,project-authored synthetic control record
DOC-INV-202107-900210-2-AR,INV-202107-900210-2-AR,SALES_INVOICE,売上請求,2021-07-19,2021-07-19,explicit-journal-link,C,C001,JPY,240630,32,2,OPEN_ITEM,project-authored synthetic control record
DOC-INV-202107-900196-1-AP,INV-202107-900196-1-AP,PURCHASE_INVOICE,仕入請求,2021-07-20,2021-07-20,explicit-journal-link,S,V001,JPY,263010,33,1,OPEN_ITEM,project-authored synthetic control record
DOC-SET-202107-900213-1-AR,SET-202107-900213-1-AR,BANK_RECEIPT_NOTICE,入金,2021-07-20,2021-07-20,explicit-journal-link,C,C001,JPY,170730,35,1,SETTLEMENT,project-authored synthetic control record
DOC-SET-202107-900224-1-AR,SET-202107-900224-1-AR,BANK_RECEIPT_NOTICE,入金,2021-07-20,2021-07-20,explicit-journal-link,C,C001,JPY,316120,36,1,SETTLEMENT,project-authored synthetic control record
DOC-INV-202107-900236-1-AP,INV-202107-900236-1-AP,PURCHASE_INVOICE,仕入請求,2021-07-20,2021-07-20,explicit-journal-link,S,V001,JPY,58120,37,1,OPEN_ITEM,project-authored synthetic control record
DOC-SET-202107-900237-2-AP,SET-202107-900237-2-AP,BANK_TRANSFER_RECEIPT,支払,2021-07-23,2021-07-23,explicit-journal-link,S,V001,JPY,84300,38,2,SETTLEMENT,project-authored synthetic control record
DOC-SET-202107-900183-1-AR,SET-202107-900183-1-AR,BANK_RECEIPT_NOTICE,入金,2021-07-24,2021-07-24,explicit-journal-link,C,C001,JPY,405780,39,1,SETTLEMENT,project-authored synthetic control record
DOC-SET-202107-900187-1-AP,SET-202107-900187-1-AP,BANK_TRANSFER_RECEIPT,支払,2021-07-24,2021-07-24,explicit-journal-link,S,V001,JPY,92020,40,1,SETTLEMENT,project-authored synthetic control record
DOC-SET-202107-900223-1-AP,SET-202107-900223-1-AP,BANK_TRANSFER_RECEIPT,支払,2021-07-24,2021-07-24,explicit-journal-link,S,V001,JPY,243940,41,1,SETTLEMENT,project-authored synthetic control record
DOC-SET-202107-900214-1-AR,SET-202107-900214-1-AR,BANK_RECEIPT_NOTICE,入金,2021-07-25,2021-07-25,explicit-journal-link,C,C001,JPY,214710,43,1,SETTLEMENT,project-authored synthetic control record
DOC-SET-202107-900203-1-AR,SET-202107-900203-1-AR,BANK_RECEIPT_NOTICE,入金,2021-07-26,2021-07-26,explicit-journal-link,C,C001,JPY,411010,44,1,SETTLEMENT,project-authored synthetic control record
DOC-INV-202107-900230-2-AR,INV-202107-900230-2-AR,SALES_INVOICE,売上請求,2021-07-26,2021-07-26,explicit-journal-link,C,C001,JPY,233380,45,2,OPEN_ITEM,project-authored synthetic control record
DOC-INV-202107-900216-2-AR,INV-202107-900216-2-AR,SALES_INVOICE,売上請求,2021-07-28,2021-07-28,explicit-journal-link,C,C001,JPY,420010,47,2,OPEN_ITEM,project-authored synthetic control record
DOC-INV-202107-900220-2-AR,INV-202107-900220-2-AR,SALES_INVOICE,売上請求,2021-07-28,2021-07-28,explicit-journal-link,C,C001,JPY,458600,48,2,OPEN_ITEM,project-authored synthetic control record
DOC-INV-202107-900222-2-AR,INV-202107-900222-2-AR,SALES_INVOICE,売上請求,2021-07-28,2021-07-28,explicit-journal-link,C,C001,JPY,597180,49,2,OPEN_ITEM,project-authored synthetic control record
DOC-SET-202107-900227-2-AP,SET-202107-900227-2-AP,BANK_TRANSFER_RECEIPT,支払,2021-07-28,2021-07-28,explicit-journal-link,S,V001,JPY,336990,50,2,SETTLEMENT,project-authored synthetic control record
DOC-INV-202107-900202-2-AR,INV-202107-900202-2-AR,SALES_INVOICE,売上請求,2021-07-29,2021-07-29,explicit-journal-link,C,C001,JPY,317450,51,2,OPEN_ITEM,project-authored synthetic control record
DOC-INV-202107-900205-1-AP,INV-202107-900205-1-AP,PURCHASE_INVOICE,仕入請求,2021-07-29,2021-07-29,explicit-journal-link,S,V001,JPY,62220,52,1,OPEN_ITEM,project-authored synthetic control record
DOC-SET-202107-900207-2-AP,SET-202107-900207-2-AP,BANK_TRANSFER_RECEIPT,支払,2021-07-29,2021-07-29,explicit-journal-link,S,V001,JPY,142340,53,2,SETTLEMENT,project-authored synthetic control record
DOC-INV-202107-900185-1-AP,INV-202107-900185-1-AP,PURCHASE_INVOICE,仕入請求,2021-07-31,2021-07-31,explicit-journal-link,S,V001,JPY,252490,56,1,OPEN_ITEM,project-authored synthetic control record
DOC-SET-202107-900217-2-AP,SET-202107-900217-2-AP,BANK_TRANSFER_RECEIPT,支払,2021-07-31,2021-07-31,explicit-journal-link,S,V001,JPY,99660,58,2,SETTLEMENT,project-authored synthetic control record
DOC-SET-202107-900229-1-AP,SET-202107-900229-1-AP,BANK_TRANSFER_RECEIPT,支払,2021-07-31,2021-07-31,explicit-journal-link,S,V001,JPY,469810,59,1,SETTLEMENT,project-authored synthetic control record
DOC-SET-202108-900274-1-AR,SET-202108-900274-1-AR,BANK_RECEIPT_NOTICE,入金,2021-08-01,2021-08-01,explicit-journal-link,C,C001,JPY,417370,1,1,SETTLEMENT,project-authored synthetic control record
DOC-SET-202108-900241-1-AP,SET-202108-900241-1-AP,BANK_TRANSFER_RECEIPT,支払,2021-08-02,2021-08-02,explicit-journal-link,S,V001,JPY,90560,2,1,SETTLEMENT,project-authored synthetic control record
DOC-INV-202108-900250-2-AR,INV-202108-900250-2-AR,SALES_INVOICE,売上請求,2021-08-02,2021-08-02,explicit-journal-link,C,C001,JPY,366950,3,2,OPEN_ITEM,project-authored synthetic control record
DOC-INV-202108-900252-2-AR,INV-202108-900252-2-AR,SALES_INVOICE,売上請求,2021-08-02,2021-08-02,explicit-journal-link,C,C001,JPY,583320,4,2,OPEN_ITEM,project-authored synthetic control record
DOC-INV-202108-900240-2-AR,INV-202108-900240-2-AR,SALES_INVOICE,売上請求,2021-08-04,2021-08-04,explicit-journal-link,C,C001,JPY,378250,6,2,OPEN_ITEM,project-authored synthetic control record
DOC-SET-202108-900277-2-AP,SET-202108-900277-2-AP,BANK_TRANSFER_RECEIPT,支払,2021-08-04,2021-08-04,explicit-journal-link,S,V001,JPY,34910,9,2,SETTLEMENT,project-authored synthetic control record
DOC-SET-202108-900273-1-AP,SET-202108-900273-1-AP,BANK_TRANSFER_RECEIPT,支払,2021-08-05,2021-08-05,explicit-journal-link,S,V001,JPY,184040,10,1,SETTLEMENT,project-authored synthetic control record
DOC-INV-202108-900255-1-AP,INV-202108-900255-1-AP,PURCHASE_INVOICE,仕入請求,2021-08-06,2021-08-06,explicit-journal-link,S,V001,JPY,149650,11,1,OPEN_ITEM,project-authored synthetic control record
DOC-INV-202108-900245-1-AP,INV-202108-900245-1-AP,PURCHASE_INVOICE,仕入請求,2021-08-08,2021-08-08,explicit-journal-link,S,V001,JPY,189000,14,1,OPEN_ITEM,project-authored synthetic control record
DOC-INV-202108-900280-2-AR,INV-202108-900280-2-AR,SALES_INVOICE,売上請求,2021-08-09,2021-08-09,explicit-journal-link,C,C001,JPY,532330,16,2,OPEN_ITEM,project-authored synthetic control record
DOC-INV-202108-900292-2-AR,INV-202108-900292-2-AR,SALES_INVOICE,売上請求,2021-08-11,2021-08-11,explicit-journal-link,C,C001,JPY,282820,18,2,OPEN_ITEM,project-authored synthetic control record
DOC-SET-202108-900287-1-AP,SET-202108-900287-1-AP,BANK_TRANSFER_RECEIPT,支払,2021-08-12,2021-08-12,explicit-journal-link,S,V001,JPY,262520,20,1,SETTLEMENT,project-authored synthetic control record
DOC-SET-202108-900253-1-AR,SET-202108-900253-1-AR,BANK_RECEIPT_NOTICE,入金,2021-08-13,2021-08-13,explicit-journal-link,C,C001,JPY,179710,21,1,SETTLEMENT,project-authored synthetic control record
DOC-SET-202108-900283-1-AR,SET-202108-900283-1-AR,BANK_RECEIPT_NOTICE,入金,2021-08-13,2021-08-13,explicit-journal-link,C,C001,JPY,237520,23,1,SETTLEMENT,project-authored synthetic control record
DOC-INV-202108-900294-2-AR,INV-202108-900294-2-AR,SALES_INVOICE,売上請求,2021-08-13,2021-08-13,explicit-journal-link,C,C001,JPY,130300,24,2,OPEN_ITEM,project-authored synthetic control record
DOC-INV-202108-900272-2-AR,INV-202108-900272-2-AR,SALES_INVOICE,売上請求,2021-08-14,2021-08-14,explicit-journal-link,C,C001,JPY,284960,25,2,OPEN_ITEM,project-authored synthetic control record
DOC-INV-202108-900248-2-AR,INV-202108-900248-2-AR,SALES_INVOICE,売上請求,2021-08-15,2021-08-15,explicit-journal-link,C,C001,JPY,104500,27,2,OPEN_ITEM,project-authored synthetic control record
DOC-INV-202108-900254-2-AR,INV-202108-900254-2-AR,SALES_INVOICE,売上請求,2021-08-15,2021-08-15,explicit-journal-link,C,C001,JPY,85870,28,2,OPEN_ITEM,project-authored synthetic control record
DOC-INV-202108-900261-2-AR,INV-202108-900261-2-AR,SALES_INVOICE,売上請求,2021-08-15,2021-08-15,explicit-journal-link,C,C001,JPY,268900,29,2,OPEN_ITEM,project-authored synthetic control record
DOC-INV-202108-900260-2-AR,INV-202108-900260-2-AR,SALES_INVOICE,売上請求,2021-08-16,2021-08-16,explicit-journal-link,C,C001,JPY,109160,30,2,OPEN_ITEM,project-authored synthetic control record
DOC-INV-202108-900282-2-AR,INV-202108-900282-2-AR,SALES_INVOICE,売上請求,2021-08-16,2021-08-16,explicit-journal-link,C,C001,JPY,146210,31,2,OPEN_ITEM,project-authored synthetic control record
DOC-INV-202108-900271-2-AR,INV-202108-900271-2-AR,SALES_INVOICE,売上請求,2021-08-17,2021-08-17,explicit-journal-link,C,C001,JPY,316370,33,2,OPEN_ITEM,project-authored synthetic control record
DOC-SET-202108-900284-1-AR,SET-202108-900284-1-AR,BANK_RECEIPT_NOTICE,入金,2021-08-17,2021-08-17,explicit-journal-link,C,C001,JPY,182170,34,1,SETTLEMENT,project-authored synthetic control record
DOC-SET-202108-900247-2-AP,SET-202108-900247-2-AP,BANK_TRANSFER_RECEIPT,支払,2021-08-18,2021-08-18,explicit-journal-link,S,V001,JPY,120360,36,2,SETTLEMENT,project-authored synthetic control record
DOC-SET-202108-900276-1-AR,SET-202108-900276-1-AR,BANK_RECEIPT_NOTICE,入金,2021-08-18,2021-08-18,explicit-journal-link,C,C001,JPY,148340,37,1,SETTLEMENT,project-authored synthetic control record
DOC-SET-202108-900276-3-AR,SET-202108-900276-3-AR,BANK_RECEIPT_NOTICE,入金,2021-08-18,2021-08-18,explicit-journal-link,C,C001,JPY,35600,37,3,SETTLEMENT,project-authored synthetic control record
DOC-SET-202108-900276-4-AR,SET-202108-900276-4-AR,BANK_RECEIPT_NOTICE,入金,2021-08-18,2021-08-18,explicit-journal-link,C,C001,JPY,409430,37,4,SETTLEMENT,project-authored synthetic control record
DOC-SET-202108-900281-1-AP,SET-202108-900281-1-AP,BANK_TRANSFER_RECEIPT,支払,2021-08-18,2021-08-18,explicit-journal-link,S,V001,JPY,360210,38,1,SETTLEMENT,project-authored synthetic control record
DOC-INV-202108-900265-1-AP,INV-202108-900265-1-AP,PURCHASE_INVOICE,仕入請求,2021-08-19,2021-08-19,explicit-journal-link,S,V001,JPY,96540,40,1,OPEN_ITEM,project-authored synthetic control record
DOC-INV-202108-900275-1-AP,INV-202108-900275-1-AP,PURCHASE_INVOICE,仕入請求,2021-08-19,2021-08-19,explicit-journal-link,S,V001,JPY,330660,41,1,OPEN_ITEM,project-authored synthetic control record
DOC-INV-202108-900286-1-AP,INV-202108-900286-1-AP,PURCHASE_INVOICE,仕入請求,2021-08-19,2021-08-19,explicit-journal-link,S,V001,JPY,63790,42,1,OPEN_ITEM,project-authored synthetic control record
DOC-SET-202108-900243-1-AR,SET-202108-900243-1-AR,BANK_RECEIPT_NOTICE,入金,2021-08-22,2021-08-22,explicit-journal-link,C,C001,JPY,511200,44,1,SETTLEMENT,project-authored synthetic control record
DOC-SET-202108-900263-1-AR,SET-202108-900263-1-AR,BANK_RECEIPT_NOTICE,入金,2021-08-22,2021-08-22,explicit-journal-link,C,C001,JPY,415340,46,1,SETTLEMENT,project-authored synthetic control record
DOC-SET-202108-900293-1-AR,SET-202108-900293-1-AR,BANK_RECEIPT_NOTICE,入金,2021-08-22,2021-08-22,explicit-journal-link,C,C001,JPY,434210,47,1,SETTLEMENT,project-authored synthetic control record
DOC-INV-202108-900246-1-AP,INV-202108-900246-1-AP,PURCHASE_INVOICE,仕入請求,2021-08-24,2021-08-24,explicit-journal-link,S,V001,JPY,31780,48,1,OPEN_ITEM,project-authored synthetic control record
DOC-SET-202108-900267-1-AP,SET-202108-900267-1-AP,BANK_TRANSFER_RECEIPT,支払,2021-08-24,2021-08-24,explicit-journal-link,S,V001,JPY,334530,49,1,SETTLEMENT,project-authored synthetic control record
DOC-INV-202108-900290-2-AR,INV-202108-900290-2-AR,SALES_INVOICE,売上請求,2021-08-26,2021-08-26,explicit-journal-link,C,C001,JPY,444700,50,2,OPEN_ITEM,project-authored synthetic control record
DOC-INV-202108-900295-1-AP,INV-202108-900295-1-AP,PURCHASE_INVOICE,仕入請求,2021-08-27,2021-08-27,explicit-journal-link,S,V001,JPY,334370,52,1,OPEN_ITEM,project-authored synthetic control record
DOC-INV-202108-900256-1-AP,INV-202108-900256-1-AP,PURCHASE_INVOICE,仕入請求,2021-08-30,2021-08-30,explicit-journal-link,S,V001,JPY,333720,54,1,OPEN_ITEM,project-authored synthetic control record
DOC-INV-202108-900242-2-AR,INV-202108-900242-2-AR,SALES_INVOICE,売上請求,2021-08-31,2021-08-31,explicit-journal-link,C,C001,JPY,62850,56,2,OPEN_ITEM,project-authored synthetic control record
DOC-INV-202108-900262-2-AR,INV-202108-900262-2-AR,SALES_INVOICE,売上請求,2021-08-31,2021-08-31,explicit-journal-link,C,C001,JPY,263930,57,2,OPEN_ITEM,project-authored synthetic control record
DOC-INV-202108-900266-1-AP,INV-202108-900266-1-AP,PURCHASE_INVOICE,仕入請求,2021-08-31,2021-08-31,explicit-journal-link,S,V001,JPY,371680,58,1,OPEN_ITEM,project-authored synthetic control record
DOC-SET-202109-900343-1-AR,SET-202109-900343-1-AR,BANK_RECEIPT_NOTICE,入金,2021-09-02,2021-09-02,explicit-journal-link,C,C001,JPY,290130,3,1,SETTLEMENT,project-authored synthetic control record
DOC-INV-202109-900312-2-AR,INV-202109-900312-2-AR,SALES_INVOICE,売上請求,2021-09-03,2021-09-03,explicit-journal-link,C,C001,JPY,381440,5,2,OPEN_ITEM,project-authored synthetic control record
DOC-INV-202109-900336-2-AR,INV-202109-900336-2-AR,SALES_INVOICE,売上請求,2021-09-03,2021-09-03,explicit-journal-link,C,C001,JPY,283080,6,2,OPEN_ITEM,project-authored synthetic control record
DOC-SET-202109-900324-1-AR,SET-202109-900324-1-AR,BANK_RECEIPT_NOTICE,入金,2021-09-04,2021-09-04,explicit-journal-link,C,C001,JPY,382510,8,1,SETTLEMENT,project-authored synthetic control record
DOC-INV-202109-900340-2-AR,INV-202109-900340-2-AR,SALES_INVOICE,売上請求,2021-09-04,2021-09-04,explicit-journal-link,C,C001,JPY,556670,9,2,OPEN_ITEM,project-authored synthetic control record
DOC-INV-202109-900300-2-AR,INV-202109-900300-2-AR,SALES_INVOICE,売上請求,2021-09-06,2021-09-06,explicit-journal-link,C,C001,JPY,153130,12,2,OPEN_ITEM,project-authored synthetic control record
DOC-SET-202109-900353-1-AR,SET-202109-900353-1-AR,BANK_RECEIPT_NOTICE,入金,2021-09-07,2021-09-07,explicit-journal-link,C,C001,JPY,386200,14,1,SETTLEMENT,project-authored synthetic control record
DOC-SET-202109-900327-2-AP,SET-202109-900327-2-AP,BANK_TRANSFER_RECEIPT,支払,2021-09-08,2021-09-08,explicit-journal-link,S,V001,JPY,168360,15,2,SETTLEMENT,project-authored synthetic control record
DOC-SET-202109-900314-1-AR,SET-202109-900314-1-AR,BANK_RECEIPT_NOTICE,入金,2021-09-09,2021-09-09,explicit-journal-link,C,C001,JPY,87980,16,1,SETTLEMENT,project-authored synthetic control record
DOC-SET-202109-900317-1-AP,SET-202109-900317-1-AP,BANK_TRANSFER_RECEIPT,支払,2021-09-10,2021-09-10,explicit-journal-link,S,V001,JPY,123380,18,1,SETTLEMENT,project-authored synthetic control record
DOC-INV-202109-900330-2-AR,INV-202109-900330-2-AR,SALES_INVOICE,売上請求,2021-09-10,2021-09-10,explicit-journal-link,C,C001,JPY,195040,19,2,OPEN_ITEM,project-authored synthetic control record
DOC-INV-202109-900350-2-AR,INV-202109-900350-2-AR,SALES_INVOICE,売上請求,2021-09-11,2021-09-11,explicit-journal-link,C,C001,JPY,314480,20,2,OPEN_ITEM,project-authored synthetic control record
DOC-INV-202109-900296-1-AP,INV-202109-900296-1-AP,PURCHASE_INVOICE,仕入請求,2021-09-12,2021-09-12,explicit-journal-link,S,V001,JPY,258430,21,1,OPEN_ITEM,project-authored synthetic control record
DOC-SET-202109-900329-1-AP,SET-202109-900329-1-AP,BANK_TRANSFER_RECEIPT,支払,2021-09-13,2021-09-13,explicit-journal-link,S,V001,JPY,138360,22,1,SETTLEMENT,project-authored synthetic control record
DOC-INV-202109-900301-2-AR,INV-202109-900301-2-AR,SALES_INVOICE,売上請求,2021-09-14,2021-09-14,explicit-journal-link,C,C001,JPY,168150,23,2,OPEN_ITEM,project-authored synthetic control record
DOC-INV-202109-900310-2-AR,INV-202109-900310-2-AR,SALES_INVOICE,売上請求,2021-09-14,2021-09-14,explicit-journal-link,C,C001,JPY,110630,25,2,OPEN_ITEM,project-authored synthetic control record
DOC-INV-202109-900331-2-AR,INV-202109-900331-2-AR,SALES_INVOICE,売上請求,2021-09-15,2021-09-15,explicit-journal-link,C,C001,JPY,118570,27,2,OPEN_ITEM,project-authored synthetic control record
DOC-INV-202109-900348-2-AR,INV-202109-900348-2-AR,SALES_INVOICE,売上請求,2021-09-15,2021-09-15,explicit-journal-link,C,C001,JPY,160810,28,2,OPEN_ITEM,project-authored synthetic control record
DOC-SET-202109-900323-1-AP,SET-202109-900323-1-AP,BANK_TRANSFER_RECEIPT,支払,2021-09-16,2021-09-16,explicit-journal-link,S,V001,JPY,44500,30,1,SETTLEMENT,project-authored synthetic control record
DOC-INV-202109-900302-2-AR,INV-202109-900302-2-AR,SALES_INVOICE,売上請求,2021-09-17,2021-09-17,explicit-journal-link,C,C001,JPY,450750,32,2,OPEN_ITEM,project-authored synthetic control record
DOC-SET-202109-900334-1-AR,SET-202109-900334-1-AR,BANK_RECEIPT_NOTICE,入金,2021-09-17,2021-09-17,explicit-journal-link,C,C001,JPY,92990,34,1,SETTLEMENT,project-authored synthetic control record
DOC-INV-202109-900335-1-AP,INV-202109-900335-1-AP,PURCHASE_INVOICE,仕入請求,2021-09-17,2021-09-17,explicit-journal-link,S,V001,JPY,178650,35,1,OPEN_ITEM,project-authored synthetic control record
DOC-SET-202109-900344-1-AR,SET-202109-900344-1-AR,BANK_RECEIPT_NOTICE,入金,2021-09-17,2021-09-17,explicit-journal-link,C,C001,JPY,112580,36,1,SETTLEMENT,project-authored synthetic control record
DOC-INV-202109-900346-1-AP,INV-202109-900346-1-AP,PURCHASE_INVOICE,仕入請求,2021-09-17,2021-09-17,explicit-journal-link,S,V001,JPY,332620,37,1,OPEN_ITEM,project-authored synthetic control record
DOC-INV-202109-900322-2-AR,INV-202109-900322-2-AR,SALES_INVOICE,売上請求,2021-09-18,2021-09-18,explicit-journal-link,C,C001,JPY,174370,38,2,OPEN_ITEM,project-authored synthetic control record
DOC-INV-202109-900325-1-AP,INV-202109-900325-1-AP,PURCHASE_INVOICE,仕入請求,2021-09-18,2021-09-18,explicit-journal-link,S,V001,JPY,284710,39,1,OPEN_ITEM,project-authored synthetic control record
DOC-INV-202109-900304-2-AR,INV-202109-900304-2-AR,SALES_INVOICE,売上請求,2021-09-19,2021-09-19,explicit-journal-link,C,C001,JPY,523820,40,2,OPEN_ITEM,project-authored synthetic control record
DOC-INV-202109-900342-2-AR,INV-202109-900342-2-AR,SALES_INVOICE,売上請求,2021-09-20,2021-09-20,explicit-journal-link,C,C001,JPY,160300,42,2,OPEN_ITEM,project-authored synthetic control record
DOC-INV-202109-900316-1-AP,INV-202109-900316-1-AP,PURCHASE_INVOICE,仕入請求,2021-09-21,2021-09-21,explicit-journal-link,S,V001,JPY,148540,43,1,OPEN_ITEM,project-authored synthetic control record
DOC-SET-202109-900297-2-AP,SET-202109-900297-2-AP,BANK_TRANSFER_RECEIPT,支払,2021-09-23,2021-09-23,explicit-journal-link,S,V001,JPY,146380,45,2,SETTLEMENT,project-authored synthetic control record
DOC-INV-202109-900315-1-AP,INV-202109-900315-1-AP,PURCHASE_INVOICE,仕入請求,2021-09-23,2021-09-23,explicit-journal-link,S,V001,JPY,353960,46,1,OPEN_ITEM,project-authored synthetic control record
DOC-SET-202109-900311-1-AP,SET-202109-900311-1-AP,BANK_TRANSFER_RECEIPT,支払,2021-09-25,2021-09-25,explicit-journal-link,S,V001,JPY,116410,47,1,SETTLEMENT,project-authored synthetic control record
DOC-INV-202109-900320-2-AR,INV-202109-900320-2-AR,SALES_INVOICE,売上請求,2021-09-25,2021-09-25,explicit-journal-link,C,C001,JPY,305090,48,2,OPEN_ITEM,project-authored synthetic control record
DOC-SET-202109-900347-2-AP,SET-202109-900347-2-AP,BANK_TRANSFER_RECEIPT,支払,2021-09-25,2021-09-25,explicit-journal-link,S,V001,JPY,185570,49,2,SETTLEMENT,project-authored synthetic control record
DOC-SET-202109-900307-2-AP,SET-202109-900307-2-AP,BANK_TRANSFER_RECEIPT,支払,2021-09-28,2021-09-28,explicit-journal-link,S,V001,JPY,214630,51,2,SETTLEMENT,project-authored synthetic control record
DOC-SET-202109-900337-2-AP,SET-202109-900337-2-AP,BANK_TRANSFER_RECEIPT,支払,2021-09-28,2021-09-28,explicit-journal-link,S,V001,JPY,221550,52,2,SETTLEMENT,project-authored synthetic control record
DOC-INV-202109-900321-2-AR,INV-202109-900321-2-AR,SALES_INVOICE,売上請求,2021-09-29,2021-09-29,explicit-journal-link,C,C001,JPY,595770,53,2,OPEN_ITEM,project-authored synthetic control record
DOC-SET-202109-900333-1-AR,SET-202109-900333-1-AR,BANK_RECEIPT_NOTICE,入金,2021-09-29,2021-09-29,explicit-journal-link,C,C001,JPY,203720,54,1,SETTLEMENT,project-authored synthetic control record
DOC-INV-202109-900341-2-AR,INV-202109-900341-2-AR,SALES_INVOICE,売上請求,2021-09-29,2021-09-29,explicit-journal-link,C,C001,JPY,285420,55,2,OPEN_ITEM,project-authored synthetic control record
DOC-SET-202109-900303-1-AR,SET-202109-900303-1-AR,BANK_RECEIPT_NOTICE,入金,2021-09-30,2021-09-30,explicit-journal-link,C,C001,JPY,175050,56,1,SETTLEMENT,project-authored synthetic control record
DOC-INV-202109-900305-1-AP,INV-202109-900305-1-AP,PURCHASE_INVOICE,仕入請求,2021-09-30,2021-09-30,explicit-journal-link,S,V001,JPY,101790,57,1,OPEN_ITEM,project-authored synthetic control record
DOC-INV-202109-900352-2-AR,INV-202109-900352-2-AR,SALES_INVOICE,売上請求,2021-09-30,2021-09-30,explicit-journal-link,C,C001,JPY,272770,58,2,OPEN_ITEM,project-authored synthetic control record
DOC-SET-202110-900367-1-AP,SET-202110-900367-1-AP,BANK_TRANSFER_RECEIPT,支払,2021-10-01,2021-10-01,explicit-journal-link,S,V001,JPY,146200,1,1,SETTLEMENT,project-authored synthetic control record
DOC-INV-202110-900385-1-AP,INV-202110-900385-1-AP,PURCHASE_INVOICE,仕入請求,2021-10-02,2021-10-02,explicit-journal-link,S,V001,JPY,36660,3,1,OPEN_ITEM,project-authored synthetic control record
DOC-SET-202110-900401-1-AP,SET-202110-900401-1-AP,BANK_TRANSFER_RECEIPT,支払,2021-10-03,2021-10-03,explicit-journal-link,S,V001,JPY,231960,5,1,SETTLEMENT,project-authored synthetic control record
DOC-INV-202110-900406-1-AP,INV-202110-900406-1-AP,PURCHASE_INVOICE,仕入請求,2021-10-04,2021-10-04,explicit-journal-link,S,V001,JPY,333950,6,1,OPEN_ITEM,project-authored synthetic control record
DOC-INV-202110-900395-1-AP,INV-202110-900395-1-AP,PURCHASE_INVOICE,仕入請求,2021-10-05,2021-10-05,explicit-journal-link,S,V001,JPY,195440,7,1,OPEN_ITEM,project-authored synthetic control record
DOC-INV-202110-900372-2-AR,INV-202110-900372-2-AR,SALES_INVOICE,売上請求,2021-10-06,2021-10-06,explicit-journal-link,C,C001,JPY,486740,8,2,OPEN_ITEM,project-authored synthetic control record
DOC-SET-202110-900396-1-AR,SET-202110-900396-1-AR,BANK_RECEIPT_NOTICE,入金,2021-10-06,2021-10-06,explicit-journal-link,C,C001,JPY,80610,9,1,SETTLEMENT,project-authored synthetic control record
DOC-SET-202110-900396-3-AR,SET-202110-900396-3-AR,BANK_RECEIPT_NOTICE,入金,2021-10-06,2021-10-06,explicit-journal-link,C,C001,JPY,29550,9,3,SETTLEMENT,project-authored synthetic control record
DOC-SET-202110-900396-4-AR,SET-202110-900396-4-AR,BANK_RECEIPT_NOTICE,入金,2021-10-06,2021-10-06,explicit-journal-link,C,C001,JPY,158550,9,4,SETTLEMENT,project-authored synthetic control record
DOC-INV-202110-900380-2-AR,INV-202110-900380-2-AR,SALES_INVOICE,売上請求,2021-10-07,2021-10-07,explicit-journal-link,C,C001,JPY,78840,12,2,OPEN_ITEM,project-authored synthetic control record
DOC-INV-202110-900382-2-AR,INV-202110-900382-2-AR,SALES_INVOICE,売上請求,2021-10-08,2021-10-08,explicit-journal-link,C,C001,JPY,100740,13,2,OPEN_ITEM,project-authored synthetic control record
DOC-INV-202110-900392-2-AR,INV-202110-900392-2-AR,SALES_INVOICE,売上請求,2021-10-08,2021-10-08,explicit-journal-link,C,C001,JPY,368460,14,2,OPEN_ITEM,project-authored synthetic control record
DOC-SET-202110-900354-1-AR,SET-202110-900354-1-AR,BANK_RECEIPT_NOTICE,入金,2021-10-09,2021-10-09,explicit-journal-link,C,C001,JPY,451200,15,1,SETTLEMENT,project-authored synthetic control record
DOC-INV-202110-900356-1-AP,INV-202110-900356-1-AP,PURCHASE_INVOICE,仕入請求,2021-10-09,2021-10-09,explicit-journal-link,S,V001,JPY,268000,16,1,OPEN_ITEM,project-authored synthetic control record
DOC-INV-202110-900381-2-AR,INV-202110-900381-2-AR,SALES_INVOICE,売上請求,2021-10-09,2021-10-09,explicit-journal-link,C,C001,JPY,335100,17,2,OPEN_ITEM,project-authored synthetic control record
DOC-INV-202110-900400-2-AR,INV-202110-900400-2-AR,SALES_INVOICE,売上請求,2021-10-10,2021-10-10,explicit-journal-link,C,C001,JPY,246940,20,2,OPEN_ITEM,project-authored synthetic control record
DOC-SET-202110-900411-1-AP,SET-202110-900411-1-AP,BANK_TRANSFER_RECEIPT,支払,2021-10-10,2021-10-10,explicit-journal-link,S,V001,JPY,260030,21,1,SETTLEMENT,project-authored synthetic control record
DOC-SET-202110-900394-1-AR,SET-202110-900394-1-AR,BANK_RECEIPT_NOTICE,入金,2021-10-11,2021-10-11,explicit-journal-link,C,C001,JPY,102750,23,1,SETTLEMENT,project-authored synthetic control record
DOC-INV-202110-900360-2-AR,INV-202110-900360-2-AR,SALES_INVOICE,売上請求,2021-10-12,2021-10-12,explicit-journal-link,C,C001,JPY,302090,24,2,OPEN_ITEM,project-authored synthetic control record
DOC-SET-202110-900361-1-AP,SET-202110-900361-1-AP,BANK_TRANSFER_RECEIPT,支払,2021-10-15,2021-10-15,explicit-journal-link,S,V001,JPY,73490,27,1,SETTLEMENT,project-authored synthetic control record
DOC-INV-202110-900386-2-AR,INV-202110-900386-2-AR,SALES_INVOICE,売上請求,2021-10-15,2021-10-15,explicit-journal-link,C,C001,JPY,279450,28,2,OPEN_ITEM,project-authored synthetic control record
DOC-SET-202110-900397-2-AP,SET-202110-900397-2-AP,BANK_TRANSFER_RECEIPT,支払,2021-10-15,2021-10-15,explicit-journal-link,S,V001,JPY,169710,29,2,SETTLEMENT,project-authored synthetic control record
DOC-SET-202110-900363-1-AR,SET-202110-900363-1-AR,BANK_RECEIPT_NOTICE,入金,2021-10-16,2021-10-16,explicit-journal-link,C,C001,JPY,261390,30,1,SETTLEMENT,project-authored synthetic control record
DOC-INV-202110-900391-2-AR,INV-202110-900391-2-AR,SALES_INVOICE,売上請求,2021-10-16,2021-10-16,explicit-journal-link,C,C001,JPY,100730,32,2,OPEN_ITEM,project-authored synthetic control record
DOC-SET-202110-900404-1-AR,SET-202110-900404-1-AR,BANK_RECEIPT_NOTICE,入金,2021-10-17,2021-10-17,explicit-journal-link,C,C001,JPY,358490,33,1,SETTLEMENT,project-authored synthetic control record
DOC-INV-202110-900402-2-AR,INV-202110-900402-2-AR,SALES_INVOICE,売上請求,2021-10-19,2021-10-19,explicit-journal-link,C,C001,JPY,71050,35,2,OPEN_ITEM,project-authored synthetic control record
DOC-INV-202110-900375-1-AP,INV-202110-900375-1-AP,PURCHASE_INVOICE,仕入請求,2021-10-20,2021-10-20,explicit-journal-link,S,V001,JPY,113680,37,1,OPEN_ITEM,project-authored synthetic control record
DOC-SET-202110-900384-1-AR,SET-202110-900384-1-AR,BANK_RECEIPT_NOTICE,入金,2021-10-21,2021-10-21,explicit-journal-link,C,C001,JPY,188430,38,1,SETTLEMENT,project-authored synthetic control record
DOC-SET-202110-900357-2-AP,SET-202110-900357-2-AP,BANK_TRANSFER_RECEIPT,支払,2021-10-22,2021-10-22,explicit-journal-link,S,V001,JPY,344900,40,2,SETTLEMENT,project-authored synthetic control record
DOC-INV-202110-900362-2-AR,INV-202110-900362-2-AR,SALES_INVOICE,売上請求,2021-10-23,2021-10-23,explicit-journal-link,C,C001,JPY,149380,41,2,OPEN_ITEM,project-authored synthetic control record
DOC-INV-202110-900366-1-AP,INV-202110-900366-1-AP,PURCHASE_INVOICE,仕入請求,2021-10-23,2021-10-23,explicit-journal-link,S,V001,JPY,222290,42,1,OPEN_ITEM,project-authored synthetic control record
DOC-SET-202110-900373-1-AP,SET-202110-900373-1-AP,BANK_TRANSFER_RECEIPT,支払,2021-10-23,2021-10-23,explicit-journal-link,S,V001,JPY,420400,43,1,SETTLEMENT,project-authored synthetic control record
DOC-SET-202110-900405-1-AP,SET-202110-900405-1-AP,BANK_TRANSFER_RECEIPT,支払,2021-10-25,2021-10-25,explicit-journal-link,S,V001,JPY,202880,46,1,SETTLEMENT,project-authored synthetic control record
DOC-SET-202110-900374-1-AR,SET-202110-900374-1-AR,BANK_RECEIPT_NOTICE,入金,2021-10-26,2021-10-26,explicit-journal-link,C,C001,JPY,453950,48,1,SETTLEMENT,project-authored synthetic control record
DOC-INV-202110-900365-1-AP,INV-202110-900365-1-AP,PURCHASE_INVOICE,仕入請求,2021-10-27,2021-10-27,explicit-journal-link,S,V001,JPY,249130,49,1,OPEN_ITEM,project-authored synthetic control record
DOC-INV-202110-900370-2-AR,INV-202110-900370-2-AR,SALES_INVOICE,売上請求,2021-10-28,2021-10-28,explicit-journal-link,C,C001,JPY,376100,50,2,OPEN_ITEM,project-authored synthetic control record
DOC-INV-202110-900376-1-AP,INV-202110-900376-1-AP,PURCHASE_INVOICE,仕入請求,2021-10-28,2021-10-28,explicit-journal-link,S,V001,JPY,184540,52,1,OPEN_ITEM,project-authored synthetic control record
DOC-INV-202110-900410-2-AR,INV-202110-900410-2-AR,SALES_INVOICE,売上請求,2021-10-28,2021-10-28,explicit-journal-link,C,C001,JPY,256830,53,2,OPEN_ITEM,project-authored synthetic control record
DOC-SET-202110-900355-1-AP,SET-202110-900355-1-AP,BANK_TRANSFER_RECEIPT,支払,2021-10-31,2021-10-31,explicit-journal-link,S,V001,JPY,326130,54,1,SETTLEMENT,project-authored synthetic control record
DOC-SET-202110-900387-2-AP,SET-202110-900387-2-AP,BANK_TRANSFER_RECEIPT,支払,2021-10-31,2021-10-31,explicit-journal-link,S,V001,JPY,82330,55,2,SETTLEMENT,project-authored synthetic control record
DOC-SET-202110-900393-1-AR,SET-202110-900393-1-AR,BANK_RECEIPT_NOTICE,入金,2021-10-31,2021-10-31,explicit-journal-link,C,C001,JPY,423760,57,1,SETTLEMENT,project-authored synthetic control record
DOC-SET-202110-900403-1-AR,SET-202110-900403-1-AR,BANK_RECEIPT_NOTICE,入金,2021-10-31,2021-10-31,explicit-journal-link,C,C001,JPY,268760,58,1,SETTLEMENT,project-authored synthetic control record
DOC-SET-202111-900414-1-AR,SET-202111-900414-1-AR,BANK_RECEIPT_NOTICE,入金,2021-11-01,2021-11-01,explicit-journal-link,C,C001,JPY,70310,1,1,SETTLEMENT,project-authored synthetic control record
DOC-INV-202111-900425-1-AP,INV-202111-900425-1-AP,PURCHASE_INVOICE,仕入請求,2021-11-01,2021-11-01,explicit-journal-link,S,V001,JPY,309160,2,1,OPEN_ITEM,project-authored synthetic control record
DOC-INV-202111-900435-1-AP,INV-202111-900435-1-AP,PURCHASE_INVOICE,仕入請求,2021-11-02,2021-11-02,explicit-journal-link,S,V001,JPY,72000,4,1,OPEN_ITEM,project-authored synthetic control record
DOC-SET-202111-900454-1-AR,SET-202111-900454-1-AR,BANK_RECEIPT_NOTICE,入金,2021-11-02,2021-11-02,explicit-journal-link,C,C001,JPY,454500,5,1,SETTLEMENT,project-authored synthetic control record
DOC-INV-202111-900466-1-AP,INV-202111-900466-1-AP,PURCHASE_INVOICE,仕入請求,2021-11-04,2021-11-04,explicit-journal-link,S,V001,JPY,363650,6,1,OPEN_ITEM,project-authored synthetic control record
DOC-SET-202111-900453-1-AR,SET-202111-900453-1-AR,BANK_RECEIPT_NOTICE,入金,2021-11-05,2021-11-05,explicit-journal-link,C,C001,JPY,343560,7,1,SETTLEMENT,project-authored synthetic control record
DOC-INV-202111-900462-2-AR,INV-202111-900462-2-AR,SALES_INVOICE,売上請求,2021-11-05,2021-11-05,explicit-journal-link,C,C001,JPY,236330,8,2,OPEN_ITEM,project-authored synthetic control record
DOC-SET-202111-900463-1-AR,SET-202111-900463-1-AR,BANK_RECEIPT_NOTICE,入金,2021-11-05,2021-11-05,explicit-journal-link,C,C001,JPY,81510,9,1,SETTLEMENT,project-authored synthetic control record
DOC-INV-202111-900412-2-AR,INV-202111-900412-2-AR,SALES_INVOICE,売上請求,2021-11-06,2021-11-06,explicit-journal-link,C,C001,JPY,438890,10,2,OPEN_ITEM,project-authored synthetic control record
DOC-SET-202111-900455-1-AP,SET-202111-900455-1-AP,BANK_TRANSFER_RECEIPT,支払,2021-11-06,2021-11-06,explicit-journal-link,S,V001,JPY,232730,11,1,SETTLEMENT,project-authored synthetic control record
DOC-INV-202111-900440-2-AR,INV-202111-900440-2-AR,SALES_INVOICE,売上請求,2021-11-07,2021-11-07,explicit-journal-link,C,C001,JPY,83210,14,2,OPEN_ITEM,project-authored synthetic control record
DOC-SET-202111-900443-1-AR,SET-202111-900443-1-AR,BANK_RECEIPT_NOTICE,入金,2021-11-07,2021-11-07,explicit-journal-link,C,C001,JPY,404850,15,1,SETTLEMENT,project-authored synthetic control record
DOC-SET-202111-900464-1-AR,SET-202111-900464-1-AR,BANK_RECEIPT_NOTICE,入金,2021-11-07,2021-11-07,explicit-journal-link,C,C001,JPY,121240,16,1,SETTLEMENT,project-authored synthetic control record
DOC-SET-202111-900449-1-AP,SET-202111-900449-1-AP,BANK_TRANSFER_RECEIPT,支払,2021-11-08,2021-11-08,explicit-journal-link,S,V001,JPY,401520,17,1,SETTLEMENT,project-authored synthetic control record
DOC-INV-202111-900422-2-AR,INV-202111-900422-2-AR,SALES_INVOICE,売上請求,2021-11-09,2021-11-09,explicit-journal-link,C,C001,JPY,580680,18,2,OPEN_ITEM,project-authored synthetic control record
DOC-SET-202111-900423-1-AR,SET-202111-900423-1-AR,BANK_RECEIPT_NOTICE,入金,2021-11-09,2021-11-09,explicit-journal-link,C,C001,JPY,220510,19,1,SETTLEMENT,project-authored synthetic control record
DOC-INV-202111-900450-2-AR,INV-202111-900450-2-AR,SALES_INVOICE,売上請求,2021-11-09,2021-11-09,explicit-journal-link,C,C001,JPY,438240,20,2,OPEN_ITEM,project-authored synthetic control record
DOC-INV-202111-900451-2-AR,INV-202111-900451-2-AR,SALES_INVOICE,売上請求,2021-11-09,2021-11-09,explicit-journal-link,C,C001,JPY,300970,21,2,OPEN_ITEM,project-authored synthetic control record
DOC-INV-202111-900456-1-AP,INV-202111-900456-1-AP,PURCHASE_INVOICE,仕入請求,2021-11-12,2021-11-12,explicit-journal-link,S,V001,JPY,204250,24,1,OPEN_ITEM,project-authored synthetic control record
DOC-INV-202111-900441-2-AR,INV-202111-900441-2-AR,SALES_INVOICE,売上請求,2021-11-13,2021-11-13,explicit-journal-link,C,C001,JPY,337560,25,2,OPEN_ITEM,project-authored synthetic control record
DOC-INV-202111-900421-2-AR,INV-202111-900421-2-AR,SALES_INVOICE,売上請求,2021-11-14,2021-11-14,explicit-journal-link,C,C001,JPY,167500,26,2,OPEN_ITEM,project-authored synthetic control record
DOC-SET-202111-900427-2-AP,SET-202111-900427-2-AP,BANK_TRANSFER_RECEIPT,支払,2021-11-15,2021-11-15,explicit-journal-link,S,V001,JPY,159020,30,2,SETTLEMENT,project-authored synthetic control record
DOC-INV-202111-900436-2-AR,INV-202111-900436-2-AR,SALES_INVOICE,売上請求,2021-11-15,2021-11-15,explicit-journal-link,C,C001,JPY,441120,32,2,OPEN_ITEM,project-authored synthetic control record
DOC-INV-202111-900432-2-AR,INV-202111-900432-2-AR,SALES_INVOICE,売上請求,2021-11-16,2021-11-16,explicit-journal-link,C,C001,JPY,247300,34,2,OPEN_ITEM,project-authored synthetic control record
DOC-SET-202111-900437-2-AP,SET-202111-900437-2-AP,BANK_TRANSFER_RECEIPT,支払,2021-11-16,2021-11-16,explicit-journal-link,S,V001,JPY,88090,35,2,SETTLEMENT,project-authored synthetic control record
DOC-INV-202111-900460-2-AR,INV-202111-900460-2-AR,SALES_INVOICE,売上請求,2021-11-17,2021-11-17,explicit-journal-link,C,C001,JPY,286310,38,2,OPEN_ITEM,project-authored synthetic control record
DOC-INV-202111-900470-2-AR,INV-202111-900470-2-AR,SALES_INVOICE,売上請求,2021-11-17,2021-11-17,explicit-journal-link,C,C001,JPY,405040,39,2,OPEN_ITEM,project-authored synthetic control record
DOC-INV-202111-900442-2-AR,INV-202111-900442-2-AR,SALES_INVOICE,売上請求,2021-11-18,2021-11-18,explicit-journal-link,C,C001,JPY,106470,40,2,OPEN_ITEM,project-authored synthetic control record
DOC-INV-202111-900446-1-AP,INV-202111-900446-1-AP,PURCHASE_INVOICE,仕入請求,2021-11-18,2021-11-18,explicit-journal-link,S,V001,JPY,142990,41,1,OPEN_ITEM,project-authored synthetic control record
DOC-SET-202111-900447-2-AP,SET-202111-900447-2-AP,BANK_TRANSFER_RECEIPT,支払,2021-11-18,2021-11-18,explicit-journal-link,S,V001,JPY,240590,42,2,SETTLEMENT,project-authored synthetic control record
DOC-SET-202111-900434-1-AR,SET-202111-900434-1-AR,BANK_RECEIPT_NOTICE,入金,2021-11-23,2021-11-23,explicit-journal-link,C,C001,JPY,260440,45,1,SETTLEMENT,project-authored synthetic control record
DOC-INV-202111-900415-1-AP,INV-202111-900415-1-AP,PURCHASE_INVOICE,仕入請求,2021-11-25,2021-11-25,explicit-journal-link,S,V001,JPY,127820,47,1,OPEN_ITEM,project-authored synthetic control record
DOC-INV-202111-900424-2-AR,INV-202111-900424-2-AR,SALES_INVOICE,売上請求,2021-11-26,2021-11-26,explicit-journal-link,C,C001,JPY,200490,48,2,OPEN_ITEM,project-authored synthetic control record
DOC-INV-202111-900431-2-AR,INV-202111-900431-2-AR,SALES_INVOICE,売上請求,2021-11-26,2021-11-26,explicit-journal-link,C,C001,JPY,380420,49,2,OPEN_ITEM,project-authored synthetic control record
DOC-INV-202111-900468-2-AR,INV-202111-900468-2-AR,SALES_INVOICE,売上請求,2021-11-26,2021-11-26,explicit-journal-link,C,C001,JPY,145010,50,2,OPEN_ITEM,project-authored synthetic control record
DOC-SET-202111-900444-1-AR,SET-202111-900444-1-AR,BANK_RECEIPT_NOTICE,入金,2021-11-27,2021-11-27,explicit-journal-link,C,C001,JPY,328450,51,1,SETTLEMENT,project-authored synthetic control record
DOC-INV-202111-900416-1-AP,INV-202111-900416-1-AP,PURCHASE_INVOICE,仕入請求,2021-11-28,2021-11-28,explicit-journal-link,S,V001,JPY,70730,52,1,OPEN_ITEM,project-authored synthetic control record
DOC-SET-202111-900457-2-AP,SET-202111-900457-2-AP,BANK_TRANSFER_RECEIPT,支払,2021-11-28,2021-11-28,explicit-journal-link,S,V001,JPY,287300,53,2,SETTLEMENT,project-authored synthetic control record
DOC-INV-202111-900430-2-AR,INV-202111-900430-2-AR,SALES_INVOICE,売上請求,2021-11-29,2021-11-29,explicit-journal-link,C,C001,JPY,245890,55,2,OPEN_ITEM,project-authored synthetic control record
DOC-SET-202111-900467-2-AP,SET-202111-900467-2-AP,BANK_TRANSFER_RECEIPT,支払,2021-11-29,2021-11-29,explicit-journal-link,S,V001,JPY,242320,56,2,SETTLEMENT,project-authored synthetic control record
DOC-SET-202111-900417-1-AP,SET-202111-900417-1-AP,BANK_TRANSFER_RECEIPT,支払,2021-11-30,2021-11-30,explicit-journal-link,S,V001,JPY,229570,57,1,SETTLEMENT,project-authored synthetic control record
DOC-SET-202111-900461-1-AP,SET-202111-900461-1-AP,BANK_TRANSFER_RECEIPT,支払,2021-11-30,2021-11-30,explicit-journal-link,S,V001,JPY,265170,58,1,SETTLEMENT,project-authored synthetic control record
DOC-INV-202112-900512-2-AR,INV-202112-900512-2-AR,SALES_INVOICE,売上請求,2021-12-01,2021-12-01,explicit-journal-link,C,C001,JPY,223440,1,2,OPEN_ITEM,project-authored synthetic control record
DOC-INV-202112-900516-1-AP,INV-202112-900516-1-AP,PURCHASE_INVOICE,仕入請求,2021-12-02,2021-12-02,explicit-journal-link,S,V001,JPY,102160,2,1,OPEN_ITEM,project-authored synthetic control record
DOC-INV-202112-900492-2-AR,INV-202112-900492-2-AR,SALES_INVOICE,売上請求,2021-12-03,2021-12-03,explicit-journal-link,C,C001,JPY,566420,5,2,OPEN_ITEM,project-authored synthetic control record
DOC-INV-202112-900496-1-AP,INV-202112-900496-1-AP,PURCHASE_INVOICE,仕入請求,2021-12-03,2021-12-03,explicit-journal-link,S,V001,JPY,387010,6,1,OPEN_ITEM,project-authored synthetic control record
DOC-INV-202112-900525-1-AP,INV-202112-900525-1-AP,PURCHASE_INVOICE,仕入請求,2021-12-04,2021-12-04,explicit-journal-link,S,V001,JPY,89390,7,1,OPEN_ITEM,project-authored synthetic control record
DOC-SET-202112-900517-2-AP,SET-202112-900517-2-AP,BANK_TRANSFER_RECEIPT,支払,2021-12-05,2021-12-05,explicit-journal-link,S,V001,JPY,348390,10,2,SETTLEMENT,project-authored synthetic control record
DOC-INV-202112-900518-2-AR,INV-202112-900518-2-AR,SALES_INVOICE,売上請求,2021-12-05,2021-12-05,explicit-journal-link,C,C001,JPY,182160,11,2,OPEN_ITEM,project-authored synthetic control record
DOC-INV-202112-900474-2-AR,INV-202112-900474-2-AR,SALES_INVOICE,売上請求,2021-12-05,2021-12-05,explicit-journal-link,C,C001,JPY,125340,8,2,OPEN_ITEM,project-authored synthetic control record
DOC-SET-202112-900473-1-AR,SET-202112-900473-1-AR,BANK_RECEIPT_NOTICE,入金,2021-12-06,2021-12-06,explicit-journal-link,C,C001,JPY,112800,12,1,SETTLEMENT,project-authored synthetic control record
DOC-INV-202112-900485-1-AP,INV-202112-900485-1-AP,PURCHASE_INVOICE,仕入請求,2021-12-06,2021-12-06,explicit-journal-link,S,V001,JPY,209170,14,1,OPEN_ITEM,project-authored synthetic control record
DOC-INV-202112-900502-2-AR,INV-202112-900502-2-AR,SALES_INVOICE,売上請求,2021-12-06,2021-12-06,explicit-journal-link,C,C001,JPY,114990,16,2,OPEN_ITEM,project-authored synthetic control record
DOC-INV-202112-900500-2-AR,INV-202112-900500-2-AR,SALES_INVOICE,売上請求,2021-12-07,2021-12-07,explicit-journal-link,C,C001,JPY,321310,17,2,OPEN_ITEM,project-authored synthetic control record
DOC-SET-202112-900509-1-AR,SET-202112-900509-1-AR,BANK_RECEIPT_NOTICE,入金,2021-12-07,2021-12-07,explicit-journal-link,C,C001,JPY,207880,18,1,SETTLEMENT,project-authored synthetic control record
DOC-SET-202112-900509-3-AR,SET-202112-900509-3-AR,BANK_RECEIPT_NOTICE,入金,2021-12-07,2021-12-07,explicit-journal-link,C,C001,JPY,59390,18,3,SETTLEMENT,project-authored synthetic control record
DOC-SET-202112-900509-4-AR,SET-202112-900509-4-AR,BANK_RECEIPT_NOTICE,入金,2021-12-07,2021-12-07,explicit-journal-link,C,C001,JPY,156990,18,4,SETTLEMENT,project-authored synthetic control record
DOC-INV-202112-900506-1-AP,INV-202112-900506-1-AP,PURCHASE_INVOICE,仕入請求,2021-12-08,2021-12-08,explicit-journal-link,S,V001,JPY,107000,19,1,OPEN_ITEM,project-authored synthetic control record
DOC-INV-202112-900521-2-AR,INV-202112-900521-2-AR,SALES_INVOICE,売上請求,2021-12-08,2021-12-08,explicit-journal-link,C,C001,JPY,363790,20,2,OPEN_ITEM,project-authored synthetic control record
DOC-SET-202112-900493-1-AP,SET-202112-900493-1-AP,BANK_TRANSFER_RECEIPT,支払,2021-12-09,2021-12-09,explicit-journal-link,S,V001,JPY,59810,21,1,SETTLEMENT,project-authored synthetic control record
DOC-SET-202112-900505-1-AP,SET-202112-900505-1-AP,BANK_TRANSFER_RECEIPT,支払,2021-12-09,2021-12-09,explicit-journal-link,S,V001,JPY,331470,22,1,SETTLEMENT,project-authored synthetic control record
DOC-INV-202112-900531-2-AR,INV-202112-900531-2-AR,SALES_INVOICE,売上請求,2021-12-09,2021-12-09,explicit-journal-link,C,C001,JPY,245710,23,2,OPEN_ITEM,project-authored synthetic control record
DOC-SET-202112-900507-2-AP,SET-202112-900507-2-AP,BANK_TRANSFER_RECEIPT,支払,2021-12-11,2021-12-11,explicit-journal-link,S,V001,JPY,185680,25,2,SETTLEMENT,project-authored synthetic control record
DOC-INV-202112-900511-2-AR,INV-202112-900511-2-AR,SALES_INVOICE,売上請求,2021-12-11,2021-12-11,explicit-journal-link,C,C001,JPY,434600,26,2,OPEN_ITEM,project-authored synthetic control record
DOC-INV-202112-900480-2-AR,INV-202112-900480-2-AR,SALES_INVOICE,売上請求,2021-12-12,2021-12-12,explicit-journal-link,C,C001,JPY,560760,28,2,OPEN_ITEM,project-authored synthetic control record
DOC-INV-202112-900510-2-AR,INV-202112-900510-2-AR,SALES_INVOICE,売上請求,2021-12-12,2021-12-12,explicit-journal-link,C,C001,JPY,299300,29,2,OPEN_ITEM,project-authored synthetic control record
DOC-SET-202112-900523-1-AR,SET-202112-900523-1-AR,BANK_RECEIPT_NOTICE,入金,2021-12-12,2021-12-12,explicit-journal-link,C,C001,JPY,385730,30,1,SETTLEMENT,project-authored synthetic control record
DOC-INV-202112-900486-2-AR,INV-202112-900486-2-AR,SALES_INVOICE,売上請求,2021-12-13,2021-12-13,explicit-journal-link,C,C001,JPY,240960,31,2,OPEN_ITEM,project-authored synthetic control record
DOC-INV-202112-900495-1-AP,INV-202112-900495-1-AP,PURCHASE_INVOICE,仕入請求,2021-12-15,2021-12-15,explicit-journal-link,S,V001,JPY,193300,32,1,OPEN_ITEM,project-authored synthetic control record
DOC-SET-202112-900513-1-AR,SET-202112-900513-1-AR,BANK_RECEIPT_NOTICE,入金,2021-12-16,2021-12-16,explicit-journal-link,C,C001,JPY,497370,34,1,SETTLEMENT,project-authored synthetic control record
DOC-SET-202112-900499-1-AP,SET-202112-900499-1-AP,BANK_TRANSFER_RECEIPT,支払,2021-12-17,2021-12-17,explicit-journal-link,S,V001,JPY,320100,36,1,SETTLEMENT,project-authored synthetic control record
DOC-INV-202112-900515-1-AP,INV-202112-900515-1-AP,PURCHASE_INVOICE,仕入請求,2021-12-17,2021-12-17,explicit-journal-link,S,V001,JPY,184330,38,1,OPEN_ITEM,project-authored synthetic control record
DOC-INV-202112-900530-2-AR,INV-202112-900530-2-AR,SALES_INVOICE,売上請求,2021-12-17,2021-12-17,explicit-journal-link,C,C001,JPY,299560,39,2,OPEN_ITEM,project-authored synthetic control record
DOC-INV-202112-900522-2-AR,INV-202112-900522-2-AR,SALES_INVOICE,売上請求,2021-12-18,2021-12-18,explicit-journal-link,C,C001,JPY,412820,40,2,OPEN_ITEM,project-authored synthetic control record
DOC-INV-202112-900481-2-AR,INV-202112-900481-2-AR,SALES_INVOICE,売上請求,2021-12-19,2021-12-19,explicit-journal-link,C,C001,JPY,561980,41,2,OPEN_ITEM,project-authored synthetic control record
DOC-SET-202112-900494-1-AR,SET-202112-900494-1-AR,BANK_RECEIPT_NOTICE,入金,2021-12-19,2021-12-19,explicit-journal-link,C,C001,JPY,319590,42,1,SETTLEMENT,project-authored synthetic control record
DOC-INV-202112-900491-2-AR,INV-202112-900491-2-AR,SALES_INVOICE,売上請求,2021-12-20,2021-12-20,explicit-journal-link,C,C001,JPY,524660,46,2,OPEN_ITEM,project-authored synthetic control record
DOC-INV-202112-900526-1-AP,INV-202112-900526-1-AP,PURCHASE_INVOICE,仕入請求,2021-12-20,2021-12-20,explicit-journal-link,S,V001,JPY,359270,47,1,OPEN_ITEM,project-authored synthetic control record
DOC-INV-202112-900501-2-AR,INV-202112-900501-2-AR,SALES_INVOICE,売上請求,2021-12-24,2021-12-24,explicit-journal-link,C,C001,JPY,108870,51,2,OPEN_ITEM,project-authored synthetic control record
DOC-INV-202112-900524-2-AR,INV-202112-900524-2-AR,SALES_INVOICE,売上請求,2021-12-24,2021-12-24,explicit-journal-link,C,C001,JPY,185990,52,2,OPEN_ITEM,project-authored synthetic control record
DOC-SET-202112-900483-1-AR,SET-202112-900483-1-AR,BANK_RECEIPT_NOTICE,入金,2021-12-25,2021-12-25,explicit-journal-link,C,C001,JPY,332990,53,1,SETTLEMENT,project-authored synthetic control record
DOC-INV-202112-900476-1-AP,INV-202112-900476-1-AP,PURCHASE_INVOICE,仕入請求,2021-12-26,2021-12-26,explicit-journal-link,S,V001,JPY,53400,54,1,OPEN_ITEM,project-authored synthetic control record
DOC-INV-202112-900472-2-AR,INV-202112-900472-2-AR,SALES_INVOICE,売上請求,2021-12-27,2021-12-27,explicit-journal-link,C,C001,JPY,345930,56,2,OPEN_ITEM,project-authored synthetic control record
DOC-INV-202112-900475-1-AP,INV-202112-900475-1-AP,PURCHASE_INVOICE,仕入請求,2021-12-28,2021-12-28,explicit-journal-link,S,V001,JPY,327130,57,1,OPEN_ITEM,project-authored synthetic control record
DOC-INV-202112-900482-2-AR,INV-202112-900482-2-AR,SALES_INVOICE,売上請求,2021-12-30,2021-12-30,explicit-journal-link,C,C001,JPY,458500,58,2,OPEN_ITEM,project-authored synthetic control record
DOC-SET-202112-900504-1-AR,SET-202112-900504-1-AR,BANK_RECEIPT_NOTICE,入金,2021-12-30,2021-12-30,explicit-journal-link,C,C001,JPY,389920,59,1,SETTLEMENT,project-authored synthetic control record
DOC-SET-202112-900487-2-AP,SET-202112-900487-2-AP,BANK_TRANSFER_RECEIPT,支払,2021-12-31,2021-12-31,explicit-journal-link,S,V001,JPY,340340,60,2,SETTLEMENT,project-authored synthetic control record
DOC-INV-202201-900535-1-AP,INV-202201-900535-1-AP,PURCHASE_INVOICE,仕入請求,2022-01-03,2022-01-03,explicit-journal-link,S,V001,JPY,376950,3,1,OPEN_ITEM,project-authored synthetic control record
DOC-SET-202201-900534-1-AR,SET-202201-900534-1-AR,BANK_RECEIPT_NOTICE,入金,2022-01-04,2022-01-04,explicit-journal-link,C,C001,JPY,252020,4,1,SETTLEMENT,project-authored synthetic control record
DOC-SET-202201-900583-1-AR,SET-202201-900583-1-AR,BANK_RECEIPT_NOTICE,入金,2022-01-04,2022-01-04,explicit-journal-link,C,C001,JPY,181110,5,1,SETTLEMENT,project-authored synthetic control record
DOC-SET-202201-900573-1-AR,SET-202201-900573-1-AR,BANK_RECEIPT_NOTICE,入金,2022-01-05,2022-01-05,explicit-journal-link,C,C001,JPY,335470,6,1,SETTLEMENT,project-authored synthetic control record
DOC-SET-202201-900563-1-AR,SET-202201-900563-1-AR,BANK_RECEIPT_NOTICE,入金,2022-01-06,2022-01-06,explicit-journal-link,C,C001,JPY,86730,7,1,SETTLEMENT,project-authored synthetic control record
DOC-INV-202201-900566-1-AP,INV-202201-900566-1-AP,PURCHASE_INVOICE,仕入請求,2022-01-07,2022-01-07,explicit-journal-link,S,V001,JPY,154460,13,1,OPEN_ITEM,project-authored synthetic control record
DOC-SET-202201-900567-2-AP,SET-202201-900567-2-AP,BANK_TRANSFER_RECEIPT,支払,2022-01-07,2022-01-07,explicit-journal-link,S,V001,JPY,132130,14,2,SETTLEMENT,project-authored synthetic control record
DOC-INV-202201-900590-2-AR,INV-202201-900590-2-AR,SALES_INVOICE,売上請求,2022-01-07,2022-01-07,explicit-journal-link,C,C001,JPY,441180,16,2,OPEN_ITEM,project-authored synthetic control record
DOC-INV-202201-900536-1-AP,INV-202201-900536-1-AP,PURCHASE_INVOICE,仕入請求,2022-01-07,2022-01-07,explicit-journal-link,S,V001,JPY,46110,9,1,OPEN_ITEM,project-authored synthetic control record
DOC-INV-202201-900532-2-AR,INV-202201-900532-2-AR,SALES_INVOICE,売上請求,2022-01-08,2022-01-08,explicit-journal-link,C,C001,JPY,278710,17,2,OPEN_ITEM,project-authored synthetic control record
DOC-INV-202201-900545-1-AP,INV-202201-900545-1-AP,PURCHASE_INVOICE,仕入請求,2022-01-08,2022-01-08,explicit-journal-link,S,V001,JPY,145800,19,1,OPEN_ITEM,project-authored synthetic control record
DOC-SET-202201-900547-2-AP,SET-202201-900547-2-AP,BANK_TRANSFER_RECEIPT,支払,2022-01-08,2022-01-08,explicit-journal-link,S,V001,JPY,29050,20,2,SETTLEMENT,project-authored synthetic control record
DOC-INV-202201-900571-2-AR,INV-202201-900571-2-AR,SALES_INVOICE,売上請求,2022-01-08,2022-01-08,explicit-journal-link,C,C001,JPY,462720,21,2,OPEN_ITEM,project-authored synthetic control record
DOC-INV-202201-900550-2-AR,INV-202201-900550-2-AR,SALES_INVOICE,売上請求,2022-01-09,2022-01-09,explicit-journal-link,C,C001,JPY,257130,22,2,OPEN_ITEM,project-authored synthetic control record
DOC-INV-202201-900562-2-AR,INV-202201-900562-2-AR,SALES_INVOICE,売上請求,2022-01-09,2022-01-09,explicit-journal-link,C,C001,JPY,141390,23,2,OPEN_ITEM,project-authored synthetic control record
DOC-SET-202201-900553-1-AR,SET-202201-900553-1-AR,BANK_RECEIPT_NOTICE,入金,2022-01-10,2022-01-10,explicit-journal-link,C,C001,JPY,60010,25,1,SETTLEMENT,project-authored synthetic control record
DOC-SET-202201-900577-2-AP,SET-202201-900577-2-AP,BANK_TRANSFER_RECEIPT,支払,2022-01-11,2022-01-11,explicit-journal-link,S,V001,JPY,300330,28,2,SETTLEMENT,project-authored synthetic control record
DOC-INV-202201-900551-2-AR,INV-202201-900551-2-AR,SALES_INVOICE,売上請求,2022-01-12,2022-01-12,explicit-journal-link,C,C001,JPY,199900,30,2,OPEN_ITEM,project-authored synthetic control record
DOC-INV-202201-900556-2-AR,INV-202201-900556-2-AR,SALES_INVOICE,売上請求,2022-01-13,2022-01-13,explicit-journal-link,C,C001,JPY,324790,31,2,OPEN_ITEM,project-authored synthetic control record
DOC-INV-202201-900575-1-AP,INV-202201-900575-1-AP,PURCHASE_INVOICE,仕入請求,2022-01-13,2022-01-13,explicit-journal-link,S,V001,JPY,133180,32,1,OPEN_ITEM,project-authored synthetic control record
DOC-INV-202201-900576-1-AP,INV-202201-900576-1-AP,PURCHASE_INVOICE,仕入請求,2022-01-14,2022-01-14,explicit-journal-link,S,V001,JPY,394400,34,1,OPEN_ITEM,project-authored synthetic control record
DOC-SET-202201-900537-1-AP,SET-202201-900537-1-AP,BANK_TRANSFER_RECEIPT,支払,2022-01-16,2022-01-16,explicit-journal-link,S,V001,JPY,217690,36,1,SETTLEMENT,project-authored synthetic control record
DOC-SET-202201-900587-1-AP,SET-202201-900587-1-AP,BANK_TRANSFER_RECEIPT,支払,2022-01-16,2022-01-16,explicit-journal-link,S,V001,JPY,59520,37,1,SETTLEMENT,project-authored synthetic control record
DOC-SET-202201-900544-1-AR,SET-202201-900544-1-AR,BANK_RECEIPT_NOTICE,入金,2022-01-17,2022-01-17,explicit-journal-link,C,C001,JPY,175540,38,1,SETTLEMENT,project-authored synthetic control record
DOC-SET-202201-900557-2-AP,SET-202201-900557-2-AP,BANK_TRANSFER_RECEIPT,支払,2022-01-17,2022-01-17,explicit-journal-link,S,V001,JPY,308740,39,2,SETTLEMENT,project-authored synthetic control record
DOC-SET-202201-900543-1-AP,SET-202201-900543-1-AP,BANK_TRANSFER_RECEIPT,支払,2022-01-20,2022-01-20,explicit-journal-link,S,V001,JPY,471830,42,1,SETTLEMENT,project-authored synthetic control record
DOC-SET-202201-900554-1-AR,SET-202201-900554-1-AR,BANK_RECEIPT_NOTICE,入金,2022-01-20,2022-01-20,explicit-journal-link,C,C001,JPY,242600,43,1,SETTLEMENT,project-authored synthetic control record
DOC-INV-202201-900574-2-AR,INV-202201-900574-2-AR,SALES_INVOICE,売上請求,2022-01-20,2022-01-20,explicit-journal-link,C,C001,JPY,158760,44,2,OPEN_ITEM,project-authored synthetic control record
DOC-INV-202201-900561-2-AR,INV-202201-900561-2-AR,SALES_INVOICE,売上請求,2022-01-22,2022-01-22,explicit-journal-link,C,C001,JPY,470100,45,2,OPEN_ITEM,project-authored synthetic control record
DOC-INV-202201-900570-2-AR,INV-202201-900570-2-AR,SALES_INVOICE,売上請求,2022-01-22,2022-01-22,explicit-journal-link,C,C001,JPY,594780,46,2,OPEN_ITEM,project-authored synthetic control record
DOC-INV-202201-900585-1-AP,INV-202201-900585-1-AP,PURCHASE_INVOICE,仕入請求,2022-01-22,2022-01-22,explicit-journal-link,S,V001,JPY,184820,47,1,OPEN_ITEM,project-authored synthetic control record
DOC-SET-202201-900549-1-AP,SET-202201-900549-1-AP,BANK_TRANSFER_RECEIPT,支払,2022-01-24,2022-01-24,explicit-journal-link,S,V001,JPY,189650,48,1,SETTLEMENT,project-authored synthetic control record
DOC-SET-202201-900564-1-AR,SET-202201-900564-1-AR,BANK_RECEIPT_NOTICE,入金,2022-01-25,2022-01-25,explicit-journal-link,C,C001,JPY,94750,49,1,SETTLEMENT,project-authored synthetic control record
DOC-INV-202201-900582-2-AR,INV-202201-900582-2-AR,SALES_INVOICE,売上請求,2022-01-26,2022-01-26,explicit-journal-link,C,C001,JPY,69520,50,2,OPEN_ITEM,project-authored synthetic control record
DOC-INV-202201-900586-1-AP,INV-202201-900586-1-AP,PURCHASE_INVOICE,仕入請求,2022-01-26,2022-01-26,explicit-journal-link,S,V001,JPY,274530,51,1,OPEN_ITEM,project-authored synthetic control record
DOC-INV-202201-900542-2-AR,INV-202201-900542-2-AR,SALES_INVOICE,売上請求,2022-01-28,2022-01-28,explicit-journal-link,C,C001,JPY,555200,52,2,OPEN_ITEM,project-authored synthetic control record
DOC-INV-202201-900555-1-AP,INV-202201-900555-1-AP,PURCHASE_INVOICE,仕入請求,2022-01-28,2022-01-28,explicit-journal-link,S,V001,JPY,170990,53,1,OPEN_ITEM,project-authored synthetic control record
DOC-INV-202201-900560-2-AR,INV-202201-900560-2-AR,SALES_INVOICE,売上請求,2022-01-29,2022-01-29,explicit-journal-link,C,C001,JPY,143540,55,2,OPEN_ITEM,project-authored synthetic control record
DOC-INV-202201-900568-2-AR,INV-202201-900568-2-AR,SALES_INVOICE,売上請求,2022-01-29,2022-01-29,explicit-journal-link,C,C001,JPY,103980,56,2,OPEN_ITEM,project-authored synthetic control record
DOC-SET-202201-900581-1-AP,SET-202201-900581-1-AP,BANK_TRANSFER_RECEIPT,支払,2022-01-29,2022-01-29,explicit-journal-link,S,V001,JPY,438010,57,1,SETTLEMENT,project-authored synthetic control record
DOC-INV-202201-900541-2-AR,INV-202201-900541-2-AR,SALES_INVOICE,売上請求,2022-01-31,2022-01-31,explicit-journal-link,C,C001,JPY,470430,58,2,OPEN_ITEM,project-authored synthetic control record
DOC-INV-202201-900580-2-AR,INV-202201-900580-2-AR,SALES_INVOICE,売上請求,2022-01-31,2022-01-31,explicit-journal-link,C,C001,JPY,498270,59,2,OPEN_ITEM,project-authored synthetic control record
DOC-INV-202202-900605-1-AP,INV-202202-900605-1-AP,PURCHASE_INVOICE,仕入請求,2022-02-01,2022-02-01,explicit-journal-link,S,V001,JPY,137870,1,1,OPEN_ITEM,project-authored synthetic control record
DOC-INV-202202-900592-2-AR,INV-202202-900592-2-AR,SALES_INVOICE,売上請求,2022-02-02,2022-02-02,explicit-journal-link,C,C001,JPY,439160,2,2,OPEN_ITEM,project-authored synthetic control record
DOC-INV-202202-900595-1-AP,INV-202202-900595-1-AP,PURCHASE_INVOICE,仕入請求,2022-02-02,2022-02-02,explicit-journal-link,S,V001,JPY,38230,3,1,OPEN_ITEM,project-authored synthetic control record
DOC-SET-202202-900629-1-AP,SET-202202-900629-1-AP,BANK_TRANSFER_RECEIPT,支払,2022-02-02,2022-02-02,explicit-journal-link,S,V001,JPY,117770,4,1,SETTLEMENT,project-authored synthetic control record
DOC-INV-202202-900641-2-AR,INV-202202-900641-2-AR,SALES_INVOICE,売上請求,2022-02-02,2022-02-02,explicit-journal-link,C,C001,JPY,550300,5,2,OPEN_ITEM,project-authored synthetic control record
DOC-INV-202202-900626-1-AP,INV-202202-900626-1-AP,PURCHASE_INVOICE,仕入請求,2022-02-03,2022-02-03,explicit-journal-link,S,V001,JPY,277450,7,1,OPEN_ITEM,project-authored synthetic control record
DOC-INV-202202-900600-2-AR,INV-202202-900600-2-AR,SALES_INVOICE,売上請求,2022-02-04,2022-02-04,explicit-journal-link,C,C001,JPY,387360,10,2,OPEN_ITEM,project-authored synthetic control record
DOC-SET-202202-900614-1-AR,SET-202202-900614-1-AR,BANK_RECEIPT_NOTICE,入金,2022-02-04,2022-02-04,explicit-journal-link,C,C001,JPY,79810,11,1,SETTLEMENT,project-authored synthetic control record
DOC-SET-202202-900593-1-AP,SET-202202-900593-1-AP,BANK_TRANSFER_RECEIPT,支払,2022-02-04,2022-02-04,explicit-journal-link,S,V001,JPY,67240,9,1,SETTLEMENT,project-authored synthetic control record
DOC-INV-202202-900616-2-AR,INV-202202-900616-2-AR,SALES_INVOICE,売上請求,2022-02-05,2022-02-05,explicit-journal-link,C,C001,JPY,182270,12,2,OPEN_ITEM,project-authored synthetic control record
DOC-SET-202202-900627-2-AP,SET-202202-900627-2-AP,BANK_TRANSFER_RECEIPT,支払,2022-02-06,2022-02-06,explicit-journal-link,S,V001,JPY,297220,14,2,SETTLEMENT,project-authored synthetic control record
DOC-SET-202202-900647-2-AP,SET-202202-900647-2-AP,BANK_TRANSFER_RECEIPT,支払,2022-02-06,2022-02-06,explicit-journal-link,S,V001,JPY,293160,15,2,SETTLEMENT,project-authored synthetic control record
DOC-SET-202202-900623-1-AP,SET-202202-900623-1-AP,BANK_TRANSFER_RECEIPT,支払,2022-02-08,2022-02-08,explicit-journal-link,S,V001,JPY,100460,17,1,SETTLEMENT,project-authored synthetic control record
DOC-SET-202202-900634-1-AR,SET-202202-900634-1-AR,BANK_RECEIPT_NOTICE,入金,2022-02-08,2022-02-08,explicit-journal-link,C,C001,JPY,500030,18,1,SETTLEMENT,project-authored synthetic control record
DOC-INV-202202-900620-2-AR,INV-202202-900620-2-AR,SALES_INVOICE,売上請求,2022-02-09,2022-02-09,explicit-journal-link,C,C001,JPY,406720,20,2,OPEN_ITEM,project-authored synthetic control record
DOC-SET-202202-900603-1-AR,SET-202202-900603-1-AR,BANK_RECEIPT_NOTICE,入金,2022-02-10,2022-02-10,explicit-journal-link,C,C001,JPY,61800,21,1,SETTLEMENT,project-authored synthetic control record
DOC-INV-202202-900642-2-AR,INV-202202-900642-2-AR,SALES_INVOICE,売上請求,2022-02-11,2022-02-11,explicit-journal-link,C,C001,JPY,327270,23,2,OPEN_ITEM,project-authored synthetic control record
DOC-INV-202202-900645-1-AP,INV-202202-900645-1-AP,PURCHASE_INVOICE,仕入請求,2022-02-11,2022-02-11,explicit-journal-link,S,V001,JPY,362650,24,1,OPEN_ITEM,project-authored synthetic control record
DOC-INV-202202-900621-2-AR,INV-202202-900621-2-AR,SALES_INVOICE,売上請求,2022-02-12,2022-02-12,explicit-journal-link,C,C001,JPY,558020,26,2,OPEN_ITEM,project-authored synthetic control record
DOC-INV-202202-900630-2-AR,INV-202202-900630-2-AR,SALES_INVOICE,売上請求,2022-02-12,2022-02-12,explicit-journal-link,C,C001,JPY,396830,27,2,OPEN_ITEM,project-authored synthetic control record
DOC-INV-202202-900644-2-AR,INV-202202-900644-2-AR,SALES_INVOICE,売上請求,2022-02-12,2022-02-12,explicit-journal-link,C,C001,JPY,33250,28,2,OPEN_ITEM,project-authored synthetic control record
DOC-INV-202202-900615-1-AP,INV-202202-900615-1-AP,PURCHASE_INVOICE,仕入請求,2022-02-13,2022-02-13,explicit-journal-link,S,V001,JPY,292150,30,1,OPEN_ITEM,project-authored synthetic control record
DOC-INV-202202-900610-2-AR,INV-202202-900610-2-AR,SALES_INVOICE,売上請求,2022-02-14,2022-02-14,explicit-journal-link,C,C001,JPY,460340,32,2,OPEN_ITEM,project-authored synthetic control record
DOC-INV-202202-900622-2-AR,INV-202202-900622-2-AR,SALES_INVOICE,売上請求,2022-02-14,2022-02-14,explicit-journal-link,C,C001,JPY,362110,34,2,OPEN_ITEM,project-authored synthetic control record
DOC-SET-202202-900607-2-AP,SET-202202-900607-2-AP,BANK_TRANSFER_RECEIPT,支払,2022-02-17,2022-02-17,explicit-journal-link,S,V001,JPY,290910,39,2,SETTLEMENT,project-authored synthetic control record
DOC-INV-202202-900636-1-AP,INV-202202-900636-1-AP,PURCHASE_INVOICE,仕入請求,2022-02-19,2022-02-19,explicit-journal-link,S,V001,JPY,133490,40,1,OPEN_ITEM,project-authored synthetic control record
DOC-INV-202202-900596-1-AP,INV-202202-900596-1-AP,PURCHASE_INVOICE,仕入請求,2022-02-21,2022-02-21,explicit-journal-link,S,V001,JPY,199620,42,1,OPEN_ITEM,project-authored synthetic control record
DOC-SET-202202-900613-1-AR,SET-202202-900613-1-AR,BANK_RECEIPT_NOTICE,入金,2022-02-21,2022-02-21,explicit-journal-link,C,C001,JPY,107170,43,1,SETTLEMENT,project-authored synthetic control record
DOC-INV-202202-900611-2-AR,INV-202202-900611-2-AR,SALES_INVOICE,売上請求,2022-02-22,2022-02-22,explicit-journal-link,C,C001,JPY,53250,44,2,OPEN_ITEM,project-authored synthetic control record
DOC-INV-202202-900632-2-AR,INV-202202-900632-2-AR,SALES_INVOICE,売上請求,2022-02-22,2022-02-22,explicit-journal-link,C,C001,JPY,532500,45,2,OPEN_ITEM,project-authored synthetic control record
DOC-SET-202202-900633-1-AR,SET-202202-900633-1-AR,BANK_RECEIPT_NOTICE,入金,2022-02-23,2022-02-23,explicit-journal-link,C,C001,JPY,53980,46,1,SETTLEMENT,project-authored synthetic control record
DOC-INV-202202-900601-2-AR,INV-202202-900601-2-AR,SALES_INVOICE,売上請求,2022-02-24,2022-02-24,explicit-journal-link,C,C001,JPY,524240,47,2,OPEN_ITEM,project-authored synthetic control record
DOC-SET-202202-900643-1-AR,SET-202202-900643-1-AR,BANK_RECEIPT_NOTICE,入金,2022-02-24,2022-02-24,explicit-journal-link,C,C001,JPY,325920,48,1,SETTLEMENT,project-authored synthetic control record
DOC-SET-202202-900594-1-AR,SET-202202-900594-1-AR,BANK_RECEIPT_NOTICE,入金,2022-02-25,2022-02-25,explicit-journal-link,C,C001,JPY,191530,49,1,SETTLEMENT,project-authored synthetic control record
DOC-INV-202202-900602-2-AR,INV-202202-900602-2-AR,SALES_INVOICE,売上請求,2022-02-26,2022-02-26,explicit-journal-link,C,C001,JPY,61000,50,2,OPEN_ITEM,project-authored synthetic control record
DOC-SET-202202-900624-1-AR,SET-202202-900624-1-AR,BANK_RECEIPT_NOTICE,入金,2022-02-26,2022-02-26,explicit-journal-link,C,C001,JPY,308770,51,1,SETTLEMENT,project-authored synthetic control record
DOC-INV-202202-900606-2-AR,INV-202202-900606-2-AR,SALES_INVOICE,売上請求,2022-02-27,2022-02-27,explicit-journal-link,C,C001,JPY,83550,54,2,OPEN_ITEM,project-authored synthetic control record
DOC-SET-202202-900617-2-AP,SET-202202-900617-2-AP,BANK_TRANSFER_RECEIPT,支払,2022-02-27,2022-02-27,explicit-journal-link,S,V001,JPY,267940,55,2,SETTLEMENT,project-authored synthetic control record
DOC-SET-202202-900635-1-AR,SET-202202-900635-1-AR,BANK_RECEIPT_NOTICE,入金,2022-02-27,2022-02-27,explicit-journal-link,C,C001,JPY,139680,56,1,SETTLEMENT,project-authored synthetic control record
DOC-SET-202202-900635-3-AR,SET-202202-900635-3-AR,BANK_RECEIPT_NOTICE,入金,2022-02-27,2022-02-27,explicit-journal-link,C,C001,JPY,67430,56,3,SETTLEMENT,project-authored synthetic control record
DOC-SET-202202-900635-4-AR,SET-202202-900635-4-AR,BANK_RECEIPT_NOTICE,入金,2022-02-27,2022-02-27,explicit-journal-link,C,C001,JPY,274570,56,4,SETTLEMENT,project-authored synthetic control record
DOC-SET-202202-900637-1-AP,SET-202202-900637-1-AP,BANK_TRANSFER_RECEIPT,支払,2022-02-28,2022-02-28,explicit-journal-link,S,V001,JPY,222700,57,1,SETTLEMENT,project-authored synthetic control record
DOC-INV-202203-900671-2-AR,INV-202203-900671-2-AR,SALES_INVOICE,売上請求,2022-03-01,2022-03-01,explicit-journal-link,C,C001,JPY,478190,1,2,OPEN_ITEM,project-authored synthetic control record
DOC-SET-202203-900683-1-AR,SET-202203-900683-1-AR,BANK_RECEIPT_NOTICE,入金,2022-03-01,2022-03-01,explicit-journal-link,C,C001,JPY,450630,2,1,SETTLEMENT,project-authored synthetic control record
DOC-SET-202203-900664-1-AR,SET-202203-900664-1-AR,BANK_RECEIPT_NOTICE,入金,2022-03-02,2022-03-02,explicit-journal-link,C,C001,JPY,357170,3,1,SETTLEMENT,project-authored synthetic control record
DOC-INV-202203-900692-2-AR,INV-202203-900692-2-AR,SALES_INVOICE,売上請求,2022-03-02,2022-03-02,explicit-journal-link,C,C001,JPY,333380,4,2,OPEN_ITEM,project-authored synthetic control record
DOC-SET-202203-900697-2-AP,SET-202203-900697-2-AP,BANK_TRANSFER_RECEIPT,支払,2022-03-02,2022-03-02,explicit-journal-link,S,V001,JPY,300670,5,2,SETTLEMENT,project-authored synthetic control record
DOC-SET-202203-900669-1-AP,SET-202203-900669-1-AP,BANK_TRANSFER_RECEIPT,支払,2022-03-03,2022-03-03,explicit-journal-link,S,V001,JPY,201600,6,1,SETTLEMENT,project-authored synthetic control record
DOC-INV-202203-900686-1-AP,INV-202203-900686-1-AP,PURCHASE_INVOICE,仕入請求,2022-03-03,2022-03-03,explicit-journal-link,S,V001,JPY,54120,7,1,OPEN_ITEM,project-authored synthetic control record
DOC-SET-202203-900687-2-AP,SET-202203-900687-2-AP,BANK_TRANSFER_RECEIPT,支払,2022-03-03,2022-03-03,explicit-journal-link,S,V001,JPY,98750,8,2,SETTLEMENT,project-authored synthetic control record
DOC-INV-202203-900651-2-AR,INV-202203-900651-2-AR,SALES_INVOICE,売上請求,2022-03-04,2022-03-04,explicit-journal-link,C,C001,JPY,542830,9,2,OPEN_ITEM,project-authored synthetic control record
DOC-INV-202203-900670-2-AR,INV-202203-900670-2-AR,SALES_INVOICE,売上請求,2022-03-05,2022-03-05,explicit-journal-link,C,C001,JPY,554310,11,2,OPEN_ITEM,project-authored synthetic control record
DOC-INV-202203-900706-2-AR,INV-202203-900706-2-AR,SALES_INVOICE,売上請求,2022-03-05,2022-03-05,explicit-journal-link,C,C001,JPY,604030,12,2,OPEN_ITEM,project-authored synthetic control record
DOC-INV-202203-900656-2-AR,INV-202203-900656-2-AR,SALES_INVOICE,売上請求,2022-03-06,2022-03-06,explicit-journal-link,C,C001,JPY,281490,13,2,OPEN_ITEM,project-authored synthetic control record
DOC-INV-202203-900661-2-AR,INV-202203-900661-2-AR,SALES_INVOICE,売上請求,2022-03-06,2022-03-06,explicit-journal-link,C,C001,JPY,328340,14,2,OPEN_ITEM,project-authored synthetic control record
DOC-INV-202203-900695-1-AP,INV-202203-900695-1-AP,PURCHASE_INVOICE,仕入請求,2022-03-06,2022-03-06,explicit-journal-link,S,V001,JPY,39690,15,1,OPEN_ITEM,project-authored synthetic control record
DOC-SET-202203-900654-1-AR,SET-202203-900654-1-AR,BANK_RECEIPT_NOTICE,入金,2022-03-07,2022-03-07,explicit-journal-link,C,C001,JPY,510450,16,1,SETTLEMENT,project-authored synthetic control record
DOC-INV-202203-900650-2-AR,INV-202203-900650-2-AR,SALES_INVOICE,売上請求,2022-03-15,2022-03-15,explicit-journal-link,C,C001,JPY,439400,28,2,OPEN_ITEM,project-authored synthetic control record
DOC-SET-202203-900675-1-AP,SET-202203-900675-1-AP,BANK_TRANSFER_RECEIPT,支払,2022-03-15,2022-03-15,explicit-journal-link,S,V001,JPY,418040,29,1,SETTLEMENT,project-authored synthetic control record
DOC-INV-202203-900700-2-AR,INV-202203-900700-2-AR,SALES_INVOICE,売上請求,2022-03-17,2022-03-17,explicit-journal-link,C,C001,JPY,134390,31,2,OPEN_ITEM,project-authored synthetic control record
DOC-INV-202203-900662-2-AR,INV-202203-900662-2-AR,SALES_INVOICE,売上請求,2022-03-18,2022-03-18,explicit-journal-link,C,C001,JPY,47780,33,2,OPEN_ITEM,project-authored synthetic control record
DOC-INV-202203-900694-2-AR,INV-202203-900694-2-AR,SALES_INVOICE,売上請求,2022-03-21,2022-03-21,explicit-journal-link,C,C001,JPY,122100,44,2,OPEN_ITEM,project-authored synthetic control record
DOC-INV-202203-900688-2-AR,INV-202203-900688-2-AR,SALES_INVOICE,売上請求,2022-03-28,2022-03-28,explicit-journal-link,C,C001,JPY,253800,51,2,OPEN_ITEM,project-authored synthetic control record
DOC-SET-202203-900681-1-AP,SET-202203-900681-1-AP,BANK_TRANSFER_RECEIPT,支払,2022-03-29,2022-03-29,explicit-journal-link,S,V001,JPY,220380,54,1,SETTLEMENT,project-authored synthetic control record
DOC-SET-202204-REF-AF-AR-SET-001-2-AR,SET-202204-REF-AF-AR-SET-001-2-AR,BANK_RECEIPT_NOTICE,入金,2022-04-10,2022-04-10,explicit-journal-link,C,C001,JPY,12695,RA001,2,SETTLEMENT,project-authored synthetic control record
DOC-SET-202204-REF-AF-AP-SET-001-1-AP,SET-202204-REF-AF-AP-SET-001-1-AP,BANK_TRANSFER_RECEIPT,支払,2022-04-15,2022-04-15,explicit-journal-link,S,V001,JPY,25000,RA002,1,SETTLEMENT,project-authored synthetic control record
DOC-SET-202205-REF-AF-AR-SET-002-2-AR,SET-202205-REF-AF-AR-SET-002-2-AR,BANK_RECEIPT_NOTICE,入金,2022-05-10,2022-05-10,explicit-journal-link,C,C001,JPY,12695,RA003,2,SETTLEMENT,project-authored synthetic control record
DOC-SET-202205-REF-AF-AP-SET-002-1-AP,SET-202205-REF-AF-AP-SET-002-1-AP,BANK_TRANSFER_RECEIPT,支払,2022-05-15,2022-05-15,explicit-journal-link,S,V001,JPY,25000,RA004,1,SETTLEMENT,project-authored synthetic control record
