Document_ID,Document_Number,Document_Type,Partner_Type,Partner_Code,Document_Month,Transaction_ID,Line_ID,Line_Number,Item_Code,Item_Description,Quantity,Unit,Unit_Price,Net_Amount,Tax_Category,Tax_Rate,Tax_Amount,Gross_Amount,Tax_Rounding,Amount_Basis
DOC-INV-202102-REF-BF-AR-001-1-AR,INV-202102-REF-BF-AR-001-1-AR,Sales Invoice,C,C001,2021-02,RB001,1,1,SYN-AR,Synthetic evaluation item,1,EA,600000,600000,,,0,600000,none,gross equals linked control posting
DOC-INV-202102-REF-BF-AP-001-2-AP,INV-202102-REF-BF-AP-001-2-AP,Purchase Invoice,S,V001,2021-02,RB002,2,1,SYN-AP,Synthetic evaluation item,1,EA,1200000,1200000,,,0,1200000,none,gross equals linked control posting
DOC-INV-202103-REF-BF-AR-002-1-AR,INV-202103-REF-BF-AR-002-1-AR,Sales Invoice,C,C001,2021-03,RB005,1,1,SYN-AR,Synthetic evaluation item,1,EA,1000000,1000000,,,0,1000000,none,gross equals linked control posting
DOC-INV-202103-REF-BF-AP-002-2-AP,INV-202103-REF-BF-AP-002-2-AP,Purchase Invoice,S,V001,2021-03,RB006,2,1,SYN-AP,Synthetic evaluation item,1,EA,2423720,2423720,,,0,2423720,none,gross equals linked control posting
DOC-INV-202104-900050-2-AR,INV-202104-900050-2-AR,Sales Invoice,C,C001,2021-04,1,2,1,SYN-AR,Synthetic evaluation item,1,EA,427020,427020,,,0,427020,none,gross equals linked control posting
DOC-INV-202104-900001-2-AR,INV-202104-900001-2-AR,Sales Invoice,C,C001,2021-04,2,2,1,SYN-AR,Synthetic evaluation item,1,EA,355310,355310,,,0,355310,none,gross equals linked control posting
DOC-INV-202104-900012-2-AR,INV-202104-900012-2-AR,Sales Invoice,C,C001,2021-04,3,2,1,SYN-AR,Synthetic evaluation item,1,EA,555650,555650,,,0,555650,none,gross equals linked control posting
DOC-INV-202104-900006-1-AP,INV-202104-900006-1-AP,Purchase Invoice,S,V001,2021-04,5,1,1,SYN-AP,Synthetic evaluation item,1,EA,367850,367850,,,0,367850,none,gross equals linked control posting
DOC-INV-202104-900010-2-AR,INV-202104-900010-2-AR,Sales Invoice,C,C001,2021-04,6,2,1,SYN-AR,Synthetic evaluation item,1,EA,228470,228470,,,0,228470,none,gross equals linked control posting
DOC-INV-202104-900056-1-AP,INV-202104-900056-1-AP,Purchase Invoice,S,V001,2021-04,10,1,1,SYN-AP,Synthetic evaluation item,1,EA,222250,222250,,,0,222250,none,gross equals linked control posting
DOC-INV-202104-900045-1-AP,INV-202104-900045-1-AP,Purchase Invoice,S,V001,2021-04,9,1,1,SYN-AP,Synthetic evaluation item,1,EA,95580,95580,,,0,95580,none,gross equals linked control posting
DOC-INV-202104-900020-2-AR,INV-202104-900020-2-AR,Sales Invoice,C,C001,2021-04,11,2,1,SYN-AR,Synthetic evaluation item,1,EA,65230,65230,,,0,65230,none,gross equals linked control posting
DOC-INV-202104-900028-2-AR,INV-202104-900028-2-AR,Sales Invoice,C,C001,2021-04,12,2,1,SYN-AR,Synthetic evaluation item,1,EA,290830,290830,,,0,290830,none,gross equals linked control posting
DOC-INV-202104-900035-1-AP,INV-202104-900035-1-AP,Purchase Invoice,S,V001,2021-04,15,1,1,SYN-AP,Synthetic evaluation item,1,EA,181350,181350,,,0,181350,none,gross equals linked control posting
DOC-INV-202104-900060-2-AR,INV-202104-900060-2-AR,Sales Invoice,C,C001,2021-04,18,2,1,SYN-AR,Synthetic evaluation item,1,EA,227480,227480,,,0,227480,none,gross equals linked control posting
DOC-INV-202104-900026-1-AP,INV-202104-900026-1-AP,Purchase Invoice,S,V001,2021-04,19,1,1,SYN-AP,Synthetic evaluation item,1,EA,78360,78360,,,0,78360,none,gross equals linked control posting
DOC-INV-202104-900031-2-AR,INV-202104-900031-2-AR,Sales Invoice,C,C001,2021-04,21,2,1,SYN-AR,Synthetic evaluation item,1,EA,372520,372520,,,0,372520,none,gross equals linked control posting
DOC-INV-202104-900034-2-AR,INV-202104-900034-2-AR,Sales Invoice,C,C001,2021-04,26,2,1,SYN-AR,Synthetic evaluation item,1,EA,280970,280970,,,0,280970,none,gross equals linked control posting
DOC-INV-202104-900051-2-AR,INV-202104-900051-2-AR,Sales Invoice,C,C001,2021-04,30,2,1,SYN-AR,Synthetic evaluation item,1,EA,496230,496230,,,0,496230,none,gross equals linked control posting
DOC-INV-202104-900032-2-AR,INV-202104-900032-2-AR,Sales Invoice,C,C001,2021-04,34,2,1,SYN-AR,Synthetic evaluation item,1,EA,104340,104340,,,0,104340,none,gross equals linked control posting
DOC-INV-202104-900036-1-AP,INV-202104-900036-1-AP,Purchase Invoice,S,V001,2021-04,35,1,1,SYN-AP,Synthetic evaluation item,1,EA,68760,68760,,,0,68760,none,gross equals linked control posting
DOC-INV-202104-900016-1-AP,INV-202104-900016-1-AP,Purchase Invoice,S,V001,2021-04,41,1,1,SYN-AP,Synthetic evaluation item,1,EA,241670,241670,,,0,241670,none,gross equals linked control posting
DOC-INV-202104-900025-1-AP,INV-202104-900025-1-AP,Purchase Invoice,S,V001,2021-04,43,1,1,SYN-AP,Synthetic evaluation item,1,EA,187410,187410,,,0,187410,none,gross equals linked control posting
DOC-INV-202104-900040-2-AR,INV-202104-900040-2-AR,Sales Invoice,C,C001,2021-04,44,2,1,SYN-AR,Synthetic evaluation item,1,EA,164790,164790,,,0,164790,none,gross equals linked control posting
DOC-INV-202104-900002-2-AR,INV-202104-900002-2-AR,Sales Invoice,C,C001,2021-04,45,2,1,SYN-AR,Synthetic evaluation item,1,EA,152170,152170,,,0,152170,none,gross equals linked control posting
DOC-INV-202104-900041-2-AR,INV-202104-900041-2-AR,Sales Invoice,C,C001,2021-04,46,2,1,SYN-AR,Synthetic evaluation item,1,EA,97700,97700,,,0,97700,none,gross equals linked control posting
DOC-INV-202104-900042-2-AR,INV-202104-900042-2-AR,Sales Invoice,C,C001,2021-04,51,2,1,SYN-AR,Synthetic evaluation item,1,EA,70700,70700,,,0,70700,none,gross equals linked control posting
DOC-INV-202104-900022-2-AR,INV-202104-900022-2-AR,Sales Invoice,C,C001,2021-04,54,2,1,SYN-AR,Synthetic evaluation item,1,EA,545850,545850,,,0,545850,none,gross equals linked control posting
DOC-INV-202104-900062-2-AR,INV-202104-900062-2-AR,Sales Invoice,C,C001,2021-04,62,2,1,SYN-AR,Synthetic evaluation item,1,EA,525670,525670,,,0,525670,none,gross equals linked control posting
DOC-INV-202105-900121-2-AR,INV-202105-900121-2-AR,Sales Invoice,C,C001,2021-05,2,2,1,SYN-AR,Synthetic evaluation item,1,EA,440700,440700,,,0,440700,none,gross equals linked control posting
DOC-INV-202105-900086-2-AR,INV-202105-900086-2-AR,Sales Invoice,C,C001,2021-05,6,2,1,SYN-AR,Synthetic evaluation item,1,EA,535390,535390,,,0,535390,none,gross equals linked control posting
DOC-INV-202105-900101-2-AR,INV-202105-900101-2-AR,Sales Invoice,C,C001,2021-05,9,2,1,SYN-AR,Synthetic evaluation item,1,EA,266140,266140,,,0,266140,none,gross equals linked control posting
DOC-INV-202105-900091-2-AR,INV-202105-900091-2-AR,Sales Invoice,C,C001,2021-05,11,2,1,SYN-AR,Synthetic evaluation item,1,EA,124120,124120,,,0,124120,none,gross equals linked control posting
DOC-INV-202105-900095-1-AP,INV-202105-900095-1-AP,Purchase Invoice,S,V001,2021-05,12,1,1,SYN-AP,Synthetic evaluation item,1,EA,350590,350590,,,0,350590,none,gross equals linked control posting
DOC-INV-202105-900100-2-AR,INV-202105-900100-2-AR,Sales Invoice,C,C001,2021-05,13,2,1,SYN-AR,Synthetic evaluation item,1,EA,536790,536790,,,0,536790,none,gross equals linked control posting
DOC-INV-202105-900092-2-AR,INV-202105-900092-2-AR,Sales Invoice,C,C001,2021-05,14,2,1,SYN-AR,Synthetic evaluation item,1,EA,569760,569760,,,0,569760,none,gross equals linked control posting
DOC-INV-202105-900111-2-AR,INV-202105-900111-2-AR,Sales Invoice,C,C001,2021-05,15,2,1,SYN-AR,Synthetic evaluation item,1,EA,311690,311690,,,0,311690,none,gross equals linked control posting
DOC-INV-202105-900066-1-AP,INV-202105-900066-1-AP,Purchase Invoice,S,V001,2021-05,16,1,1,SYN-AP,Synthetic evaluation item,1,EA,51360,51360,,,0,51360,none,gross equals linked control posting
DOC-INV-202105-900068-2-AR,INV-202105-900068-2-AR,Sales Invoice,C,C001,2021-05,17,2,1,SYN-AR,Synthetic evaluation item,1,EA,91250,91250,,,0,91250,none,gross equals linked control posting
DOC-INV-202105-900075-1-AP,INV-202105-900075-1-AP,Purchase Invoice,S,V001,2021-05,18,1,1,SYN-AP,Synthetic evaluation item,1,EA,379290,379290,,,0,379290,none,gross equals linked control posting
DOC-INV-202105-900082-2-AR,INV-202105-900082-2-AR,Sales Invoice,C,C001,2021-05,19,2,1,SYN-AR,Synthetic evaluation item,1,EA,355510,355510,,,0,355510,none,gross equals linked control posting
DOC-INV-202105-900076-1-AP,INV-202105-900076-1-AP,Purchase Invoice,S,V001,2021-05,21,1,1,SYN-AP,Synthetic evaluation item,1,EA,161300,161300,,,0,161300,none,gross equals linked control posting
DOC-INV-202105-900106-1-AP,INV-202105-900106-1-AP,Purchase Invoice,S,V001,2021-05,23,1,1,SYN-AP,Synthetic evaluation item,1,EA,182290,182290,,,0,182290,none,gross equals linked control posting
DOC-INV-202105-900074-2-AR,INV-202105-900074-2-AR,Sales Invoice,C,C001,2021-05,25,2,1,SYN-AR,Synthetic evaluation item,1,EA,71780,71780,,,0,71780,none,gross equals linked control posting
DOC-INV-202105-900096-1-AP,INV-202105-900096-1-AP,Purchase Invoice,S,V001,2021-05,27,1,1,SYN-AP,Synthetic evaluation item,1,EA,183300,183300,,,0,183300,none,gross equals linked control posting
DOC-INV-202105-900080-2-AR,INV-202105-900080-2-AR,Sales Invoice,C,C001,2021-05,32,2,1,SYN-AR,Synthetic evaluation item,1,EA,324430,324430,,,0,324430,none,gross equals linked control posting
DOC-INV-202105-900116-2-AR,INV-202105-900116-2-AR,Sales Invoice,C,C001,2021-05,33,2,1,SYN-AR,Synthetic evaluation item,1,EA,181470,181470,,,0,181470,none,gross equals linked control posting
DOC-INV-202105-900122-2-AR,INV-202105-900122-2-AR,Sales Invoice,C,C001,2021-05,34,2,1,SYN-AR,Synthetic evaluation item,1,EA,114980,114980,,,0,114980,none,gross equals linked control posting
DOC-INV-202105-900081-2-AR,INV-202105-900081-2-AR,Sales Invoice,C,C001,2021-05,35,2,1,SYN-AR,Synthetic evaluation item,1,EA,267410,267410,,,0,267410,none,gross equals linked control posting
DOC-INV-202105-900085-1-AP,INV-202105-900085-1-AP,Purchase Invoice,S,V001,2021-05,39,1,1,SYN-AP,Synthetic evaluation item,1,EA,209540,209540,,,0,209540,none,gross equals linked control posting
DOC-INV-202105-900070-2-AR,INV-202105-900070-2-AR,Sales Invoice,C,C001,2021-05,50,2,1,SYN-AR,Synthetic evaluation item,1,EA,237630,237630,,,0,237630,none,gross equals linked control posting
DOC-INV-202105-900102-2-AR,INV-202105-900102-2-AR,Sales Invoice,C,C001,2021-05,51,2,1,SYN-AR,Synthetic evaluation item,1,EA,482460,482460,,,0,482460,none,gross equals linked control posting
DOC-INV-202105-900072-2-AR,INV-202105-900072-2-AR,Sales Invoice,C,C001,2021-05,53,2,1,SYN-AR,Synthetic evaluation item,1,EA,396750,396750,,,0,396750,none,gross equals linked control posting
DOC-INV-202105-900120-2-AR,INV-202105-900120-2-AR,Sales Invoice,C,C001,2021-05,55,2,1,SYN-AR,Synthetic evaluation item,1,EA,97300,97300,,,0,97300,none,gross equals linked control posting
DOC-INV-202105-900110-2-AR,INV-202105-900110-2-AR,Sales Invoice,C,C001,2021-05,56,2,1,SYN-AR,Synthetic evaluation item,1,EA,240910,240910,,,0,240910,none,gross equals linked control posting
DOC-INV-202105-900115-1-AP,INV-202105-900115-1-AP,Purchase Invoice,S,V001,2021-05,60,1,1,SYN-AP,Synthetic evaluation item,1,EA,36650,36650,,,0,36650,none,gross equals linked control posting
DOC-INV-202106-900170-2-AR,INV-202106-900170-2-AR,Sales Invoice,C,C001,2021-06,3,2,1,SYN-AR,Synthetic evaluation item,1,EA,431450,431450,,,0,431450,none,gross equals linked control posting
DOC-INV-202106-900128-2-AR,INV-202106-900128-2-AR,Sales Invoice,C,C001,2021-06,9,2,1,SYN-AR,Synthetic evaluation item,1,EA,131050,131050,,,0,131050,none,gross equals linked control posting
DOC-INV-202106-900146-1-AP,INV-202106-900146-1-AP,Purchase Invoice,S,V001,2021-06,10,1,1,SYN-AP,Synthetic evaluation item,1,EA,321220,321220,,,0,321220,none,gross equals linked control posting
DOC-INV-202106-900155-1-AP,INV-202106-900155-1-AP,Purchase Invoice,S,V001,2021-06,13,1,1,SYN-AP,Synthetic evaluation item,1,EA,308680,308680,,,0,308680,none,gross equals linked control posting
DOC-INV-202106-900140-2-AR,INV-202106-900140-2-AR,Sales Invoice,C,C001,2021-06,14,2,1,SYN-AR,Synthetic evaluation item,1,EA,470070,470070,,,0,470070,none,gross equals linked control posting
DOC-INV-202106-900145-1-AP,INV-202106-900145-1-AP,Purchase Invoice,S,V001,2021-06,16,1,1,SYN-AP,Synthetic evaluation item,1,EA,295460,295460,,,0,295460,none,gross equals linked control posting
DOC-INV-202106-900174-2-AR,INV-202106-900174-2-AR,Sales Invoice,C,C001,2021-06,17,2,1,SYN-AR,Synthetic evaluation item,1,EA,169640,169640,,,0,169640,none,gross equals linked control posting
DOC-INV-202106-900132-2-AR,INV-202106-900132-2-AR,Sales Invoice,C,C001,2021-06,18,2,1,SYN-AR,Synthetic evaluation item,1,EA,593870,593870,,,0,593870,none,gross equals linked control posting
DOC-INV-202106-900162-2-AR,INV-202106-900162-2-AR,Sales Invoice,C,C001,2021-06,23,2,1,SYN-AR,Synthetic evaluation item,1,EA,412360,412360,,,0,412360,none,gross equals linked control posting
DOC-INV-202106-900136-1-AP,INV-202106-900136-1-AP,Purchase Invoice,S,V001,2021-06,25,1,1,SYN-AP,Synthetic evaluation item,1,EA,311910,311910,,,0,311910,none,gross equals linked control posting
DOC-INV-202106-900130-2-AR,INV-202106-900130-2-AR,Sales Invoice,C,C001,2021-06,27,2,1,SYN-AR,Synthetic evaluation item,1,EA,196610,196610,,,0,196610,none,gross equals linked control posting
DOC-INV-202106-900176-1-AP,INV-202106-900176-1-AP,Purchase Invoice,S,V001,2021-06,32,1,1,SYN-AP,Synthetic evaluation item,1,EA,78180,78180,,,0,78180,none,gross equals linked control posting
DOC-INV-202106-900126-1-AP,INV-202106-900126-1-AP,Purchase Invoice,S,V001,2021-06,34,1,1,SYN-AP,Synthetic evaluation item,1,EA,99670,99670,,,0,99670,none,gross equals linked control posting
DOC-INV-202106-900160-2-AR,INV-202106-900160-2-AR,Sales Invoice,C,C001,2021-06,35,2,1,SYN-AR,Synthetic evaluation item,1,EA,172330,172330,,,0,172330,none,gross equals linked control posting
DOC-INV-202106-900175-1-AP,INV-202106-900175-1-AP,Purchase Invoice,S,V001,2021-06,38,1,1,SYN-AP,Synthetic evaluation item,1,EA,123750,123750,,,0,123750,none,gross equals linked control posting
DOC-INV-202106-900152-2-AR,INV-202106-900152-2-AR,Sales Invoice,C,C001,2021-06,44,2,1,SYN-AR,Synthetic evaluation item,1,EA,503860,503860,,,0,503860,none,gross equals linked control posting
DOC-INV-202106-900156-1-AP,INV-202106-900156-1-AP,Purchase Invoice,S,V001,2021-06,45,1,1,SYN-AP,Synthetic evaluation item,1,EA,207690,207690,,,0,207690,none,gross equals linked control posting
DOC-INV-202106-900161-2-AR,INV-202106-900161-2-AR,Sales Invoice,C,C001,2021-06,47,2,1,SYN-AR,Synthetic evaluation item,1,EA,98340,98340,,,0,98340,none,gross equals linked control posting
DOC-INV-202106-900151-2-AR,INV-202106-900151-2-AR,Sales Invoice,C,C001,2021-06,48,2,1,SYN-AR,Synthetic evaluation item,1,EA,102260,102260,,,0,102260,none,gross equals linked control posting
DOC-INV-202106-900166-2-AR,INV-202106-900166-2-AR,Sales Invoice,C,C001,2021-06,49,2,1,SYN-AR,Synthetic evaluation item,1,EA,175070,175070,,,0,175070,none,gross equals linked control posting
DOC-INV-202106-900171-2-AR,INV-202106-900171-2-AR,Sales Invoice,C,C001,2021-06,50,2,1,SYN-AR,Synthetic evaluation item,1,EA,168530,168530,,,0,168530,none,gross equals linked control posting
DOC-INV-202106-900142-2-AR,INV-202106-900142-2-AR,Sales Invoice,C,C001,2021-06,54,2,1,SYN-AR,Synthetic evaluation item,1,EA,399260,399260,,,0,399260,none,gross equals linked control posting
DOC-INV-202106-900165-1-AP,INV-202106-900165-1-AP,Purchase Invoice,S,V001,2021-06,55,1,1,SYN-AP,Synthetic evaluation item,1,EA,129600,129600,,,0,129600,none,gross equals linked control posting
DOC-INV-202107-900190-2-AR,INV-202107-900190-2-AR,Sales Invoice,C,C001,2021-07,2,2,1,SYN-AR,Synthetic evaluation item,1,EA,322010,322010,,,0,322010,none,gross equals linked control posting
DOC-INV-202107-900211-2-AR,INV-202107-900211-2-AR,Sales Invoice,C,C001,2021-07,3,2,1,SYN-AR,Synthetic evaluation item,1,EA,417160,417160,,,0,417160,none,gross equals linked control posting
DOC-INV-202107-900226-1-AP,INV-202107-900226-1-AP,Purchase Invoice,S,V001,2021-07,4,1,1,SYN-AP,Synthetic evaluation item,1,EA,84120,84120,,,0,84120,none,gross equals linked control posting
DOC-INV-202107-900201-2-AR,INV-202107-900201-2-AR,Sales Invoice,C,C001,2021-07,9,2,1,SYN-AR,Synthetic evaluation item,1,EA,452220,452220,,,0,452220,none,gross equals linked control posting
DOC-INV-202107-900231-2-AR,INV-202107-900231-2-AR,Sales Invoice,C,C001,2021-07,11,2,1,SYN-AR,Synthetic evaluation item,1,EA,292430,292430,,,0,292430,none,gross equals linked control posting
DOC-INV-202107-900192-2-AR,INV-202107-900192-2-AR,Sales Invoice,C,C001,2021-07,14,2,1,SYN-AR,Synthetic evaluation item,1,EA,264960,264960,,,0,264960,none,gross equals linked control posting
DOC-INV-202107-900186-1-AP,INV-202107-900186-1-AP,Purchase Invoice,S,V001,2021-07,15,1,1,SYN-AP,Synthetic evaluation item,1,EA,272140,272140,,,0,272140,none,gross equals linked control posting
DOC-INV-202107-900221-2-AR,INV-202107-900221-2-AR,Sales Invoice,C,C001,2021-07,19,2,1,SYN-AR,Synthetic evaluation item,1,EA,383150,383150,,,0,383150,none,gross equals linked control posting
DOC-INV-202107-900195-1-AP,INV-202107-900195-1-AP,Purchase Invoice,S,V001,2021-07,20,1,1,SYN-AP,Synthetic evaluation item,1,EA,106450,106450,,,0,106450,none,gross equals linked control posting
DOC-INV-202107-900200-2-AR,INV-202107-900200-2-AR,Sales Invoice,C,C001,2021-07,21,2,1,SYN-AR,Synthetic evaluation item,1,EA,269950,269950,,,0,269950,none,gross equals linked control posting
DOC-INV-202107-900204-2-AR,INV-202107-900204-2-AR,Sales Invoice,C,C001,2021-07,22,2,1,SYN-AR,Synthetic evaluation item,1,EA,56250,56250,,,0,56250,none,gross equals linked control posting
DOC-INV-202107-900182-2-AR,INV-202107-900182-2-AR,Sales Invoice,C,C001,2021-07,24,2,1,SYN-AR,Synthetic evaluation item,1,EA,303390,303390,,,0,303390,none,gross equals linked control posting
DOC-INV-202107-900215-1-AP,INV-202107-900215-1-AP,Purchase Invoice,S,V001,2021-07,25,1,1,SYN-AP,Synthetic evaluation item,1,EA,289860,289860,,,0,289860,none,gross equals linked control posting
DOC-INV-202107-900180-2-AR,INV-202107-900180-2-AR,Sales Invoice,C,C001,2021-07,27,2,1,SYN-AR,Synthetic evaluation item,1,EA,399270,399270,,,0,399270,none,gross equals linked control posting
DOC-INV-202107-900210-2-AR,INV-202107-900210-2-AR,Sales Invoice,C,C001,2021-07,32,2,1,SYN-AR,Synthetic evaluation item,1,EA,240630,240630,,,0,240630,none,gross equals linked control posting
DOC-INV-202107-900196-1-AP,INV-202107-900196-1-AP,Purchase Invoice,S,V001,2021-07,33,1,1,SYN-AP,Synthetic evaluation item,1,EA,263010,263010,,,0,263010,none,gross equals linked control posting
DOC-INV-202107-900236-1-AP,INV-202107-900236-1-AP,Purchase Invoice,S,V001,2021-07,37,1,1,SYN-AP,Synthetic evaluation item,1,EA,58120,58120,,,0,58120,none,gross equals linked control posting
DOC-INV-202107-900230-2-AR,INV-202107-900230-2-AR,Sales Invoice,C,C001,2021-07,45,2,1,SYN-AR,Synthetic evaluation item,1,EA,233380,233380,,,0,233380,none,gross equals linked control posting
DOC-INV-202107-900216-2-AR,INV-202107-900216-2-AR,Sales Invoice,C,C001,2021-07,47,2,1,SYN-AR,Synthetic evaluation item,1,EA,420010,420010,,,0,420010,none,gross equals linked control posting
DOC-INV-202107-900220-2-AR,INV-202107-900220-2-AR,Sales Invoice,C,C001,2021-07,48,2,1,SYN-AR,Synthetic evaluation item,1,EA,458600,458600,,,0,458600,none,gross equals linked control posting
DOC-INV-202107-900222-2-AR,INV-202107-900222-2-AR,Sales Invoice,C,C001,2021-07,49,2,1,SYN-AR,Synthetic evaluation item,1,EA,597180,597180,,,0,597180,none,gross equals linked control posting
DOC-INV-202107-900202-2-AR,INV-202107-900202-2-AR,Sales Invoice,C,C001,2021-07,51,2,1,SYN-AR,Synthetic evaluation item,1,EA,317450,317450,,,0,317450,none,gross equals linked control posting
DOC-INV-202107-900205-1-AP,INV-202107-900205-1-AP,Purchase Invoice,S,V001,2021-07,52,1,1,SYN-AP,Synthetic evaluation item,1,EA,62220,62220,,,0,62220,none,gross equals linked control posting
DOC-INV-202107-900185-1-AP,INV-202107-900185-1-AP,Purchase Invoice,S,V001,2021-07,56,1,1,SYN-AP,Synthetic evaluation item,1,EA,252490,252490,,,0,252490,none,gross equals linked control posting
DOC-INV-202108-900250-2-AR,INV-202108-900250-2-AR,Sales Invoice,C,C001,2021-08,3,2,1,SYN-AR,Synthetic evaluation item,1,EA,366950,366950,,,0,366950,none,gross equals linked control posting
DOC-INV-202108-900252-2-AR,INV-202108-900252-2-AR,Sales Invoice,C,C001,2021-08,4,2,1,SYN-AR,Synthetic evaluation item,1,EA,583320,583320,,,0,583320,none,gross equals linked control posting
DOC-INV-202108-900240-2-AR,INV-202108-900240-2-AR,Sales Invoice,C,C001,2021-08,6,2,1,SYN-AR,Synthetic evaluation item,1,EA,378250,378250,,,0,378250,none,gross equals linked control posting
DOC-INV-202108-900255-1-AP,INV-202108-900255-1-AP,Purchase Invoice,S,V001,2021-08,11,1,1,SYN-AP,Synthetic evaluation item,1,EA,149650,149650,,,0,149650,none,gross equals linked control posting
DOC-INV-202108-900245-1-AP,INV-202108-900245-1-AP,Purchase Invoice,S,V001,2021-08,14,1,1,SYN-AP,Synthetic evaluation item,1,EA,189000,189000,,,0,189000,none,gross equals linked control posting
DOC-INV-202108-900280-2-AR,INV-202108-900280-2-AR,Sales Invoice,C,C001,2021-08,16,2,1,SYN-AR,Synthetic evaluation item,1,EA,532330,532330,,,0,532330,none,gross equals linked control posting
DOC-INV-202108-900292-2-AR,INV-202108-900292-2-AR,Sales Invoice,C,C001,2021-08,18,2,1,SYN-AR,Synthetic evaluation item,1,EA,282820,282820,,,0,282820,none,gross equals linked control posting
DOC-INV-202108-900294-2-AR,INV-202108-900294-2-AR,Sales Invoice,C,C001,2021-08,24,2,1,SYN-AR,Synthetic evaluation item,1,EA,130300,130300,,,0,130300,none,gross equals linked control posting
DOC-INV-202108-900272-2-AR,INV-202108-900272-2-AR,Sales Invoice,C,C001,2021-08,25,2,1,SYN-AR,Synthetic evaluation item,1,EA,284960,284960,,,0,284960,none,gross equals linked control posting
DOC-INV-202108-900248-2-AR,INV-202108-900248-2-AR,Sales Invoice,C,C001,2021-08,27,2,1,SYN-AR,Synthetic evaluation item,1,EA,104500,104500,,,0,104500,none,gross equals linked control posting
DOC-INV-202108-900254-2-AR,INV-202108-900254-2-AR,Sales Invoice,C,C001,2021-08,28,2,1,SYN-AR,Synthetic evaluation item,1,EA,85870,85870,,,0,85870,none,gross equals linked control posting
DOC-INV-202108-900261-2-AR,INV-202108-900261-2-AR,Sales Invoice,C,C001,2021-08,29,2,1,SYN-AR,Synthetic evaluation item,1,EA,268900,268900,,,0,268900,none,gross equals linked control posting
DOC-INV-202108-900260-2-AR,INV-202108-900260-2-AR,Sales Invoice,C,C001,2021-08,30,2,1,SYN-AR,Synthetic evaluation item,1,EA,109160,109160,,,0,109160,none,gross equals linked control posting
DOC-INV-202108-900282-2-AR,INV-202108-900282-2-AR,Sales Invoice,C,C001,2021-08,31,2,1,SYN-AR,Synthetic evaluation item,1,EA,146210,146210,,,0,146210,none,gross equals linked control posting
DOC-INV-202108-900271-2-AR,INV-202108-900271-2-AR,Sales Invoice,C,C001,2021-08,33,2,1,SYN-AR,Synthetic evaluation item,1,EA,316370,316370,,,0,316370,none,gross equals linked control posting
DOC-INV-202108-900265-1-AP,INV-202108-900265-1-AP,Purchase Invoice,S,V001,2021-08,40,1,1,SYN-AP,Synthetic evaluation item,1,EA,96540,96540,,,0,96540,none,gross equals linked control posting
DOC-INV-202108-900275-1-AP,INV-202108-900275-1-AP,Purchase Invoice,S,V001,2021-08,41,1,1,SYN-AP,Synthetic evaluation item,1,EA,330660,330660,,,0,330660,none,gross equals linked control posting
DOC-INV-202108-900286-1-AP,INV-202108-900286-1-AP,Purchase Invoice,S,V001,2021-08,42,1,1,SYN-AP,Synthetic evaluation item,1,EA,63790,63790,,,0,63790,none,gross equals linked control posting
DOC-INV-202108-900246-1-AP,INV-202108-900246-1-AP,Purchase Invoice,S,V001,2021-08,48,1,1,SYN-AP,Synthetic evaluation item,1,EA,31780,31780,,,0,31780,none,gross equals linked control posting
DOC-INV-202108-900290-2-AR,INV-202108-900290-2-AR,Sales Invoice,C,C001,2021-08,50,2,1,SYN-AR,Synthetic evaluation item,1,EA,444700,444700,,,0,444700,none,gross equals linked control posting
DOC-INV-202108-900295-1-AP,INV-202108-900295-1-AP,Purchase Invoice,S,V001,2021-08,52,1,1,SYN-AP,Synthetic evaluation item,1,EA,334370,334370,,,0,334370,none,gross equals linked control posting
DOC-INV-202108-900256-1-AP,INV-202108-900256-1-AP,Purchase Invoice,S,V001,2021-08,54,1,1,SYN-AP,Synthetic evaluation item,1,EA,333720,333720,,,0,333720,none,gross equals linked control posting
DOC-INV-202108-900242-2-AR,INV-202108-900242-2-AR,Sales Invoice,C,C001,2021-08,56,2,1,SYN-AR,Synthetic evaluation item,1,EA,62850,62850,,,0,62850,none,gross equals linked control posting
DOC-INV-202108-900262-2-AR,INV-202108-900262-2-AR,Sales Invoice,C,C001,2021-08,57,2,1,SYN-AR,Synthetic evaluation item,1,EA,263930,263930,,,0,263930,none,gross equals linked control posting
DOC-INV-202108-900266-1-AP,INV-202108-900266-1-AP,Purchase Invoice,S,V001,2021-08,58,1,1,SYN-AP,Synthetic evaluation item,1,EA,371680,371680,,,0,371680,none,gross equals linked control posting
DOC-INV-202109-900312-2-AR,INV-202109-900312-2-AR,Sales Invoice,C,C001,2021-09,5,2,1,SYN-AR,Synthetic evaluation item,1,EA,381440,381440,,,0,381440,none,gross equals linked control posting
DOC-INV-202109-900336-2-AR,INV-202109-900336-2-AR,Sales Invoice,C,C001,2021-09,6,2,1,SYN-AR,Synthetic evaluation item,1,EA,283080,283080,,,0,283080,none,gross equals linked control posting
DOC-INV-202109-900340-2-AR,INV-202109-900340-2-AR,Sales Invoice,C,C001,2021-09,9,2,1,SYN-AR,Synthetic evaluation item,1,EA,556670,556670,,,0,556670,none,gross equals linked control posting
DOC-INV-202109-900300-2-AR,INV-202109-900300-2-AR,Sales Invoice,C,C001,2021-09,12,2,1,SYN-AR,Synthetic evaluation item,1,EA,153130,153130,,,0,153130,none,gross equals linked control posting
DOC-INV-202109-900330-2-AR,INV-202109-900330-2-AR,Sales Invoice,C,C001,2021-09,19,2,1,SYN-AR,Synthetic evaluation item,1,EA,195040,195040,,,0,195040,none,gross equals linked control posting
DOC-INV-202109-900350-2-AR,INV-202109-900350-2-AR,Sales Invoice,C,C001,2021-09,20,2,1,SYN-AR,Synthetic evaluation item,1,EA,314480,314480,,,0,314480,none,gross equals linked control posting
DOC-INV-202109-900296-1-AP,INV-202109-900296-1-AP,Purchase Invoice,S,V001,2021-09,21,1,1,SYN-AP,Synthetic evaluation item,1,EA,258430,258430,,,0,258430,none,gross equals linked control posting
DOC-INV-202109-900301-2-AR,INV-202109-900301-2-AR,Sales Invoice,C,C001,2021-09,23,2,1,SYN-AR,Synthetic evaluation item,1,EA,168150,168150,,,0,168150,none,gross equals linked control posting
DOC-INV-202109-900310-2-AR,INV-202109-900310-2-AR,Sales Invoice,C,C001,2021-09,25,2,1,SYN-AR,Synthetic evaluation item,1,EA,110630,110630,,,0,110630,none,gross equals linked control posting
DOC-INV-202109-900331-2-AR,INV-202109-900331-2-AR,Sales Invoice,C,C001,2021-09,27,2,1,SYN-AR,Synthetic evaluation item,1,EA,118570,118570,,,0,118570,none,gross equals linked control posting
DOC-INV-202109-900348-2-AR,INV-202109-900348-2-AR,Sales Invoice,C,C001,2021-09,28,2,1,SYN-AR,Synthetic evaluation item,1,EA,160810,160810,,,0,160810,none,gross equals linked control posting
DOC-INV-202109-900302-2-AR,INV-202109-900302-2-AR,Sales Invoice,C,C001,2021-09,32,2,1,SYN-AR,Synthetic evaluation item,1,EA,450750,450750,,,0,450750,none,gross equals linked control posting
DOC-INV-202109-900335-1-AP,INV-202109-900335-1-AP,Purchase Invoice,S,V001,2021-09,35,1,1,SYN-AP,Synthetic evaluation item,1,EA,178650,178650,,,0,178650,none,gross equals linked control posting
DOC-INV-202109-900346-1-AP,INV-202109-900346-1-AP,Purchase Invoice,S,V001,2021-09,37,1,1,SYN-AP,Synthetic evaluation item,1,EA,332620,332620,,,0,332620,none,gross equals linked control posting
DOC-INV-202109-900322-2-AR,INV-202109-900322-2-AR,Sales Invoice,C,C001,2021-09,38,2,1,SYN-AR,Synthetic evaluation item,1,EA,174370,174370,,,0,174370,none,gross equals linked control posting
DOC-INV-202109-900325-1-AP,INV-202109-900325-1-AP,Purchase Invoice,S,V001,2021-09,39,1,1,SYN-AP,Synthetic evaluation item,1,EA,284710,284710,,,0,284710,none,gross equals linked control posting
DOC-INV-202109-900304-2-AR,INV-202109-900304-2-AR,Sales Invoice,C,C001,2021-09,40,2,1,SYN-AR,Synthetic evaluation item,1,EA,523820,523820,,,0,523820,none,gross equals linked control posting
DOC-INV-202109-900342-2-AR,INV-202109-900342-2-AR,Sales Invoice,C,C001,2021-09,42,2,1,SYN-AR,Synthetic evaluation item,1,EA,160300,160300,,,0,160300,none,gross equals linked control posting
DOC-INV-202109-900316-1-AP,INV-202109-900316-1-AP,Purchase Invoice,S,V001,2021-09,43,1,1,SYN-AP,Synthetic evaluation item,1,EA,148540,148540,,,0,148540,none,gross equals linked control posting
DOC-INV-202109-900315-1-AP,INV-202109-900315-1-AP,Purchase Invoice,S,V001,2021-09,46,1,1,SYN-AP,Synthetic evaluation item,1,EA,353960,353960,,,0,353960,none,gross equals linked control posting
DOC-INV-202109-900320-2-AR,INV-202109-900320-2-AR,Sales Invoice,C,C001,2021-09,48,2,1,SYN-AR,Synthetic evaluation item,1,EA,305090,305090,,,0,305090,none,gross equals linked control posting
DOC-INV-202109-900321-2-AR,INV-202109-900321-2-AR,Sales Invoice,C,C001,2021-09,53,2,1,SYN-AR,Synthetic evaluation item,1,EA,595770,595770,,,0,595770,none,gross equals linked control posting
DOC-INV-202109-900341-2-AR,INV-202109-900341-2-AR,Sales Invoice,C,C001,2021-09,55,2,1,SYN-AR,Synthetic evaluation item,1,EA,285420,285420,,,0,285420,none,gross equals linked control posting
DOC-INV-202109-900305-1-AP,INV-202109-900305-1-AP,Purchase Invoice,S,V001,2021-09,57,1,1,SYN-AP,Synthetic evaluation item,1,EA,101790,101790,,,0,101790,none,gross equals linked control posting
DOC-INV-202109-900352-2-AR,INV-202109-900352-2-AR,Sales Invoice,C,C001,2021-09,58,2,1,SYN-AR,Synthetic evaluation item,1,EA,272770,272770,,,0,272770,none,gross equals linked control posting
DOC-INV-202110-900385-1-AP,INV-202110-900385-1-AP,Purchase Invoice,S,V001,2021-10,3,1,1,SYN-AP,Synthetic evaluation item,1,EA,36660,36660,,,0,36660,none,gross equals linked control posting
DOC-INV-202110-900406-1-AP,INV-202110-900406-1-AP,Purchase Invoice,S,V001,2021-10,6,1,1,SYN-AP,Synthetic evaluation item,1,EA,333950,333950,,,0,333950,none,gross equals linked control posting
DOC-INV-202110-900395-1-AP,INV-202110-900395-1-AP,Purchase Invoice,S,V001,2021-10,7,1,1,SYN-AP,Synthetic evaluation item,1,EA,195440,195440,,,0,195440,none,gross equals linked control posting
DOC-INV-202110-900372-2-AR,INV-202110-900372-2-AR,Sales Invoice,C,C001,2021-10,8,2,1,SYN-AR,Synthetic evaluation item,1,EA,486740,486740,,,0,486740,none,gross equals linked control posting
DOC-INV-202110-900380-2-AR,INV-202110-900380-2-AR,Sales Invoice,C,C001,2021-10,12,2,1,SYN-AR,Synthetic evaluation item,1,EA,78840,78840,,,0,78840,none,gross equals linked control posting
DOC-INV-202110-900382-2-AR,INV-202110-900382-2-AR,Sales Invoice,C,C001,2021-10,13,2,1,SYN-AR,Synthetic evaluation item,1,EA,100740,100740,,,0,100740,none,gross equals linked control posting
DOC-INV-202110-900392-2-AR,INV-202110-900392-2-AR,Sales Invoice,C,C001,2021-10,14,2,1,SYN-AR,Synthetic evaluation item,1,EA,368460,368460,,,0,368460,none,gross equals linked control posting
DOC-INV-202110-900356-1-AP,INV-202110-900356-1-AP,Purchase Invoice,S,V001,2021-10,16,1,1,SYN-AP,Synthetic evaluation item,1,EA,268000,268000,,,0,268000,none,gross equals linked control posting
DOC-INV-202110-900381-2-AR,INV-202110-900381-2-AR,Sales Invoice,C,C001,2021-10,17,2,1,SYN-AR,Synthetic evaluation item,1,EA,335100,335100,,,0,335100,none,gross equals linked control posting
DOC-INV-202110-900400-2-AR,INV-202110-900400-2-AR,Sales Invoice,C,C001,2021-10,20,2,1,SYN-AR,Synthetic evaluation item,1,EA,246940,246940,,,0,246940,none,gross equals linked control posting
DOC-INV-202110-900360-2-AR,INV-202110-900360-2-AR,Sales Invoice,C,C001,2021-10,24,2,1,SYN-AR,Synthetic evaluation item,1,EA,302090,302090,,,0,302090,none,gross equals linked control posting
DOC-INV-202110-900386-2-AR,INV-202110-900386-2-AR,Sales Invoice,C,C001,2021-10,28,2,1,SYN-AR,Synthetic evaluation item,1,EA,279450,279450,,,0,279450,none,gross equals linked control posting
DOC-INV-202110-900391-2-AR,INV-202110-900391-2-AR,Sales Invoice,C,C001,2021-10,32,2,1,SYN-AR,Synthetic evaluation item,1,EA,100730,100730,,,0,100730,none,gross equals linked control posting
DOC-INV-202110-900402-2-AR,INV-202110-900402-2-AR,Sales Invoice,C,C001,2021-10,35,2,1,SYN-AR,Synthetic evaluation item,1,EA,71050,71050,,,0,71050,none,gross equals linked control posting
DOC-INV-202110-900375-1-AP,INV-202110-900375-1-AP,Purchase Invoice,S,V001,2021-10,37,1,1,SYN-AP,Synthetic evaluation item,1,EA,113680,113680,,,0,113680,none,gross equals linked control posting
DOC-INV-202110-900362-2-AR,INV-202110-900362-2-AR,Sales Invoice,C,C001,2021-10,41,2,1,SYN-AR,Synthetic evaluation item,1,EA,149380,149380,,,0,149380,none,gross equals linked control posting
DOC-INV-202110-900366-1-AP,INV-202110-900366-1-AP,Purchase Invoice,S,V001,2021-10,42,1,1,SYN-AP,Synthetic evaluation item,1,EA,222290,222290,,,0,222290,none,gross equals linked control posting
DOC-INV-202110-900365-1-AP,INV-202110-900365-1-AP,Purchase Invoice,S,V001,2021-10,49,1,1,SYN-AP,Synthetic evaluation item,1,EA,249130,249130,,,0,249130,none,gross equals linked control posting
DOC-INV-202110-900370-2-AR,INV-202110-900370-2-AR,Sales Invoice,C,C001,2021-10,50,2,1,SYN-AR,Synthetic evaluation item,1,EA,376100,376100,,,0,376100,none,gross equals linked control posting
DOC-INV-202110-900376-1-AP,INV-202110-900376-1-AP,Purchase Invoice,S,V001,2021-10,52,1,1,SYN-AP,Synthetic evaluation item,1,EA,184540,184540,,,0,184540,none,gross equals linked control posting
DOC-INV-202110-900410-2-AR,INV-202110-900410-2-AR,Sales Invoice,C,C001,2021-10,53,2,1,SYN-AR,Synthetic evaluation item,1,EA,256830,256830,,,0,256830,none,gross equals linked control posting
DOC-INV-202111-900425-1-AP,INV-202111-900425-1-AP,Purchase Invoice,S,V001,2021-11,2,1,1,SYN-AP,Synthetic evaluation item,1,EA,309160,309160,,,0,309160,none,gross equals linked control posting
DOC-INV-202111-900435-1-AP,INV-202111-900435-1-AP,Purchase Invoice,S,V001,2021-11,4,1,1,SYN-AP,Synthetic evaluation item,1,EA,72000,72000,,,0,72000,none,gross equals linked control posting
DOC-INV-202111-900466-1-AP,INV-202111-900466-1-AP,Purchase Invoice,S,V001,2021-11,6,1,1,SYN-AP,Synthetic evaluation item,1,EA,363650,363650,,,0,363650,none,gross equals linked control posting
DOC-INV-202111-900462-2-AR,INV-202111-900462-2-AR,Sales Invoice,C,C001,2021-11,8,2,1,SYN-AR,Synthetic evaluation item,1,EA,236330,236330,,,0,236330,none,gross equals linked control posting
DOC-INV-202111-900412-2-AR,INV-202111-900412-2-AR,Sales Invoice,C,C001,2021-11,10,2,1,SYN-AR,Synthetic evaluation item,1,EA,438890,438890,,,0,438890,none,gross equals linked control posting
DOC-INV-202111-900440-2-AR,INV-202111-900440-2-AR,Sales Invoice,C,C001,2021-11,14,2,1,SYN-AR,Synthetic evaluation item,1,EA,83210,83210,,,0,83210,none,gross equals linked control posting
DOC-INV-202111-900422-2-AR,INV-202111-900422-2-AR,Sales Invoice,C,C001,2021-11,18,2,1,SYN-AR,Synthetic evaluation item,1,EA,580680,580680,,,0,580680,none,gross equals linked control posting
DOC-INV-202111-900450-2-AR,INV-202111-900450-2-AR,Sales Invoice,C,C001,2021-11,20,2,1,SYN-AR,Synthetic evaluation item,1,EA,438240,438240,,,0,438240,none,gross equals linked control posting
DOC-INV-202111-900451-2-AR,INV-202111-900451-2-AR,Sales Invoice,C,C001,2021-11,21,2,1,SYN-AR,Synthetic evaluation item,1,EA,300970,300970,,,0,300970,none,gross equals linked control posting
DOC-INV-202111-900456-1-AP,INV-202111-900456-1-AP,Purchase Invoice,S,V001,2021-11,24,1,1,SYN-AP,Synthetic evaluation item,1,EA,204250,204250,,,0,204250,none,gross equals linked control posting
DOC-INV-202111-900441-2-AR,INV-202111-900441-2-AR,Sales Invoice,C,C001,2021-11,25,2,1,SYN-AR,Synthetic evaluation item,1,EA,337560,337560,,,0,337560,none,gross equals linked control posting
DOC-INV-202111-900421-2-AR,INV-202111-900421-2-AR,Sales Invoice,C,C001,2021-11,26,2,1,SYN-AR,Synthetic evaluation item,1,EA,167500,167500,,,0,167500,none,gross equals linked control posting
DOC-INV-202111-900436-2-AR,INV-202111-900436-2-AR,Sales Invoice,C,C001,2021-11,32,2,1,SYN-AR,Synthetic evaluation item,1,EA,441120,441120,,,0,441120,none,gross equals linked control posting
DOC-INV-202111-900432-2-AR,INV-202111-900432-2-AR,Sales Invoice,C,C001,2021-11,34,2,1,SYN-AR,Synthetic evaluation item,1,EA,247300,247300,,,0,247300,none,gross equals linked control posting
DOC-INV-202111-900460-2-AR,INV-202111-900460-2-AR,Sales Invoice,C,C001,2021-11,38,2,1,SYN-AR,Synthetic evaluation item,1,EA,286310,286310,,,0,286310,none,gross equals linked control posting
DOC-INV-202111-900470-2-AR,INV-202111-900470-2-AR,Sales Invoice,C,C001,2021-11,39,2,1,SYN-AR,Synthetic evaluation item,1,EA,405040,405040,,,0,405040,none,gross equals linked control posting
DOC-INV-202111-900442-2-AR,INV-202111-900442-2-AR,Sales Invoice,C,C001,2021-11,40,2,1,SYN-AR,Synthetic evaluation item,1,EA,106470,106470,,,0,106470,none,gross equals linked control posting
DOC-INV-202111-900446-1-AP,INV-202111-900446-1-AP,Purchase Invoice,S,V001,2021-11,41,1,1,SYN-AP,Synthetic evaluation item,1,EA,142990,142990,,,0,142990,none,gross equals linked control posting
DOC-INV-202111-900415-1-AP,INV-202111-900415-1-AP,Purchase Invoice,S,V001,2021-11,47,1,1,SYN-AP,Synthetic evaluation item,1,EA,127820,127820,,,0,127820,none,gross equals linked control posting
DOC-INV-202111-900424-2-AR,INV-202111-900424-2-AR,Sales Invoice,C,C001,2021-11,48,2,1,SYN-AR,Synthetic evaluation item,1,EA,200490,200490,,,0,200490,none,gross equals linked control posting
DOC-INV-202111-900431-2-AR,INV-202111-900431-2-AR,Sales Invoice,C,C001,2021-11,49,2,1,SYN-AR,Synthetic evaluation item,1,EA,380420,380420,,,0,380420,none,gross equals linked control posting
DOC-INV-202111-900468-2-AR,INV-202111-900468-2-AR,Sales Invoice,C,C001,2021-11,50,2,1,SYN-AR,Synthetic evaluation item,1,EA,145010,145010,,,0,145010,none,gross equals linked control posting
DOC-INV-202111-900416-1-AP,INV-202111-900416-1-AP,Purchase Invoice,S,V001,2021-11,52,1,1,SYN-AP,Synthetic evaluation item,1,EA,70730,70730,,,0,70730,none,gross equals linked control posting
DOC-INV-202111-900430-2-AR,INV-202111-900430-2-AR,Sales Invoice,C,C001,2021-11,55,2,1,SYN-AR,Synthetic evaluation item,1,EA,245890,245890,,,0,245890,none,gross equals linked control posting
DOC-INV-202112-900512-2-AR,INV-202112-900512-2-AR,Sales Invoice,C,C001,2021-12,1,2,1,SYN-AR,Synthetic evaluation item,1,EA,223440,223440,,,0,223440,none,gross equals linked control posting
DOC-INV-202112-900516-1-AP,INV-202112-900516-1-AP,Purchase Invoice,S,V001,2021-12,2,1,1,SYN-AP,Synthetic evaluation item,1,EA,102160,102160,,,0,102160,none,gross equals linked control posting
DOC-INV-202112-900492-2-AR,INV-202112-900492-2-AR,Sales Invoice,C,C001,2021-12,5,2,1,SYN-AR,Synthetic evaluation item,1,EA,566420,566420,,,0,566420,none,gross equals linked control posting
DOC-INV-202112-900496-1-AP,INV-202112-900496-1-AP,Purchase Invoice,S,V001,2021-12,6,1,1,SYN-AP,Synthetic evaluation item,1,EA,387010,387010,,,0,387010,none,gross equals linked control posting
DOC-INV-202112-900525-1-AP,INV-202112-900525-1-AP,Purchase Invoice,S,V001,2021-12,7,1,1,SYN-AP,Synthetic evaluation item,1,EA,89390,89390,,,0,89390,none,gross equals linked control posting
DOC-INV-202112-900518-2-AR,INV-202112-900518-2-AR,Sales Invoice,C,C001,2021-12,11,2,1,SYN-AR,Synthetic evaluation item,1,EA,182160,182160,,,0,182160,none,gross equals linked control posting
DOC-INV-202112-900474-2-AR,INV-202112-900474-2-AR,Sales Invoice,C,C001,2021-12,8,2,1,SYN-AR,Synthetic evaluation item,1,EA,125340,125340,,,0,125340,none,gross equals linked control posting
DOC-INV-202112-900485-1-AP,INV-202112-900485-1-AP,Purchase Invoice,S,V001,2021-12,14,1,1,SYN-AP,Synthetic evaluation item,1,EA,209170,209170,,,0,209170,none,gross equals linked control posting
DOC-INV-202112-900502-2-AR,INV-202112-900502-2-AR,Sales Invoice,C,C001,2021-12,16,2,1,SYN-AR,Synthetic evaluation item,1,EA,114990,114990,,,0,114990,none,gross equals linked control posting
DOC-INV-202112-900500-2-AR,INV-202112-900500-2-AR,Sales Invoice,C,C001,2021-12,17,2,1,SYN-AR,Synthetic evaluation item,1,EA,321310,321310,,,0,321310,none,gross equals linked control posting
DOC-INV-202112-900506-1-AP,INV-202112-900506-1-AP,Purchase Invoice,S,V001,2021-12,19,1,1,SYN-AP,Synthetic evaluation item,1,EA,107000,107000,,,0,107000,none,gross equals linked control posting
DOC-INV-202112-900521-2-AR,INV-202112-900521-2-AR,Sales Invoice,C,C001,2021-12,20,2,1,SYN-AR,Synthetic evaluation item,1,EA,363790,363790,,,0,363790,none,gross equals linked control posting
DOC-INV-202112-900531-2-AR,INV-202112-900531-2-AR,Sales Invoice,C,C001,2021-12,23,2,1,SYN-AR,Synthetic evaluation item,1,EA,245710,245710,,,0,245710,none,gross equals linked control posting
DOC-INV-202112-900511-2-AR,INV-202112-900511-2-AR,Sales Invoice,C,C001,2021-12,26,2,1,SYN-AR,Synthetic evaluation item,1,EA,434600,434600,,,0,434600,none,gross equals linked control posting
DOC-INV-202112-900480-2-AR,INV-202112-900480-2-AR,Sales Invoice,C,C001,2021-12,28,2,1,SYN-AR,Synthetic evaluation item,1,EA,560760,560760,,,0,560760,none,gross equals linked control posting
DOC-INV-202112-900510-2-AR,INV-202112-900510-2-AR,Sales Invoice,C,C001,2021-12,29,2,1,SYN-AR,Synthetic evaluation item,1,EA,299300,299300,,,0,299300,none,gross equals linked control posting
DOC-INV-202112-900486-2-AR,INV-202112-900486-2-AR,Sales Invoice,C,C001,2021-12,31,2,1,SYN-AR,Synthetic evaluation item,1,EA,240960,240960,,,0,240960,none,gross equals linked control posting
DOC-INV-202112-900495-1-AP,INV-202112-900495-1-AP,Purchase Invoice,S,V001,2021-12,32,1,1,SYN-AP,Synthetic evaluation item,1,EA,193300,193300,,,0,193300,none,gross equals linked control posting
DOC-INV-202112-900515-1-AP,INV-202112-900515-1-AP,Purchase Invoice,S,V001,2021-12,38,1,1,SYN-AP,Synthetic evaluation item,1,EA,184330,184330,,,0,184330,none,gross equals linked control posting
DOC-INV-202112-900530-2-AR,INV-202112-900530-2-AR,Sales Invoice,C,C001,2021-12,39,2,1,SYN-AR,Synthetic evaluation item,1,EA,299560,299560,,,0,299560,none,gross equals linked control posting
DOC-INV-202112-900522-2-AR,INV-202112-900522-2-AR,Sales Invoice,C,C001,2021-12,40,2,1,SYN-AR,Synthetic evaluation item,1,EA,412820,412820,,,0,412820,none,gross equals linked control posting
DOC-INV-202112-900481-2-AR,INV-202112-900481-2-AR,Sales Invoice,C,C001,2021-12,41,2,1,SYN-AR,Synthetic evaluation item,1,EA,561980,561980,,,0,561980,none,gross equals linked control posting
DOC-INV-202112-900491-2-AR,INV-202112-900491-2-AR,Sales Invoice,C,C001,2021-12,46,2,1,SYN-AR,Synthetic evaluation item,1,EA,524660,524660,,,0,524660,none,gross equals linked control posting
DOC-INV-202112-900526-1-AP,INV-202112-900526-1-AP,Purchase Invoice,S,V001,2021-12,47,1,1,SYN-AP,Synthetic evaluation item,1,EA,359270,359270,,,0,359270,none,gross equals linked control posting
DOC-INV-202112-900501-2-AR,INV-202112-900501-2-AR,Sales Invoice,C,C001,2021-12,51,2,1,SYN-AR,Synthetic evaluation item,1,EA,108870,108870,,,0,108870,none,gross equals linked control posting
DOC-INV-202112-900524-2-AR,INV-202112-900524-2-AR,Sales Invoice,C,C001,2021-12,52,2,1,SYN-AR,Synthetic evaluation item,1,EA,185990,185990,,,0,185990,none,gross equals linked control posting
DOC-INV-202112-900476-1-AP,INV-202112-900476-1-AP,Purchase Invoice,S,V001,2021-12,54,1,1,SYN-AP,Synthetic evaluation item,1,EA,53400,53400,,,0,53400,none,gross equals linked control posting
DOC-INV-202112-900472-2-AR,INV-202112-900472-2-AR,Sales Invoice,C,C001,2021-12,56,2,1,SYN-AR,Synthetic evaluation item,1,EA,345930,345930,,,0,345930,none,gross equals linked control posting
DOC-INV-202112-900475-1-AP,INV-202112-900475-1-AP,Purchase Invoice,S,V001,2021-12,57,1,1,SYN-AP,Synthetic evaluation item,1,EA,327130,327130,,,0,327130,none,gross equals linked control posting
DOC-INV-202112-900482-2-AR,INV-202112-900482-2-AR,Sales Invoice,C,C001,2021-12,58,2,1,SYN-AR,Synthetic evaluation item,1,EA,458500,458500,,,0,458500,none,gross equals linked control posting
DOC-INV-202201-900535-1-AP,INV-202201-900535-1-AP,Purchase Invoice,S,V001,2022-01,3,1,1,SYN-AP,Synthetic evaluation item,1,EA,376950,376950,,,0,376950,none,gross equals linked control posting
DOC-INV-202201-900566-1-AP,INV-202201-900566-1-AP,Purchase Invoice,S,V001,2022-01,13,1,1,SYN-AP,Synthetic evaluation item,1,EA,154460,154460,,,0,154460,none,gross equals linked control posting
DOC-INV-202201-900590-2-AR,INV-202201-900590-2-AR,Sales Invoice,C,C001,2022-01,16,2,1,SYN-AR,Synthetic evaluation item,1,EA,441180,441180,,,0,441180,none,gross equals linked control posting
DOC-INV-202201-900536-1-AP,INV-202201-900536-1-AP,Purchase Invoice,S,V001,2022-01,9,1,1,SYN-AP,Synthetic evaluation item,1,EA,46110,46110,,,0,46110,none,gross equals linked control posting
DOC-INV-202201-900532-2-AR,INV-202201-900532-2-AR,Sales Invoice,C,C001,2022-01,17,2,1,SYN-AR,Synthetic evaluation item,1,EA,278710,278710,,,0,278710,none,gross equals linked control posting
DOC-INV-202201-900545-1-AP,INV-202201-900545-1-AP,Purchase Invoice,S,V001,2022-01,19,1,1,SYN-AP,Synthetic evaluation item,1,EA,145800,145800,,,0,145800,none,gross equals linked control posting
DOC-INV-202201-900571-2-AR,INV-202201-900571-2-AR,Sales Invoice,C,C001,2022-01,21,2,1,SYN-AR,Synthetic evaluation item,1,EA,462720,462720,,,0,462720,none,gross equals linked control posting
DOC-INV-202201-900550-2-AR,INV-202201-900550-2-AR,Sales Invoice,C,C001,2022-01,22,2,1,SYN-AR,Synthetic evaluation item,1,EA,257130,257130,,,0,257130,none,gross equals linked control posting
DOC-INV-202201-900562-2-AR,INV-202201-900562-2-AR,Sales Invoice,C,C001,2022-01,23,2,1,SYN-AR,Synthetic evaluation item,1,EA,141390,141390,,,0,141390,none,gross equals linked control posting
DOC-INV-202201-900551-2-AR,INV-202201-900551-2-AR,Sales Invoice,C,C001,2022-01,30,2,1,SYN-AR,Synthetic evaluation item,1,EA,199900,199900,,,0,199900,none,gross equals linked control posting
DOC-INV-202201-900556-2-AR,INV-202201-900556-2-AR,Sales Invoice,C,C001,2022-01,31,2,1,SYN-AR,Synthetic evaluation item,1,EA,324790,324790,,,0,324790,none,gross equals linked control posting
DOC-INV-202201-900575-1-AP,INV-202201-900575-1-AP,Purchase Invoice,S,V001,2022-01,32,1,1,SYN-AP,Synthetic evaluation item,1,EA,133180,133180,,,0,133180,none,gross equals linked control posting
DOC-INV-202201-900576-1-AP,INV-202201-900576-1-AP,Purchase Invoice,S,V001,2022-01,34,1,1,SYN-AP,Synthetic evaluation item,1,EA,394400,394400,,,0,394400,none,gross equals linked control posting
DOC-INV-202201-900574-2-AR,INV-202201-900574-2-AR,Sales Invoice,C,C001,2022-01,44,2,1,SYN-AR,Synthetic evaluation item,1,EA,158760,158760,,,0,158760,none,gross equals linked control posting
DOC-INV-202201-900561-2-AR,INV-202201-900561-2-AR,Sales Invoice,C,C001,2022-01,45,2,1,SYN-AR,Synthetic evaluation item,1,EA,470100,470100,,,0,470100,none,gross equals linked control posting
DOC-INV-202201-900570-2-AR,INV-202201-900570-2-AR,Sales Invoice,C,C001,2022-01,46,2,1,SYN-AR,Synthetic evaluation item,1,EA,594780,594780,,,0,594780,none,gross equals linked control posting
DOC-INV-202201-900585-1-AP,INV-202201-900585-1-AP,Purchase Invoice,S,V001,2022-01,47,1,1,SYN-AP,Synthetic evaluation item,1,EA,184820,184820,,,0,184820,none,gross equals linked control posting
DOC-INV-202201-900582-2-AR,INV-202201-900582-2-AR,Sales Invoice,C,C001,2022-01,50,2,1,SYN-AR,Synthetic evaluation item,1,EA,69520,69520,,,0,69520,none,gross equals linked control posting
DOC-INV-202201-900586-1-AP,INV-202201-900586-1-AP,Purchase Invoice,S,V001,2022-01,51,1,1,SYN-AP,Synthetic evaluation item,1,EA,274530,274530,,,0,274530,none,gross equals linked control posting
DOC-INV-202201-900542-2-AR,INV-202201-900542-2-AR,Sales Invoice,C,C001,2022-01,52,2,1,SYN-AR,Synthetic evaluation item,1,EA,555200,555200,,,0,555200,none,gross equals linked control posting
DOC-INV-202201-900555-1-AP,INV-202201-900555-1-AP,Purchase Invoice,S,V001,2022-01,53,1,1,SYN-AP,Synthetic evaluation item,1,EA,170990,170990,,,0,170990,none,gross equals linked control posting
DOC-INV-202201-900560-2-AR,INV-202201-900560-2-AR,Sales Invoice,C,C001,2022-01,55,2,1,SYN-AR,Synthetic evaluation item,1,EA,143540,143540,,,0,143540,none,gross equals linked control posting
DOC-INV-202201-900568-2-AR,INV-202201-900568-2-AR,Sales Invoice,C,C001,2022-01,56,2,1,SYN-AR,Synthetic evaluation item,1,EA,103980,103980,,,0,103980,none,gross equals linked control posting
DOC-INV-202201-900541-2-AR,INV-202201-900541-2-AR,Sales Invoice,C,C001,2022-01,58,2,1,SYN-AR,Synthetic evaluation item,1,EA,470430,470430,,,0,470430,none,gross equals linked control posting
DOC-INV-202201-900580-2-AR,INV-202201-900580-2-AR,Sales Invoice,C,C001,2022-01,59,2,1,SYN-AR,Synthetic evaluation item,1,EA,498270,498270,,,0,498270,none,gross equals linked control posting
DOC-INV-202202-900605-1-AP,INV-202202-900605-1-AP,Purchase Invoice,S,V001,2022-02,1,1,1,SYN-AP,Synthetic evaluation item,1,EA,137870,137870,,,0,137870,none,gross equals linked control posting
DOC-INV-202202-900592-2-AR,INV-202202-900592-2-AR,Sales Invoice,C,C001,2022-02,2,2,1,SYN-AR,Synthetic evaluation item,1,EA,439160,439160,,,0,439160,none,gross equals linked control posting
DOC-INV-202202-900595-1-AP,INV-202202-900595-1-AP,Purchase Invoice,S,V001,2022-02,3,1,1,SYN-AP,Synthetic evaluation item,1,EA,38230,38230,,,0,38230,none,gross equals linked control posting
DOC-INV-202202-900641-2-AR,INV-202202-900641-2-AR,Sales Invoice,C,C001,2022-02,5,2,1,SYN-AR,Synthetic evaluation item,1,EA,550300,550300,,,0,550300,none,gross equals linked control posting
DOC-INV-202202-900626-1-AP,INV-202202-900626-1-AP,Purchase Invoice,S,V001,2022-02,7,1,1,SYN-AP,Synthetic evaluation item,1,EA,277450,277450,,,0,277450,none,gross equals linked control posting
DOC-INV-202202-900600-2-AR,INV-202202-900600-2-AR,Sales Invoice,C,C001,2022-02,10,2,1,SYN-AR,Synthetic evaluation item,1,EA,387360,387360,,,0,387360,none,gross equals linked control posting
DOC-INV-202202-900616-2-AR,INV-202202-900616-2-AR,Sales Invoice,C,C001,2022-02,12,2,1,SYN-AR,Synthetic evaluation item,1,EA,182270,182270,,,0,182270,none,gross equals linked control posting
DOC-INV-202202-900620-2-AR,INV-202202-900620-2-AR,Sales Invoice,C,C001,2022-02,20,2,1,SYN-AR,Synthetic evaluation item,1,EA,406720,406720,,,0,406720,none,gross equals linked control posting
DOC-INV-202202-900642-2-AR,INV-202202-900642-2-AR,Sales Invoice,C,C001,2022-02,23,2,1,SYN-AR,Synthetic evaluation item,1,EA,327270,327270,,,0,327270,none,gross equals linked control posting
DOC-INV-202202-900645-1-AP,INV-202202-900645-1-AP,Purchase Invoice,S,V001,2022-02,24,1,1,SYN-AP,Synthetic evaluation item,1,EA,362650,362650,,,0,362650,none,gross equals linked control posting
DOC-INV-202202-900621-2-AR,INV-202202-900621-2-AR,Sales Invoice,C,C001,2022-02,26,2,1,SYN-AR,Synthetic evaluation item,1,EA,558020,558020,,,0,558020,none,gross equals linked control posting
DOC-INV-202202-900630-2-AR,INV-202202-900630-2-AR,Sales Invoice,C,C001,2022-02,27,2,1,SYN-AR,Synthetic evaluation item,1,EA,396830,396830,,,0,396830,none,gross equals linked control posting
DOC-INV-202202-900644-2-AR,INV-202202-900644-2-AR,Sales Invoice,C,C001,2022-02,28,2,1,SYN-AR,Synthetic evaluation item,1,EA,33250,33250,,,0,33250,none,gross equals linked control posting
DOC-INV-202202-900615-1-AP,INV-202202-900615-1-AP,Purchase Invoice,S,V001,2022-02,30,1,1,SYN-AP,Synthetic evaluation item,1,EA,292150,292150,,,0,292150,none,gross equals linked control posting
DOC-INV-202202-900610-2-AR,INV-202202-900610-2-AR,Sales Invoice,C,C001,2022-02,32,2,1,SYN-AR,Synthetic evaluation item,1,EA,460340,460340,,,0,460340,none,gross equals linked control posting
DOC-INV-202202-900622-2-AR,INV-202202-900622-2-AR,Sales Invoice,C,C001,2022-02,34,2,1,SYN-AR,Synthetic evaluation item,1,EA,362110,362110,,,0,362110,none,gross equals linked control posting
DOC-INV-202202-900636-1-AP,INV-202202-900636-1-AP,Purchase Invoice,S,V001,2022-02,40,1,1,SYN-AP,Synthetic evaluation item,1,EA,133490,133490,,,0,133490,none,gross equals linked control posting
DOC-INV-202202-900596-1-AP,INV-202202-900596-1-AP,Purchase Invoice,S,V001,2022-02,42,1,1,SYN-AP,Synthetic evaluation item,1,EA,199620,199620,,,0,199620,none,gross equals linked control posting
DOC-INV-202202-900611-2-AR,INV-202202-900611-2-AR,Sales Invoice,C,C001,2022-02,44,2,1,SYN-AR,Synthetic evaluation item,1,EA,53250,53250,,,0,53250,none,gross equals linked control posting
DOC-INV-202202-900632-2-AR,INV-202202-900632-2-AR,Sales Invoice,C,C001,2022-02,45,2,1,SYN-AR,Synthetic evaluation item,1,EA,532500,532500,,,0,532500,none,gross equals linked control posting
DOC-INV-202202-900601-2-AR,INV-202202-900601-2-AR,Sales Invoice,C,C001,2022-02,47,2,1,SYN-AR,Synthetic evaluation item,1,EA,524240,524240,,,0,524240,none,gross equals linked control posting
DOC-INV-202202-900602-2-AR,INV-202202-900602-2-AR,Sales Invoice,C,C001,2022-02,50,2,1,SYN-AR,Synthetic evaluation item,1,EA,61000,61000,,,0,61000,none,gross equals linked control posting
DOC-INV-202202-900606-2-AR,INV-202202-900606-2-AR,Sales Invoice,C,C001,2022-02,54,2,1,SYN-AR,Synthetic evaluation item,1,EA,83550,83550,,,0,83550,none,gross equals linked control posting
DOC-INV-202203-900671-2-AR,INV-202203-900671-2-AR,Sales Invoice,C,C001,2022-03,1,2,1,SYN-AR,Synthetic evaluation item,1,EA,478190,478190,,,0,478190,none,gross equals linked control posting
DOC-INV-202203-900692-2-AR,INV-202203-900692-2-AR,Sales Invoice,C,C001,2022-03,4,2,1,SYN-AR,Synthetic evaluation item,1,EA,333380,333380,,,0,333380,none,gross equals linked control posting
DOC-INV-202203-900686-1-AP,INV-202203-900686-1-AP,Purchase Invoice,S,V001,2022-03,7,1,1,SYN-AP,Synthetic evaluation item,1,EA,54120,54120,,,0,54120,none,gross equals linked control posting
DOC-INV-202203-900651-2-AR,INV-202203-900651-2-AR,Sales Invoice,C,C001,2022-03,9,2,1,SYN-AR,Synthetic evaluation item,1,EA,542830,542830,,,0,542830,none,gross equals linked control posting
DOC-INV-202203-900670-2-AR,INV-202203-900670-2-AR,Sales Invoice,C,C001,2022-03,11,2,1,SYN-AR,Synthetic evaluation item,1,EA,554310,554310,,,0,554310,none,gross equals linked control posting
DOC-INV-202203-900706-2-AR,INV-202203-900706-2-AR,Sales Invoice,C,C001,2022-03,12,2,1,SYN-AR,Synthetic evaluation item,1,EA,604030,604030,,,0,604030,none,gross equals linked control posting
DOC-INV-202203-900656-2-AR,INV-202203-900656-2-AR,Sales Invoice,C,C001,2022-03,13,2,1,SYN-AR,Synthetic evaluation item,1,EA,281490,281490,,,0,281490,none,gross equals linked control posting
DOC-INV-202203-900661-2-AR,INV-202203-900661-2-AR,Sales Invoice,C,C001,2022-03,14,2,1,SYN-AR,Synthetic evaluation item,1,EA,328340,328340,,,0,328340,none,gross equals linked control posting
DOC-INV-202203-900695-1-AP,INV-202203-900695-1-AP,Purchase Invoice,S,V001,2022-03,15,1,1,SYN-AP,Synthetic evaluation item,1,EA,39690,39690,,,0,39690,none,gross equals linked control posting
DOC-INV-202203-900650-2-AR,INV-202203-900650-2-AR,Sales Invoice,C,C001,2022-03,28,2,1,SYN-AR,Synthetic evaluation item,1,EA,439400,439400,,,0,439400,none,gross equals linked control posting
DOC-INV-202203-900700-2-AR,INV-202203-900700-2-AR,Sales Invoice,C,C001,2022-03,31,2,1,SYN-AR,Synthetic evaluation item,1,EA,134390,134390,,,0,134390,none,gross equals linked control posting
DOC-INV-202203-900662-2-AR,INV-202203-900662-2-AR,Sales Invoice,C,C001,2022-03,33,2,1,SYN-AR,Synthetic evaluation item,1,EA,47780,47780,,,0,47780,none,gross equals linked control posting
DOC-INV-202203-900694-2-AR,INV-202203-900694-2-AR,Sales Invoice,C,C001,2022-03,44,2,1,SYN-AR,Synthetic evaluation item,1,EA,122100,122100,,,0,122100,none,gross equals linked control posting
DOC-INV-202203-900688-2-AR,INV-202203-900688-2-AR,Sales Invoice,C,C001,2022-03,51,2,1,SYN-AR,Synthetic evaluation item,1,EA,253800,253800,,,0,253800,none,gross equals linked control posting
