scope,partner_type,partner_code,invoice_month,invoice_transaction_id,invoice_line_id,invoice_document_date,invoice_document_id,invoice_document_number,settlement_month,settlement_transaction_id,settlement_line_id,settlement_document_date,settlement_document_id,settlement_document_number,amount,relationship
REFERENCE_BEFORE,C,C001,2021-02,RB001,1,2021-02-10,DOC-INV-202102-REF-BF-AR-001-1-AR,INV-202102-REF-BF-AR-001-1-AR,2021-03,RB003,2,2021-03-05,DOC-SET-202103-REF-BF-AR-SET-001-2-AR,SET-202103-REF-BF-AR-SET-001-2-AR,100000,EXPLICIT_APPLICATION
REFERENCE_BEFORE,S,V001,2021-02,RB002,2,2021-02-15,DOC-INV-202102-REF-BF-AP-001-2-AP,INV-202102-REF-BF-AP-001-2-AP,2021-03,RB004,1,2021-03-08,DOC-SET-202103-REF-BF-AP-SET-001-1-AP,SET-202103-REF-BF-AP-SET-001-1-AP,200000,EXPLICIT_APPLICATION
REPORTING_PERIOD,S,V001,2021-02,RB002,2,2021-02-15,DOC-INV-202102-REF-BF-AP-001-2-AP,INV-202102-REF-BF-AP-001-2-AP,2021-04,4,2,2021-04-04,DOC-SET-202104-900017-2-AP,SET-202104-900017-2-AP,336970,EXPLICIT_APPLICATION
REPORTING_PERIOD,S,V001,2021-02,RB002,2,2021-02-15,DOC-INV-202102-REF-BF-AP-001-2-AP,INV-202102-REF-BF-AP-001-2-AP,2021-04,8,2,2021-04-06,DOC-SET-202104-900027-2-AP,SET-202104-900027-2-AP,110390,EXPLICIT_APPLICATION
REPORTING_PERIOD,C,C001,2021-02,RB001,1,2021-02-10,DOC-INV-202102-REF-BF-AR-001-1-AR,INV-202102-REF-BF-AR-001-1-AR,2021-04,14,1,2021-04-10,DOC-SET-202104-900004-1-AR,SET-202104-900004-1-AR,200680,EXPLICIT_APPLICATION
REPORTING_PERIOD,S,V001,2021-02,RB002,2,2021-02-15,DOC-INV-202102-REF-BF-AP-001-2-AP,INV-202102-REF-BF-AP-001-2-AP,2021-04,16,1,2021-04-12,DOC-SET-202104-900003-1-AP,SET-202104-900003-1-AP,298830,EXPLICIT_APPLICATION
REPORTING_PERIOD,C,C001,2021-02,RB001,1,2021-02-10,DOC-INV-202102-REF-BF-AR-001-1-AR,INV-202102-REF-BF-AR-001-1-AR,2021-04,20,1,2021-04-14,DOC-SET-202104-900044-1-AR,SET-202104-900044-1-AR,299320,EXPLICIT_APPLICATION
REPORTING_PERIOD,C,C001,2021-03,RB005,1,2021-03-15,DOC-INV-202103-REF-BF-AR-002-1-AR,INV-202103-REF-BF-AR-002-1-AR,2021-04,20,1,2021-04-14,DOC-SET-202104-900044-1-AR,SET-202104-900044-1-AR,189860,EXPLICIT_APPLICATION
REPORTING_PERIOD,C,C001,2021-03,RB005,1,2021-03-15,DOC-INV-202103-REF-BF-AR-002-1-AR,INV-202103-REF-BF-AR-002-1-AR,2021-04,22,1,2021-04-15,DOC-SET-202104-900033-1-AR,SET-202104-900033-1-AR,341050,EXPLICIT_APPLICATION
REPORTING_PERIOD,S,V001,2021-02,RB002,2,2021-02-15,DOC-INV-202102-REF-BF-AP-001-2-AP,INV-202102-REF-BF-AP-001-2-AP,2021-04,24,1,2021-04-15,DOC-SET-202104-900049-1-AP,SET-202104-900049-1-AP,146320,EXPLICIT_APPLICATION
REPORTING_PERIOD,C,C001,2021-03,RB005,1,2021-03-15,DOC-INV-202103-REF-BF-AR-002-1-AR,INV-202103-REF-BF-AR-002-1-AR,2021-04,25,1,2021-04-16,DOC-SET-202104-900014-1-AR,SET-202104-900014-1-AR,270050,EXPLICIT_APPLICATION
REPORTING_PERIOD,C,C001,2021-03,RB005,1,2021-03-15,DOC-INV-202103-REF-BF-AR-002-1-AR,INV-202103-REF-BF-AR-002-1-AR,2021-04,27,1,2021-04-16,DOC-SET-202104-900046-1-AR,SET-202104-900046-1-AR,199040,EXPLICIT_APPLICATION
REPORTING_PERIOD,C,C001,2021-04,1,2,2021-04-02,DOC-INV-202104-900050-2-AR,INV-202104-900050-2-AR,2021-04,27,1,2021-04-16,DOC-SET-202104-900046-1-AR,SET-202104-900046-1-AR,55820,EXPLICIT_APPLICATION
REPORTING_PERIOD,C,C001,2021-04,1,2,2021-04-02,DOC-INV-202104-900050-2-AR,INV-202104-900050-2-AR,2021-04,27,3,2021-04-16,DOC-SET-202104-900046-3-AR,SET-202104-900046-3-AR,33980,EXPLICIT_APPLICATION
REPORTING_PERIOD,C,C001,2021-04,1,2,2021-04-02,DOC-INV-202104-900050-2-AR,INV-202104-900050-2-AR,2021-04,27,4,2021-04-16,DOC-SET-202104-900046-4-AR,SET-202104-900046-4-AR,135930,EXPLICIT_APPLICATION
REPORTING_PERIOD,S,V001,2021-02,RB002,2,2021-02-15,DOC-INV-202102-REF-BF-AP-001-2-AP,INV-202102-REF-BF-AP-001-2-AP,2021-04,29,2,2021-04-17,DOC-SET-202104-900007-2-AP,SET-202104-900007-2-AP,106280,EXPLICIT_APPLICATION
REPORTING_PERIOD,C,C001,2021-04,1,2,2021-04-02,DOC-INV-202104-900050-2-AR,INV-202104-900050-2-AR,2021-04,32,1,2021-04-18,DOC-SET-202104-900023-1-AR,SET-202104-900023-1-AR,201290,EXPLICIT_APPLICATION
REPORTING_PERIOD,C,C001,2021-04,2,2,2021-04-03,DOC-INV-202104-900001-2-AR,INV-202104-900001-2-AR,2021-04,32,1,2021-04-18,DOC-SET-202104-900023-1-AR,SET-202104-900023-1-AR,122070,EXPLICIT_APPLICATION
REPORTING_PERIOD,S,V001,2021-02,RB002,2,2021-02-15,DOC-INV-202102-REF-BF-AP-001-2-AP,INV-202102-REF-BF-AP-001-2-AP,2021-04,36,1,2021-04-19,DOC-SET-202104-900055-1-AP,SET-202104-900055-1-AP,1210,EXPLICIT_APPLICATION
REPORTING_PERIOD,S,V001,2021-03,RB006,2,2021-03-20,DOC-INV-202103-REF-BF-AP-002-2-AP,INV-202103-REF-BF-AP-002-2-AP,2021-04,36,1,2021-04-19,DOC-SET-202104-900055-1-AP,SET-202104-900055-1-AP,86070,EXPLICIT_APPLICATION
REPORTING_PERIOD,S,V001,2021-03,RB006,2,2021-03-20,DOC-INV-202103-REF-BF-AP-002-2-AP,INV-202103-REF-BF-AP-002-2-AP,2021-04,38,1,2021-04-20,DOC-SET-202104-900015-1-AP,SET-202104-900015-1-AP,479460,EXPLICIT_APPLICATION
REPORTING_PERIOD,S,V001,2021-03,RB006,2,2021-03-20,DOC-INV-202103-REF-BF-AP-002-2-AP,INV-202103-REF-BF-AP-002-2-AP,2021-04,42,1,2021-04-22,DOC-SET-202104-900021-1-AP,SET-202104-900021-1-AP,189620,EXPLICIT_APPLICATION
REPORTING_PERIOD,S,V001,2021-03,RB006,2,2021-03-20,DOC-INV-202103-REF-BF-AP-002-2-AP,INV-202103-REF-BF-AP-002-2-AP,2021-04,48,1,2021-04-24,DOC-SET-202104-900009-1-AP,SET-202104-900009-1-AP,206960,EXPLICIT_APPLICATION
REPORTING_PERIOD,S,V001,2021-03,RB006,2,2021-03-20,DOC-INV-202103-REF-BF-AP-002-2-AP,INV-202103-REF-BF-AP-002-2-AP,2021-04,52,2,2021-04-26,DOC-SET-202104-900057-2-AP,SET-202104-900057-2-AP,122790,EXPLICIT_APPLICATION
REPORTING_PERIOD,S,V001,2021-03,RB006,2,2021-03-20,DOC-INV-202103-REF-BF-AP-002-2-AP,INV-202103-REF-BF-AP-002-2-AP,2021-04,55,1,2021-04-27,DOC-SET-202104-900061-1-AP,SET-202104-900061-1-AP,174850,EXPLICIT_APPLICATION
REPORTING_PERIOD,C,C001,2021-04,2,2,2021-04-03,DOC-INV-202104-900001-2-AR,INV-202104-900001-2-AR,2021-04,56,1,2021-04-28,DOC-SET-202104-900053-1-AR,SET-202104-900053-1-AR,233240,EXPLICIT_APPLICATION
REPORTING_PERIOD,C,C001,2021-04,3,2,2021-04-03,DOC-INV-202104-900012-2-AR,INV-202104-900012-2-AR,2021-04,56,1,2021-04-28,DOC-SET-202104-900053-1-AR,SET-202104-900053-1-AR,93370,EXPLICIT_APPLICATION
REPORTING_PERIOD,C,C001,2021-04,3,2,2021-04-03,DOC-INV-202104-900012-2-AR,INV-202104-900012-2-AR,2021-04,57,1,2021-04-29,DOC-SET-202104-900013-1-AR,SET-202104-900013-1-AR,151030,EXPLICIT_APPLICATION
REPORTING_PERIOD,S,V001,2021-03,RB006,2,2021-03-20,DOC-INV-202103-REF-BF-AP-002-2-AP,INV-202103-REF-BF-AP-002-2-AP,2021-04,59,2,2021-04-29,DOC-SET-202104-900047-2-AP,SET-202104-900047-2-AP,338130,EXPLICIT_APPLICATION
REPORTING_PERIOD,C,C001,2021-04,3,2,2021-04-03,DOC-INV-202104-900012-2-AR,INV-202104-900012-2-AR,2021-04,61,1,2021-04-30,DOC-SET-202104-900054-1-AR,SET-202104-900054-1-AR,163850,EXPLICIT_APPLICATION
REPORTING_PERIOD,C,C001,2021-04,3,2,2021-04-03,DOC-INV-202104-900012-2-AR,INV-202104-900012-2-AR,2021-05,10,1,2021-05-05,DOC-SET-202105-900094-1-AR,SET-202105-900094-1-AR,147400,EXPLICIT_APPLICATION
REPORTING_PERIOD,C,C001,2021-04,6,2,2021-04-06,DOC-INV-202104-900010-2-AR,INV-202104-900010-2-AR,2021-05,10,1,2021-05-05,DOC-SET-202105-900094-1-AR,SET-202105-900094-1-AR,228470,EXPLICIT_APPLICATION
REPORTING_PERIOD,C,C001,2021-04,11,2,2021-04-08,DOC-INV-202104-900020-2-AR,INV-202104-900020-2-AR,2021-05,10,1,2021-05-05,DOC-SET-202105-900094-1-AR,SET-202105-900094-1-AR,65230,EXPLICIT_APPLICATION
REPORTING_PERIOD,C,C001,2021-04,12,2,2021-04-08,DOC-INV-202104-900028-2-AR,INV-202104-900028-2-AR,2021-05,10,1,2021-05-05,DOC-SET-202105-900094-1-AR,SET-202105-900094-1-AR,26040,EXPLICIT_APPLICATION
REPORTING_PERIOD,S,V001,2021-03,RB006,2,2021-03-20,DOC-INV-202103-REF-BF-AP-002-2-AP,INV-202103-REF-BF-AP-002-2-AP,2021-05,20,1,2021-05-09,DOC-SET-202105-900099-1-AP,SET-202105-900099-1-AP,176880,EXPLICIT_APPLICATION
REPORTING_PERIOD,S,V001,2021-03,RB006,2,2021-03-20,DOC-INV-202103-REF-BF-AP-002-2-AP,INV-202103-REF-BF-AP-002-2-AP,2021-05,22,2,2021-05-10,DOC-SET-202105-900077-2-AP,SET-202105-900077-2-AP,147100,EXPLICIT_APPLICATION
REPORTING_PERIOD,C,C001,2021-04,12,2,2021-04-08,DOC-INV-202104-900028-2-AR,INV-202104-900028-2-AR,2021-05,28,1,2021-05-14,DOC-SET-202105-900073-1-AR,SET-202105-900073-1-AR,264790,EXPLICIT_APPLICATION
REPORTING_PERIOD,C,C001,2021-04,18,2,2021-04-12,DOC-INV-202104-900060-2-AR,INV-202104-900060-2-AR,2021-05,28,1,2021-05-14,DOC-SET-202105-900073-1-AR,SET-202105-900073-1-AR,24730,EXPLICIT_APPLICATION
REPORTING_PERIOD,S,V001,2021-03,RB006,2,2021-03-20,DOC-INV-202103-REF-BF-AP-002-2-AP,INV-202103-REF-BF-AP-002-2-AP,2021-05,29,2,2021-05-15,DOC-SET-202105-900067-2-AP,SET-202105-900067-2-AP,134370,EXPLICIT_APPLICATION
REPORTING_PERIOD,S,V001,2021-03,RB006,2,2021-03-20,DOC-INV-202103-REF-BF-AP-002-2-AP,INV-202103-REF-BF-AP-002-2-AP,2021-05,31,2,2021-05-15,DOC-SET-202105-900117-2-AP,SET-202105-900117-2-AP,103780,EXPLICIT_APPLICATION
REPORTING_PERIOD,C,C001,2021-04,18,2,2021-04-12,DOC-INV-202104-900060-2-AR,INV-202104-900060-2-AR,2021-05,37,1,2021-05-18,DOC-SET-202105-900113-1-AR,SET-202105-900113-1-AR,202750,EXPLICIT_APPLICATION
REPORTING_PERIOD,C,C001,2021-04,21,2,2021-04-15,DOC-INV-202104-900031-2-AR,INV-202104-900031-2-AR,2021-05,37,1,2021-05-18,DOC-SET-202105-900113-1-AR,SET-202105-900113-1-AR,140820,EXPLICIT_APPLICATION
REPORTING_PERIOD,S,V001,2021-03,RB006,2,2021-03-20,DOC-INV-202103-REF-BF-AP-002-2-AP,INV-202103-REF-BF-AP-002-2-AP,2021-05,40,2,2021-05-21,DOC-SET-202105-900087-2-AP,SET-202105-900087-2-AP,25360,EXPLICIT_APPLICATION
REPORTING_PERIOD,C,C001,2021-04,21,2,2021-04-15,DOC-INV-202104-900031-2-AR,INV-202104-900031-2-AR,2021-05,41,1,2021-05-22,DOC-SET-202105-900064-1-AR,SET-202105-900064-1-AR,231700,EXPLICIT_APPLICATION
REPORTING_PERIOD,C,C001,2021-04,26,2,2021-04-16,DOC-INV-202104-900034-2-AR,INV-202104-900034-2-AR,2021-05,41,1,2021-05-22,DOC-SET-202105-900064-1-AR,SET-202105-900064-1-AR,265900,EXPLICIT_APPLICATION
REPORTING_PERIOD,C,C001,2021-04,26,2,2021-04-16,DOC-INV-202104-900034-2-AR,INV-202104-900034-2-AR,2021-05,43,1,2021-05-22,DOC-SET-202105-900104-1-AR,SET-202105-900104-1-AR,15070,EXPLICIT_APPLICATION
REPORTING_PERIOD,C,C001,2021-04,30,2,2021-04-17,DOC-INV-202104-900051-2-AR,INV-202104-900051-2-AR,2021-05,43,1,2021-05-22,DOC-SET-202105-900104-1-AR,SET-202105-900104-1-AR,91580,EXPLICIT_APPLICATION
REPORTING_PERIOD,C,C001,2021-04,30,2,2021-04-17,DOC-INV-202104-900051-2-AR,INV-202104-900051-2-AR,2021-05,45,1,2021-05-23,DOC-SET-202105-900083-1-AR,SET-202105-900083-1-AR,192450,EXPLICIT_APPLICATION
REPORTING_PERIOD,S,V001,2021-03,RB006,2,2021-03-20,DOC-INV-202103-REF-BF-AP-002-2-AP,INV-202103-REF-BF-AP-002-2-AP,2021-05,46,2,2021-05-23,DOC-SET-202105-900107-2-AP,SET-202105-900107-2-AP,182360,EXPLICIT_APPLICATION
REPORTING_PERIOD,C,C001,2021-04,30,2,2021-04-17,DOC-INV-202104-900051-2-AR,INV-202104-900051-2-AR,2021-05,47,1,2021-05-24,DOC-SET-202105-900063-1-AR,SET-202105-900063-1-AR,212200,EXPLICIT_APPLICATION
REPORTING_PERIOD,C,C001,2021-04,34,2,2021-04-19,DOC-INV-202104-900032-2-AR,INV-202104-900032-2-AR,2021-05,47,1,2021-05-24,DOC-SET-202105-900063-1-AR,SET-202105-900063-1-AR,104340,EXPLICIT_APPLICATION
REPORTING_PERIOD,C,C001,2021-04,44,2,2021-04-22,DOC-INV-202104-900040-2-AR,INV-202104-900040-2-AR,2021-05,47,1,2021-05-24,DOC-SET-202105-900063-1-AR,SET-202105-900063-1-AR,31680,EXPLICIT_APPLICATION
REPORTING_PERIOD,C,C001,2021-04,44,2,2021-04-22,DOC-INV-202104-900040-2-AR,INV-202104-900040-2-AR,2021-05,48,1,2021-05-24,DOC-SET-202105-900114-1-AR,SET-202105-900114-1-AR,133110,EXPLICIT_APPLICATION
REPORTING_PERIOD,C,C001,2021-04,45,2,2021-04-23,DOC-INV-202104-900002-2-AR,INV-202104-900002-2-AR,2021-05,48,1,2021-05-24,DOC-SET-202105-900114-1-AR,SET-202105-900114-1-AR,121040,EXPLICIT_APPLICATION
REPORTING_PERIOD,S,V001,2021-03,RB006,2,2021-03-20,DOC-INV-202103-REF-BF-AP-002-2-AP,INV-202103-REF-BF-AP-002-2-AP,2021-05,49,1,2021-05-25,DOC-SET-202105-900109-1-AP,SET-202105-900109-1-AP,55990,EXPLICIT_APPLICATION
REPORTING_PERIOD,S,V001,2021-04,5,1,2021-04-06,DOC-INV-202104-900006-1-AP,INV-202104-900006-1-AP,2021-05,49,1,2021-05-25,DOC-SET-202105-900109-1-AP,SET-202105-900109-1-AP,64290,EXPLICIT_APPLICATION
REPORTING_PERIOD,S,V001,2021-04,5,1,2021-04-06,DOC-INV-202104-900006-1-AP,INV-202104-900006-1-AP,2021-05,52,1,2021-05-26,DOC-SET-202105-900103-1-AP,SET-202105-900103-1-AP,303560,EXPLICIT_APPLICATION
REPORTING_PERIOD,S,V001,2021-04,10,1,2021-04-07,DOC-INV-202104-900056-1-AP,INV-202104-900056-1-AP,2021-05,52,1,2021-05-26,DOC-SET-202105-900103-1-AP,SET-202105-900103-1-AP,44360,EXPLICIT_APPLICATION
REPORTING_PERIOD,S,V001,2021-04,10,1,2021-04-07,DOC-INV-202104-900056-1-AP,INV-202104-900056-1-AP,2021-05,58,1,2021-05-29,DOC-SET-202105-900093-1-AP,SET-202105-900093-1-AP,135240,EXPLICIT_APPLICATION
REPORTING_PERIOD,C,C001,2021-04,45,2,2021-04-23,DOC-INV-202104-900002-2-AR,INV-202104-900002-2-AR,2021-06,1,1,2021-06-01,DOC-SET-202106-900143-1-AR,SET-202106-900143-1-AR,31130,EXPLICIT_APPLICATION
REPORTING_PERIOD,C,C001,2021-04,46,2,2021-04-23,DOC-INV-202104-900041-2-AR,INV-202104-900041-2-AR,2021-06,1,1,2021-06-01,DOC-SET-202106-900143-1-AR,SET-202106-900143-1-AR,97700,EXPLICIT_APPLICATION
REPORTING_PERIOD,C,C001,2021-04,51,2,2021-04-25,DOC-INV-202104-900042-2-AR,INV-202104-900042-2-AR,2021-06,1,1,2021-06-01,DOC-SET-202106-900143-1-AR,SET-202106-900143-1-AR,34370,EXPLICIT_APPLICATION
REPORTING_PERIOD,C,C001,2021-04,51,2,2021-04-25,DOC-INV-202104-900042-2-AR,INV-202104-900042-2-AR,2021-06,4,1,2021-06-02,DOC-SET-202106-900124-1-AR,SET-202106-900124-1-AR,36330,EXPLICIT_APPLICATION
REPORTING_PERIOD,C,C001,2021-04,54,2,2021-04-27,DOC-INV-202104-900022-2-AR,INV-202104-900022-2-AR,2021-06,4,1,2021-06-02,DOC-SET-202106-900124-1-AR,SET-202106-900124-1-AR,63700,EXPLICIT_APPLICATION
REPORTING_PERIOD,C,C001,2021-04,54,2,2021-04-27,DOC-INV-202104-900022-2-AR,INV-202104-900022-2-AR,2021-06,5,1,2021-06-02,DOC-SET-202106-900133-1-AR,SET-202106-900133-1-AR,211410,EXPLICIT_APPLICATION
REPORTING_PERIOD,S,V001,2021-04,10,1,2021-04-07,DOC-INV-202104-900056-1-AP,INV-202104-900056-1-AP,2021-06,6,2,2021-06-02,DOC-SET-202106-900167-2-AP,SET-202106-900167-2-AP,42650,EXPLICIT_APPLICATION
REPORTING_PERIOD,S,V001,2021-04,9,1,2021-04-07,DOC-INV-202104-900045-1-AP,INV-202104-900045-1-AP,2021-06,6,2,2021-06-02,DOC-SET-202106-900167-2-AP,SET-202106-900167-2-AP,56120,EXPLICIT_APPLICATION
REPORTING_PERIOD,C,C001,2021-04,54,2,2021-04-27,DOC-INV-202104-900022-2-AR,INV-202104-900022-2-AR,2021-06,7,1,2021-06-02,DOC-SET-202106-900169-1-AR,SET-202106-900169-1-AR,153850,EXPLICIT_APPLICATION
REPORTING_PERIOD,C,C001,2021-04,54,2,2021-04-27,DOC-INV-202104-900022-2-AR,INV-202104-900022-2-AR,2021-06,7,3,2021-06-02,DOC-SET-202106-900169-3-AR,SET-202106-900169-3-AR,12300,EXPLICIT_APPLICATION
REPORTING_PERIOD,C,C001,2021-04,54,2,2021-04-27,DOC-INV-202104-900022-2-AR,INV-202104-900022-2-AR,2021-06,7,4,2021-06-02,DOC-SET-202106-900169-4-AR,SET-202106-900169-4-AR,104590,EXPLICIT_APPLICATION
REPORTING_PERIOD,C,C001,2021-04,62,2,2021-04-30,DOC-INV-202104-900062-2-AR,INV-202104-900062-2-AR,2021-06,7,4,2021-06-02,DOC-SET-202106-900169-4-AR,SET-202106-900169-4-AR,36960,EXPLICIT_APPLICATION
REPORTING_PERIOD,C,C001,2021-04,62,2,2021-04-30,DOC-INV-202104-900062-2-AR,INV-202104-900062-2-AR,2021-06,8,1,2021-06-03,DOC-SET-202106-900154-1-AR,SET-202106-900154-1-AR,126120,EXPLICIT_APPLICATION
REPORTING_PERIOD,C,C001,2021-04,62,2,2021-04-30,DOC-INV-202104-900062-2-AR,INV-202104-900062-2-AR,2021-06,15,1,2021-06-07,DOC-SET-202106-900173-1-AR,SET-202106-900173-1-AR,70630,EXPLICIT_APPLICATION
REPORTING_PERIOD,S,V001,2021-04,9,1,2021-04-07,DOC-INV-202104-900045-1-AP,INV-202104-900045-1-AP,2021-06,19,1,2021-06-09,DOC-SET-202106-900153-1-AP,SET-202106-900153-1-AP,39460,EXPLICIT_APPLICATION
REPORTING_PERIOD,S,V001,2021-04,15,1,2021-04-11,DOC-INV-202104-900035-1-AP,INV-202104-900035-1-AP,2021-06,19,1,2021-06-09,DOC-SET-202106-900153-1-AP,SET-202106-900153-1-AP,116900,EXPLICIT_APPLICATION
REPORTING_PERIOD,S,V001,2021-04,15,1,2021-04-11,DOC-INV-202104-900035-1-AP,INV-202104-900035-1-AP,2021-06,21,1,2021-06-10,DOC-SET-202106-900141-1-AP,SET-202106-900141-1-AP,64450,EXPLICIT_APPLICATION
REPORTING_PERIOD,S,V001,2021-04,19,1,2021-04-14,DOC-INV-202104-900026-1-AP,INV-202104-900026-1-AP,2021-06,21,1,2021-06-10,DOC-SET-202106-900141-1-AP,SET-202106-900141-1-AP,78360,EXPLICIT_APPLICATION
REPORTING_PERIOD,S,V001,2021-04,35,1,2021-04-19,DOC-INV-202104-900036-1-AP,INV-202104-900036-1-AP,2021-06,21,1,2021-06-10,DOC-SET-202106-900141-1-AP,SET-202106-900141-1-AP,20280,EXPLICIT_APPLICATION
REPORTING_PERIOD,C,C001,2021-04,62,2,2021-04-30,DOC-INV-202104-900062-2-AR,INV-202104-900062-2-AR,2021-06,26,1,2021-06-11,DOC-SET-202106-900164-1-AR,SET-202106-900164-1-AR,172860,EXPLICIT_APPLICATION
REPORTING_PERIOD,C,C001,2021-04,62,2,2021-04-30,DOC-INV-202104-900062-2-AR,INV-202104-900062-2-AR,2021-06,30,1,2021-06-13,DOC-SET-202106-900123-1-AR,SET-202106-900123-1-AR,119100,EXPLICIT_APPLICATION
REPORTING_PERIOD,C,C001,2021-05,2,2,2021-05-01,DOC-INV-202105-900121-2-AR,INV-202105-900121-2-AR,2021-06,30,1,2021-06-13,DOC-SET-202106-900123-1-AR,SET-202106-900123-1-AR,157030,EXPLICIT_APPLICATION
REPORTING_PERIOD,C,C001,2021-05,2,2,2021-05-01,DOC-INV-202105-900121-2-AR,INV-202105-900121-2-AR,2021-06,36,1,2021-06-19,DOC-SET-202106-900134-1-AR,SET-202106-900134-1-AR,145720,EXPLICIT_APPLICATION
REPORTING_PERIOD,S,V001,2021-04,35,1,2021-04-19,DOC-INV-202104-900036-1-AP,INV-202104-900036-1-AP,2021-06,37,1,2021-06-19,DOC-SET-202106-900147-1-AP,SET-202106-900147-1-AP,48480,EXPLICIT_APPLICATION
REPORTING_PERIOD,S,V001,2021-04,41,1,2021-04-22,DOC-INV-202104-900016-1-AP,INV-202104-900016-1-AP,2021-06,37,1,2021-06-19,DOC-SET-202106-900147-1-AP,SET-202106-900147-1-AP,171300,EXPLICIT_APPLICATION
REPORTING_PERIOD,S,V001,2021-04,41,1,2021-04-22,DOC-INV-202104-900016-1-AP,INV-202104-900016-1-AP,2021-06,40,1,2021-06-22,DOC-SET-202106-900135-1-AP,SET-202106-900135-1-AP,70370,EXPLICIT_APPLICATION
REPORTING_PERIOD,S,V001,2021-04,43,1,2021-04-22,DOC-INV-202104-900025-1-AP,INV-202104-900025-1-AP,2021-06,40,1,2021-06-22,DOC-SET-202106-900135-1-AP,SET-202106-900135-1-AP,187410,EXPLICIT_APPLICATION
REPORTING_PERIOD,S,V001,2021-05,12,1,2021-05-07,DOC-INV-202105-900095-1-AP,INV-202105-900095-1-AP,2021-06,40,1,2021-06-22,DOC-SET-202106-900135-1-AP,SET-202106-900135-1-AP,148710,EXPLICIT_APPLICATION
REPORTING_PERIOD,S,V001,2021-05,12,1,2021-05-07,DOC-INV-202105-900095-1-AP,INV-202105-900095-1-AP,2021-06,42,2,2021-06-23,DOC-SET-202106-900177-2-AP,SET-202106-900177-2-AP,201880,EXPLICIT_APPLICATION
REPORTING_PERIOD,S,V001,2021-05,16,1,2021-05-09,DOC-INV-202105-900066-1-AP,INV-202105-900066-1-AP,2021-06,42,2,2021-06-23,DOC-SET-202106-900177-2-AP,SET-202106-900177-2-AP,9900,EXPLICIT_APPLICATION
REPORTING_PERIOD,S,V001,2021-05,16,1,2021-05-09,DOC-INV-202105-900066-1-AP,INV-202105-900066-1-AP,2021-06,53,2,2021-06-30,DOC-SET-202106-900127-2-AP,SET-202106-900127-2-AP,41460,EXPLICIT_APPLICATION
REPORTING_PERIOD,S,V001,2021-05,18,1,2021-05-09,DOC-INV-202105-900075-1-AP,INV-202105-900075-1-AP,2021-06,53,2,2021-06-30,DOC-SET-202106-900127-2-AP,SET-202106-900127-2-AP,315770,EXPLICIT_APPLICATION
REPORTING_PERIOD,S,V001,2021-05,18,1,2021-05-09,DOC-INV-202105-900075-1-AP,INV-202105-900075-1-AP,2021-07,5,1,2021-07-04,DOC-SET-202107-900235-1-AP,SET-202107-900235-1-AP,63520,EXPLICIT_APPLICATION
REPORTING_PERIOD,S,V001,2021-05,21,1,2021-05-10,DOC-INV-202105-900076-1-AP,INV-202105-900076-1-AP,2021-07,5,1,2021-07-04,DOC-SET-202107-900235-1-AP,SET-202107-900235-1-AP,71500,EXPLICIT_APPLICATION
REPORTING_PERIOD,C,C001,2021-05,2,2,2021-05-01,DOC-INV-202105-900121-2-AR,INV-202105-900121-2-AR,2021-07,8,1,2021-07-06,DOC-SET-202107-900194-1-AR,SET-202107-900194-1-AR,137950,EXPLICIT_APPLICATION
REPORTING_PERIOD,C,C001,2021-05,6,2,2021-05-04,DOC-INV-202105-900086-2-AR,INV-202105-900086-2-AR,2021-07,8,1,2021-07-06,DOC-SET-202107-900194-1-AR,SET-202107-900194-1-AR,288830,EXPLICIT_APPLICATION
REPORTING_PERIOD,S,V001,2021-05,21,1,2021-05-10,DOC-INV-202105-900076-1-AP,INV-202105-900076-1-AP,2021-07,12,1,2021-07-11,DOC-SET-202107-900199-1-AP,SET-202107-900199-1-AP,72970,EXPLICIT_APPLICATION
REPORTING_PERIOD,S,V001,2021-05,21,1,2021-05-10,DOC-INV-202105-900076-1-AP,INV-202105-900076-1-AP,2021-07,13,1,2021-07-12,DOC-SET-202107-900181-1-AP,SET-202107-900181-1-AP,16830,EXPLICIT_APPLICATION
REPORTING_PERIOD,S,V001,2021-05,23,1,2021-05-10,DOC-INV-202105-900106-1-AP,INV-202105-900106-1-AP,2021-07,13,1,2021-07-12,DOC-SET-202107-900181-1-AP,SET-202107-900181-1-AP,182290,EXPLICIT_APPLICATION
REPORTING_PERIOD,S,V001,2021-05,27,1,2021-05-13,DOC-INV-202105-900096-1-AP,INV-202105-900096-1-AP,2021-07,13,1,2021-07-12,DOC-SET-202107-900181-1-AP,SET-202107-900181-1-AP,49070,EXPLICIT_APPLICATION
REPORTING_PERIOD,C,C001,2021-05,6,2,2021-05-04,DOC-INV-202105-900086-2-AR,INV-202105-900086-2-AR,2021-07,17,1,2021-07-13,DOC-SET-202107-900234-1-AR,SET-202107-900234-1-AR,246560,EXPLICIT_APPLICATION
REPORTING_PERIOD,C,C001,2021-05,9,2,2021-05-04,DOC-INV-202105-900101-2-AR,INV-202105-900101-2-AR,2021-07,17,1,2021-07-13,DOC-SET-202107-900234-1-AR,SET-202107-900234-1-AR,151890,EXPLICIT_APPLICATION
REPORTING_PERIOD,C,C001,2021-05,9,2,2021-05-04,DOC-INV-202105-900101-2-AR,INV-202105-900101-2-AR,2021-07,26,1,2021-07-17,DOC-SET-202107-900233-1-AR,SET-202107-900233-1-AR,114250,EXPLICIT_APPLICATION
REPORTING_PERIOD,C,C001,2021-05,11,2,2021-05-06,DOC-INV-202105-900091-2-AR,INV-202105-900091-2-AR,2021-07,26,1,2021-07-17,DOC-SET-202107-900233-1-AR,SET-202107-900233-1-AR,124120,EXPLICIT_APPLICATION
REPORTING_PERIOD,C,C001,2021-05,13,2,2021-05-07,DOC-INV-202105-900100-2-AR,INV-202105-900100-2-AR,2021-07,26,1,2021-07-17,DOC-SET-202107-900233-1-AR,SET-202107-900233-1-AR,130370,EXPLICIT_APPLICATION
REPORTING_PERIOD,S,V001,2021-05,27,1,2021-05-13,DOC-INV-202105-900096-1-AP,INV-202105-900096-1-AP,2021-07,28,1,2021-07-18,DOC-SET-202107-900193-1-AP,SET-202107-900193-1-AP,134230,EXPLICIT_APPLICATION
REPORTING_PERIOD,S,V001,2021-05,39,1,2021-05-20,DOC-INV-202105-900085-1-AP,INV-202105-900085-1-AP,2021-07,28,1,2021-07-18,DOC-SET-202107-900193-1-AP,SET-202107-900193-1-AP,94360,EXPLICIT_APPLICATION
REPORTING_PERIOD,C,C001,2021-05,13,2,2021-05-07,DOC-INV-202105-900100-2-AR,INV-202105-900100-2-AR,2021-07,35,1,2021-07-20,DOC-SET-202107-900213-1-AR,SET-202107-900213-1-AR,170730,EXPLICIT_APPLICATION
REPORTING_PERIOD,C,C001,2021-05,13,2,2021-05-07,DOC-INV-202105-900100-2-AR,INV-202105-900100-2-AR,2021-07,36,1,2021-07-20,DOC-SET-202107-900224-1-AR,SET-202107-900224-1-AR,235690,EXPLICIT_APPLICATION
REPORTING_PERIOD,C,C001,2021-05,14,2,2021-05-08,DOC-INV-202105-900092-2-AR,INV-202105-900092-2-AR,2021-07,36,1,2021-07-20,DOC-SET-202107-900224-1-AR,SET-202107-900224-1-AR,80430,EXPLICIT_APPLICATION
REPORTING_PERIOD,S,V001,2021-05,39,1,2021-05-20,DOC-INV-202105-900085-1-AP,INV-202105-900085-1-AP,2021-07,38,2,2021-07-23,DOC-SET-202107-900237-2-AP,SET-202107-900237-2-AP,84300,EXPLICIT_APPLICATION
REPORTING_PERIOD,C,C001,2021-05,14,2,2021-05-08,DOC-INV-202105-900092-2-AR,INV-202105-900092-2-AR,2021-07,39,1,2021-07-24,DOC-SET-202107-900183-1-AR,SET-202107-900183-1-AR,405780,EXPLICIT_APPLICATION
REPORTING_PERIOD,S,V001,2021-05,39,1,2021-05-20,DOC-INV-202105-900085-1-AP,INV-202105-900085-1-AP,2021-07,40,1,2021-07-24,DOC-SET-202107-900187-1-AP,SET-202107-900187-1-AP,30880,EXPLICIT_APPLICATION
REPORTING_PERIOD,S,V001,2021-05,60,1,2021-05-31,DOC-INV-202105-900115-1-AP,INV-202105-900115-1-AP,2021-07,40,1,2021-07-24,DOC-SET-202107-900187-1-AP,SET-202107-900187-1-AP,36650,EXPLICIT_APPLICATION
REPORTING_PERIOD,S,V001,2021-06,10,1,2021-06-05,DOC-INV-202106-900146-1-AP,INV-202106-900146-1-AP,2021-07,40,1,2021-07-24,DOC-SET-202107-900187-1-AP,SET-202107-900187-1-AP,24490,EXPLICIT_APPLICATION
REPORTING_PERIOD,S,V001,2021-06,10,1,2021-06-05,DOC-INV-202106-900146-1-AP,INV-202106-900146-1-AP,2021-07,41,1,2021-07-24,DOC-SET-202107-900223-1-AP,SET-202107-900223-1-AP,243940,EXPLICIT_APPLICATION
REPORTING_PERIOD,C,C001,2021-05,14,2,2021-05-08,DOC-INV-202105-900092-2-AR,INV-202105-900092-2-AR,2021-07,43,1,2021-07-25,DOC-SET-202107-900214-1-AR,SET-202107-900214-1-AR,83550,EXPLICIT_APPLICATION
REPORTING_PERIOD,C,C001,2021-05,15,2,2021-05-08,DOC-INV-202105-900111-2-AR,INV-202105-900111-2-AR,2021-07,43,1,2021-07-25,DOC-SET-202107-900214-1-AR,SET-202107-900214-1-AR,131160,EXPLICIT_APPLICATION
REPORTING_PERIOD,C,C001,2021-05,15,2,2021-05-08,DOC-INV-202105-900111-2-AR,INV-202105-900111-2-AR,2021-07,44,1,2021-07-26,DOC-SET-202107-900203-1-AR,SET-202107-900203-1-AR,180530,EXPLICIT_APPLICATION
REPORTING_PERIOD,C,C001,2021-05,17,2,2021-05-09,DOC-INV-202105-900068-2-AR,INV-202105-900068-2-AR,2021-07,44,1,2021-07-26,DOC-SET-202107-900203-1-AR,SET-202107-900203-1-AR,91250,EXPLICIT_APPLICATION
REPORTING_PERIOD,C,C001,2021-05,19,2,2021-05-09,DOC-INV-202105-900082-2-AR,INV-202105-900082-2-AR,2021-07,44,1,2021-07-26,DOC-SET-202107-900203-1-AR,SET-202107-900203-1-AR,139230,EXPLICIT_APPLICATION
REPORTING_PERIOD,S,V001,2021-06,10,1,2021-06-05,DOC-INV-202106-900146-1-AP,INV-202106-900146-1-AP,2021-07,50,2,2021-07-28,DOC-SET-202107-900227-2-AP,SET-202107-900227-2-AP,52790,EXPLICIT_APPLICATION
REPORTING_PERIOD,S,V001,2021-06,13,1,2021-06-06,DOC-INV-202106-900155-1-AP,INV-202106-900155-1-AP,2021-07,50,2,2021-07-28,DOC-SET-202107-900227-2-AP,SET-202107-900227-2-AP,284200,EXPLICIT_APPLICATION
REPORTING_PERIOD,S,V001,2021-06,13,1,2021-06-06,DOC-INV-202106-900155-1-AP,INV-202106-900155-1-AP,2021-07,53,2,2021-07-29,DOC-SET-202107-900207-2-AP,SET-202107-900207-2-AP,24480,EXPLICIT_APPLICATION
REPORTING_PERIOD,S,V001,2021-06,16,1,2021-06-08,DOC-INV-202106-900145-1-AP,INV-202106-900145-1-AP,2021-07,53,2,2021-07-29,DOC-SET-202107-900207-2-AP,SET-202107-900207-2-AP,117860,EXPLICIT_APPLICATION
REPORTING_PERIOD,S,V001,2021-06,16,1,2021-06-08,DOC-INV-202106-900145-1-AP,INV-202106-900145-1-AP,2021-07,58,2,2021-07-31,DOC-SET-202107-900217-2-AP,SET-202107-900217-2-AP,99660,EXPLICIT_APPLICATION
REPORTING_PERIOD,S,V001,2021-06,16,1,2021-06-08,DOC-INV-202106-900145-1-AP,INV-202106-900145-1-AP,2021-07,59,1,2021-07-31,DOC-SET-202107-900229-1-AP,SET-202107-900229-1-AP,77940,EXPLICIT_APPLICATION
REPORTING_PERIOD,S,V001,2021-06,25,1,2021-06-11,DOC-INV-202106-900136-1-AP,INV-202106-900136-1-AP,2021-07,59,1,2021-07-31,DOC-SET-202107-900229-1-AP,SET-202107-900229-1-AP,311910,EXPLICIT_APPLICATION
REPORTING_PERIOD,S,V001,2021-06,32,1,2021-06-14,DOC-INV-202106-900176-1-AP,INV-202106-900176-1-AP,2021-07,59,1,2021-07-31,DOC-SET-202107-900229-1-AP,SET-202107-900229-1-AP,78180,EXPLICIT_APPLICATION
REPORTING_PERIOD,S,V001,2021-06,34,1,2021-06-15,DOC-INV-202106-900126-1-AP,INV-202106-900126-1-AP,2021-07,59,1,2021-07-31,DOC-SET-202107-900229-1-AP,SET-202107-900229-1-AP,1780,EXPLICIT_APPLICATION
REPORTING_PERIOD,C,C001,2021-05,19,2,2021-05-09,DOC-INV-202105-900082-2-AR,INV-202105-900082-2-AR,2021-08,1,1,2021-08-01,DOC-SET-202108-900274-1-AR,SET-202108-900274-1-AR,216280,EXPLICIT_APPLICATION
REPORTING_PERIOD,C,C001,2021-05,25,2,2021-05-12,DOC-INV-202105-900074-2-AR,INV-202105-900074-2-AR,2021-08,1,1,2021-08-01,DOC-SET-202108-900274-1-AR,SET-202108-900274-1-AR,71780,EXPLICIT_APPLICATION
REPORTING_PERIOD,C,C001,2021-05,32,2,2021-05-16,DOC-INV-202105-900080-2-AR,INV-202105-900080-2-AR,2021-08,1,1,2021-08-01,DOC-SET-202108-900274-1-AR,SET-202108-900274-1-AR,129310,EXPLICIT_APPLICATION
REPORTING_PERIOD,S,V001,2021-06,34,1,2021-06-15,DOC-INV-202106-900126-1-AP,INV-202106-900126-1-AP,2021-08,2,1,2021-08-02,DOC-SET-202108-900241-1-AP,SET-202108-900241-1-AP,90560,EXPLICIT_APPLICATION
REPORTING_PERIOD,S,V001,2021-06,34,1,2021-06-15,DOC-INV-202106-900126-1-AP,INV-202106-900126-1-AP,2021-08,9,2,2021-08-04,DOC-SET-202108-900277-2-AP,SET-202108-900277-2-AP,7330,EXPLICIT_APPLICATION
REPORTING_PERIOD,S,V001,2021-06,38,1,2021-06-19,DOC-INV-202106-900175-1-AP,INV-202106-900175-1-AP,2021-08,9,2,2021-08-04,DOC-SET-202108-900277-2-AP,SET-202108-900277-2-AP,27580,EXPLICIT_APPLICATION
REPORTING_PERIOD,S,V001,2021-06,38,1,2021-06-19,DOC-INV-202106-900175-1-AP,INV-202106-900175-1-AP,2021-08,10,1,2021-08-05,DOC-SET-202108-900273-1-AP,SET-202108-900273-1-AP,96170,EXPLICIT_APPLICATION
REPORTING_PERIOD,S,V001,2021-06,45,1,2021-06-25,DOC-INV-202106-900156-1-AP,INV-202106-900156-1-AP,2021-08,10,1,2021-08-05,DOC-SET-202108-900273-1-AP,SET-202108-900273-1-AP,87870,EXPLICIT_APPLICATION
REPORTING_PERIOD,S,V001,2021-06,45,1,2021-06-25,DOC-INV-202106-900156-1-AP,INV-202106-900156-1-AP,2021-08,20,1,2021-08-12,DOC-SET-202108-900287-1-AP,SET-202108-900287-1-AP,119820,EXPLICIT_APPLICATION
REPORTING_PERIOD,S,V001,2021-06,55,1,2021-06-30,DOC-INV-202106-900165-1-AP,INV-202106-900165-1-AP,2021-08,20,1,2021-08-12,DOC-SET-202108-900287-1-AP,SET-202108-900287-1-AP,129600,EXPLICIT_APPLICATION
REPORTING_PERIOD,S,V001,2021-07,4,1,2021-07-03,DOC-INV-202107-900226-1-AP,INV-202107-900226-1-AP,2021-08,20,1,2021-08-12,DOC-SET-202108-900287-1-AP,SET-202108-900287-1-AP,13100,EXPLICIT_APPLICATION
REPORTING_PERIOD,C,C001,2021-05,32,2,2021-05-16,DOC-INV-202105-900080-2-AR,INV-202105-900080-2-AR,2021-08,21,1,2021-08-13,DOC-SET-202108-900253-1-AR,SET-202108-900253-1-AR,179710,EXPLICIT_APPLICATION
REPORTING_PERIOD,C,C001,2021-05,32,2,2021-05-16,DOC-INV-202105-900080-2-AR,INV-202105-900080-2-AR,2021-08,23,1,2021-08-13,DOC-SET-202108-900283-1-AR,SET-202108-900283-1-AR,15410,EXPLICIT_APPLICATION
REPORTING_PERIOD,C,C001,2021-05,33,2,2021-05-16,DOC-INV-202105-900116-2-AR,INV-202105-900116-2-AR,2021-08,23,1,2021-08-13,DOC-SET-202108-900283-1-AR,SET-202108-900283-1-AR,181470,EXPLICIT_APPLICATION
REPORTING_PERIOD,C,C001,2021-05,34,2,2021-05-16,DOC-INV-202105-900122-2-AR,INV-202105-900122-2-AR,2021-08,23,1,2021-08-13,DOC-SET-202108-900283-1-AR,SET-202108-900283-1-AR,40640,EXPLICIT_APPLICATION
REPORTING_PERIOD,C,C001,2021-05,34,2,2021-05-16,DOC-INV-202105-900122-2-AR,INV-202105-900122-2-AR,2021-08,34,1,2021-08-17,DOC-SET-202108-900284-1-AR,SET-202108-900284-1-AR,74340,EXPLICIT_APPLICATION
REPORTING_PERIOD,C,C001,2021-05,35,2,2021-05-17,DOC-INV-202105-900081-2-AR,INV-202105-900081-2-AR,2021-08,34,1,2021-08-17,DOC-SET-202108-900284-1-AR,SET-202108-900284-1-AR,107830,EXPLICIT_APPLICATION
REPORTING_PERIOD,S,V001,2021-07,4,1,2021-07-03,DOC-INV-202107-900226-1-AP,INV-202107-900226-1-AP,2021-08,36,2,2021-08-18,DOC-SET-202108-900247-2-AP,SET-202108-900247-2-AP,71020,EXPLICIT_APPLICATION
REPORTING_PERIOD,S,V001,2021-07,15,1,2021-07-13,DOC-INV-202107-900186-1-AP,INV-202107-900186-1-AP,2021-08,36,2,2021-08-18,DOC-SET-202108-900247-2-AP,SET-202108-900247-2-AP,49340,EXPLICIT_APPLICATION
REPORTING_PERIOD,C,C001,2021-05,35,2,2021-05-17,DOC-INV-202105-900081-2-AR,INV-202105-900081-2-AR,2021-08,37,1,2021-08-18,DOC-SET-202108-900276-1-AR,SET-202108-900276-1-AR,148340,EXPLICIT_APPLICATION
REPORTING_PERIOD,C,C001,2021-05,35,2,2021-05-17,DOC-INV-202105-900081-2-AR,INV-202105-900081-2-AR,2021-08,37,3,2021-08-18,DOC-SET-202108-900276-3-AR,SET-202108-900276-3-AR,11240,EXPLICIT_APPLICATION
REPORTING_PERIOD,C,C001,2021-05,50,2,2021-05-26,DOC-INV-202105-900070-2-AR,INV-202105-900070-2-AR,2021-08,37,3,2021-08-18,DOC-SET-202108-900276-3-AR,SET-202108-900276-3-AR,24360,EXPLICIT_APPLICATION
REPORTING_PERIOD,C,C001,2021-05,50,2,2021-05-26,DOC-INV-202105-900070-2-AR,INV-202105-900070-2-AR,2021-08,37,4,2021-08-18,DOC-SET-202108-900276-4-AR,SET-202108-900276-4-AR,213270,EXPLICIT_APPLICATION
REPORTING_PERIOD,C,C001,2021-05,51,2,2021-05-26,DOC-INV-202105-900102-2-AR,INV-202105-900102-2-AR,2021-08,37,4,2021-08-18,DOC-SET-202108-900276-4-AR,SET-202108-900276-4-AR,196160,EXPLICIT_APPLICATION
REPORTING_PERIOD,S,V001,2021-07,15,1,2021-07-13,DOC-INV-202107-900186-1-AP,INV-202107-900186-1-AP,2021-08,38,1,2021-08-18,DOC-SET-202108-900281-1-AP,SET-202108-900281-1-AP,222800,EXPLICIT_APPLICATION
REPORTING_PERIOD,S,V001,2021-07,20,1,2021-07-15,DOC-INV-202107-900195-1-AP,INV-202107-900195-1-AP,2021-08,38,1,2021-08-18,DOC-SET-202108-900281-1-AP,SET-202108-900281-1-AP,106450,EXPLICIT_APPLICATION
REPORTING_PERIOD,S,V001,2021-07,25,1,2021-07-17,DOC-INV-202107-900215-1-AP,INV-202107-900215-1-AP,2021-08,38,1,2021-08-18,DOC-SET-202108-900281-1-AP,SET-202108-900281-1-AP,30960,EXPLICIT_APPLICATION
REPORTING_PERIOD,C,C001,2021-05,51,2,2021-05-26,DOC-INV-202105-900102-2-AR,INV-202105-900102-2-AR,2021-08,44,1,2021-08-22,DOC-SET-202108-900243-1-AR,SET-202108-900243-1-AR,286300,EXPLICIT_APPLICATION
REPORTING_PERIOD,C,C001,2021-05,53,2,2021-05-27,DOC-INV-202105-900072-2-AR,INV-202105-900072-2-AR,2021-08,44,1,2021-08-22,DOC-SET-202108-900243-1-AR,SET-202108-900243-1-AR,224900,EXPLICIT_APPLICATION
REPORTING_PERIOD,C,C001,2021-05,53,2,2021-05-27,DOC-INV-202105-900072-2-AR,INV-202105-900072-2-AR,2021-08,46,1,2021-08-22,DOC-SET-202108-900263-1-AR,SET-202108-900263-1-AR,171850,EXPLICIT_APPLICATION
REPORTING_PERIOD,C,C001,2021-05,55,2,2021-05-27,DOC-INV-202105-900120-2-AR,INV-202105-900120-2-AR,2021-08,46,1,2021-08-22,DOC-SET-202108-900263-1-AR,SET-202108-900263-1-AR,97300,EXPLICIT_APPLICATION
REPORTING_PERIOD,C,C001,2021-05,56,2,2021-05-28,DOC-INV-202105-900110-2-AR,INV-202105-900110-2-AR,2021-08,46,1,2021-08-22,DOC-SET-202108-900263-1-AR,SET-202108-900263-1-AR,146190,EXPLICIT_APPLICATION
REPORTING_PERIOD,C,C001,2021-05,56,2,2021-05-28,DOC-INV-202105-900110-2-AR,INV-202105-900110-2-AR,2021-08,47,1,2021-08-22,DOC-SET-202108-900293-1-AR,SET-202108-900293-1-AR,94720,EXPLICIT_APPLICATION
REPORTING_PERIOD,C,C001,2021-06,3,2,2021-06-01,DOC-INV-202106-900170-2-AR,INV-202106-900170-2-AR,2021-08,47,1,2021-08-22,DOC-SET-202108-900293-1-AR,SET-202108-900293-1-AR,339490,EXPLICIT_APPLICATION
REPORTING_PERIOD,S,V001,2021-07,25,1,2021-07-17,DOC-INV-202107-900215-1-AP,INV-202107-900215-1-AP,2021-08,49,1,2021-08-24,DOC-SET-202108-900267-1-AP,SET-202108-900267-1-AP,258900,EXPLICIT_APPLICATION
REPORTING_PERIOD,S,V001,2021-07,33,1,2021-07-20,DOC-INV-202107-900196-1-AP,INV-202107-900196-1-AP,2021-08,49,1,2021-08-24,DOC-SET-202108-900267-1-AP,SET-202108-900267-1-AP,75630,EXPLICIT_APPLICATION
REPORTING_PERIOD,C,C001,2021-06,3,2,2021-06-01,DOC-INV-202106-900170-2-AR,INV-202106-900170-2-AR,2021-09,3,1,2021-09-02,DOC-SET-202109-900343-1-AR,SET-202109-900343-1-AR,91960,EXPLICIT_APPLICATION
REPORTING_PERIOD,C,C001,2021-06,9,2,2021-06-04,DOC-INV-202106-900128-2-AR,INV-202106-900128-2-AR,2021-09,3,1,2021-09-02,DOC-SET-202109-900343-1-AR,SET-202109-900343-1-AR,131050,EXPLICIT_APPLICATION
REPORTING_PERIOD,C,C001,2021-06,14,2,2021-06-07,DOC-INV-202106-900140-2-AR,INV-202106-900140-2-AR,2021-09,3,1,2021-09-02,DOC-SET-202109-900343-1-AR,SET-202109-900343-1-AR,67120,EXPLICIT_APPLICATION
REPORTING_PERIOD,C,C001,2021-06,14,2,2021-06-07,DOC-INV-202106-900140-2-AR,INV-202106-900140-2-AR,2021-09,8,1,2021-09-04,DOC-SET-202109-900324-1-AR,SET-202109-900324-1-AR,382510,EXPLICIT_APPLICATION
REPORTING_PERIOD,C,C001,2021-06,14,2,2021-06-07,DOC-INV-202106-900140-2-AR,INV-202106-900140-2-AR,2021-09,14,1,2021-09-07,DOC-SET-202109-900353-1-AR,SET-202109-900353-1-AR,20440,EXPLICIT_APPLICATION
REPORTING_PERIOD,C,C001,2021-06,17,2,2021-06-08,DOC-INV-202106-900174-2-AR,INV-202106-900174-2-AR,2021-09,14,1,2021-09-07,DOC-SET-202109-900353-1-AR,SET-202109-900353-1-AR,169640,EXPLICIT_APPLICATION
REPORTING_PERIOD,C,C001,2021-06,18,2,2021-06-09,DOC-INV-202106-900132-2-AR,INV-202106-900132-2-AR,2021-09,14,1,2021-09-07,DOC-SET-202109-900353-1-AR,SET-202109-900353-1-AR,196120,EXPLICIT_APPLICATION
REPORTING_PERIOD,S,V001,2021-07,33,1,2021-07-20,DOC-INV-202107-900196-1-AP,INV-202107-900196-1-AP,2021-09,15,2,2021-09-08,DOC-SET-202109-900327-2-AP,SET-202109-900327-2-AP,168360,EXPLICIT_APPLICATION
REPORTING_PERIOD,C,C001,2021-06,18,2,2021-06-09,DOC-INV-202106-900132-2-AR,INV-202106-900132-2-AR,2021-09,16,1,2021-09-09,DOC-SET-202109-900314-1-AR,SET-202109-900314-1-AR,87980,EXPLICIT_APPLICATION
REPORTING_PERIOD,S,V001,2021-07,33,1,2021-07-20,DOC-INV-202107-900196-1-AP,INV-202107-900196-1-AP,2021-09,18,1,2021-09-10,DOC-SET-202109-900317-1-AP,SET-202109-900317-1-AP,19020,EXPLICIT_APPLICATION
REPORTING_PERIOD,S,V001,2021-07,37,1,2021-07-20,DOC-INV-202107-900236-1-AP,INV-202107-900236-1-AP,2021-09,18,1,2021-09-10,DOC-SET-202109-900317-1-AP,SET-202109-900317-1-AP,58120,EXPLICIT_APPLICATION
REPORTING_PERIOD,S,V001,2021-07,52,1,2021-07-29,DOC-INV-202107-900205-1-AP,INV-202107-900205-1-AP,2021-09,18,1,2021-09-10,DOC-SET-202109-900317-1-AP,SET-202109-900317-1-AP,46240,EXPLICIT_APPLICATION
REPORTING_PERIOD,S,V001,2021-07,52,1,2021-07-29,DOC-INV-202107-900205-1-AP,INV-202107-900205-1-AP,2021-09,22,1,2021-09-13,DOC-SET-202109-900329-1-AP,SET-202109-900329-1-AP,15980,EXPLICIT_APPLICATION
REPORTING_PERIOD,S,V001,2021-07,56,1,2021-07-31,DOC-INV-202107-900185-1-AP,INV-202107-900185-1-AP,2021-09,22,1,2021-09-13,DOC-SET-202109-900329-1-AP,SET-202109-900329-1-AP,122380,EXPLICIT_APPLICATION
REPORTING_PERIOD,S,V001,2021-07,56,1,2021-07-31,DOC-INV-202107-900185-1-AP,INV-202107-900185-1-AP,2021-09,30,1,2021-09-16,DOC-SET-202109-900323-1-AP,SET-202109-900323-1-AP,44500,EXPLICIT_APPLICATION
REPORTING_PERIOD,C,C001,2021-06,18,2,2021-06-09,DOC-INV-202106-900132-2-AR,INV-202106-900132-2-AR,2021-09,34,1,2021-09-17,DOC-SET-202109-900334-1-AR,SET-202109-900334-1-AR,92990,EXPLICIT_APPLICATION
REPORTING_PERIOD,C,C001,2021-06,18,2,2021-06-09,DOC-INV-202106-900132-2-AR,INV-202106-900132-2-AR,2021-09,36,1,2021-09-17,DOC-SET-202109-900344-1-AR,SET-202109-900344-1-AR,112580,EXPLICIT_APPLICATION
REPORTING_PERIOD,S,V001,2021-07,56,1,2021-07-31,DOC-INV-202107-900185-1-AP,INV-202107-900185-1-AP,2021-09,45,2,2021-09-23,DOC-SET-202109-900297-2-AP,SET-202109-900297-2-AP,85610,EXPLICIT_APPLICATION
REPORTING_PERIOD,S,V001,2021-08,11,1,2021-08-06,DOC-INV-202108-900255-1-AP,INV-202108-900255-1-AP,2021-09,45,2,2021-09-23,DOC-SET-202109-900297-2-AP,SET-202109-900297-2-AP,60770,EXPLICIT_APPLICATION
REPORTING_PERIOD,S,V001,2021-08,11,1,2021-08-06,DOC-INV-202108-900255-1-AP,INV-202108-900255-1-AP,2021-09,47,1,2021-09-25,DOC-SET-202109-900311-1-AP,SET-202109-900311-1-AP,88880,EXPLICIT_APPLICATION
REPORTING_PERIOD,S,V001,2021-08,14,1,2021-08-08,DOC-INV-202108-900245-1-AP,INV-202108-900245-1-AP,2021-09,47,1,2021-09-25,DOC-SET-202109-900311-1-AP,SET-202109-900311-1-AP,27530,EXPLICIT_APPLICATION
REPORTING_PERIOD,S,V001,2021-08,14,1,2021-08-08,DOC-INV-202108-900245-1-AP,INV-202108-900245-1-AP,2021-09,49,2,2021-09-25,DOC-SET-202109-900347-2-AP,SET-202109-900347-2-AP,161470,EXPLICIT_APPLICATION
REPORTING_PERIOD,S,V001,2021-08,40,1,2021-08-19,DOC-INV-202108-900265-1-AP,INV-202108-900265-1-AP,2021-09,49,2,2021-09-25,DOC-SET-202109-900347-2-AP,SET-202109-900347-2-AP,24100,EXPLICIT_APPLICATION
REPORTING_PERIOD,S,V001,2021-08,40,1,2021-08-19,DOC-INV-202108-900265-1-AP,INV-202108-900265-1-AP,2021-09,51,2,2021-09-28,DOC-SET-202109-900307-2-AP,SET-202109-900307-2-AP,72440,EXPLICIT_APPLICATION
REPORTING_PERIOD,S,V001,2021-08,41,1,2021-08-19,DOC-INV-202108-900275-1-AP,INV-202108-900275-1-AP,2021-09,51,2,2021-09-28,DOC-SET-202109-900307-2-AP,SET-202109-900307-2-AP,142190,EXPLICIT_APPLICATION
REPORTING_PERIOD,S,V001,2021-08,41,1,2021-08-19,DOC-INV-202108-900275-1-AP,INV-202108-900275-1-AP,2021-09,52,2,2021-09-28,DOC-SET-202109-900337-2-AP,SET-202109-900337-2-AP,188470,EXPLICIT_APPLICATION
REPORTING_PERIOD,S,V001,2021-08,42,1,2021-08-19,DOC-INV-202108-900286-1-AP,INV-202108-900286-1-AP,2021-09,52,2,2021-09-28,DOC-SET-202109-900337-2-AP,SET-202109-900337-2-AP,33080,EXPLICIT_APPLICATION
REPORTING_PERIOD,C,C001,2021-06,18,2,2021-06-09,DOC-INV-202106-900132-2-AR,INV-202106-900132-2-AR,2021-09,54,1,2021-09-29,DOC-SET-202109-900333-1-AR,SET-202109-900333-1-AR,104200,EXPLICIT_APPLICATION
REPORTING_PERIOD,C,C001,2021-06,23,2,2021-06-10,DOC-INV-202106-900162-2-AR,INV-202106-900162-2-AR,2021-09,54,1,2021-09-29,DOC-SET-202109-900333-1-AR,SET-202109-900333-1-AR,99520,EXPLICIT_APPLICATION
REPORTING_PERIOD,C,C001,2021-06,23,2,2021-06-10,DOC-INV-202106-900162-2-AR,INV-202106-900162-2-AR,2021-09,56,1,2021-09-30,DOC-SET-202109-900303-1-AR,SET-202109-900303-1-AR,175050,EXPLICIT_APPLICATION
REPORTING_PERIOD,S,V001,2021-08,42,1,2021-08-19,DOC-INV-202108-900286-1-AP,INV-202108-900286-1-AP,2021-10,1,1,2021-10-01,DOC-SET-202110-900367-1-AP,SET-202110-900367-1-AP,30710,EXPLICIT_APPLICATION
REPORTING_PERIOD,S,V001,2021-08,48,1,2021-08-24,DOC-INV-202108-900246-1-AP,INV-202108-900246-1-AP,2021-10,1,1,2021-10-01,DOC-SET-202110-900367-1-AP,SET-202110-900367-1-AP,31780,EXPLICIT_APPLICATION
REPORTING_PERIOD,S,V001,2021-08,52,1,2021-08-27,DOC-INV-202108-900295-1-AP,INV-202108-900295-1-AP,2021-10,1,1,2021-10-01,DOC-SET-202110-900367-1-AP,SET-202110-900367-1-AP,83710,EXPLICIT_APPLICATION
REPORTING_PERIOD,S,V001,2021-08,52,1,2021-08-27,DOC-INV-202108-900295-1-AP,INV-202108-900295-1-AP,2021-10,5,1,2021-10-03,DOC-SET-202110-900401-1-AP,SET-202110-900401-1-AP,231960,EXPLICIT_APPLICATION
REPORTING_PERIOD,C,C001,2021-06,23,2,2021-06-10,DOC-INV-202106-900162-2-AR,INV-202106-900162-2-AR,2021-10,9,1,2021-10-06,DOC-SET-202110-900396-1-AR,SET-202110-900396-1-AR,80610,EXPLICIT_APPLICATION
REPORTING_PERIOD,C,C001,2021-06,23,2,2021-06-10,DOC-INV-202106-900162-2-AR,INV-202106-900162-2-AR,2021-10,9,3,2021-10-06,DOC-SET-202110-900396-3-AR,SET-202110-900396-3-AR,29550,EXPLICIT_APPLICATION
REPORTING_PERIOD,C,C001,2021-06,23,2,2021-06-10,DOC-INV-202106-900162-2-AR,INV-202106-900162-2-AR,2021-10,9,4,2021-10-06,DOC-SET-202110-900396-4-AR,SET-202110-900396-4-AR,27630,EXPLICIT_APPLICATION
REPORTING_PERIOD,C,C001,2021-06,27,2,2021-06-12,DOC-INV-202106-900130-2-AR,INV-202106-900130-2-AR,2021-10,9,4,2021-10-06,DOC-SET-202110-900396-4-AR,SET-202110-900396-4-AR,130920,EXPLICIT_APPLICATION
REPORTING_PERIOD,C,C001,2021-06,27,2,2021-06-12,DOC-INV-202106-900130-2-AR,INV-202106-900130-2-AR,2021-10,15,1,2021-10-09,DOC-SET-202110-900354-1-AR,SET-202110-900354-1-AR,65690,EXPLICIT_APPLICATION
REPORTING_PERIOD,C,C001,2021-06,35,2,2021-06-17,DOC-INV-202106-900160-2-AR,INV-202106-900160-2-AR,2021-10,15,1,2021-10-09,DOC-SET-202110-900354-1-AR,SET-202110-900354-1-AR,172330,EXPLICIT_APPLICATION
REPORTING_PERIOD,C,C001,2021-06,44,2,2021-06-25,DOC-INV-202106-900152-2-AR,INV-202106-900152-2-AR,2021-10,15,1,2021-10-09,DOC-SET-202110-900354-1-AR,SET-202110-900354-1-AR,213180,EXPLICIT_APPLICATION
REPORTING_PERIOD,S,V001,2021-08,52,1,2021-08-27,DOC-INV-202108-900295-1-AP,INV-202108-900295-1-AP,2021-10,21,1,2021-10-10,DOC-SET-202110-900411-1-AP,SET-202110-900411-1-AP,18700,EXPLICIT_APPLICATION
REPORTING_PERIOD,S,V001,2021-08,54,1,2021-08-30,DOC-INV-202108-900256-1-AP,INV-202108-900256-1-AP,2021-10,21,1,2021-10-10,DOC-SET-202110-900411-1-AP,SET-202110-900411-1-AP,241330,EXPLICIT_APPLICATION
REPORTING_PERIOD,C,C001,2021-06,44,2,2021-06-25,DOC-INV-202106-900152-2-AR,INV-202106-900152-2-AR,2021-10,23,1,2021-10-11,DOC-SET-202110-900394-1-AR,SET-202110-900394-1-AR,102750,EXPLICIT_APPLICATION
REPORTING_PERIOD,S,V001,2021-08,54,1,2021-08-30,DOC-INV-202108-900256-1-AP,INV-202108-900256-1-AP,2021-10,27,1,2021-10-15,DOC-SET-202110-900361-1-AP,SET-202110-900361-1-AP,73490,EXPLICIT_APPLICATION
REPORTING_PERIOD,S,V001,2021-08,54,1,2021-08-30,DOC-INV-202108-900256-1-AP,INV-202108-900256-1-AP,2021-10,29,2,2021-10-15,DOC-SET-202110-900397-2-AP,SET-202110-900397-2-AP,18900,EXPLICIT_APPLICATION
REPORTING_PERIOD,S,V001,2021-08,58,1,2021-08-31,DOC-INV-202108-900266-1-AP,INV-202108-900266-1-AP,2021-10,29,2,2021-10-15,DOC-SET-202110-900397-2-AP,SET-202110-900397-2-AP,150810,EXPLICIT_APPLICATION
REPORTING_PERIOD,C,C001,2021-06,44,2,2021-06-25,DOC-INV-202106-900152-2-AR,INV-202106-900152-2-AR,2021-10,30,1,2021-10-16,DOC-SET-202110-900363-1-AR,SET-202110-900363-1-AR,187930,EXPLICIT_APPLICATION
REPORTING_PERIOD,C,C001,2021-06,47,2,2021-06-25,DOC-INV-202106-900161-2-AR,INV-202106-900161-2-AR,2021-10,30,1,2021-10-16,DOC-SET-202110-900363-1-AR,SET-202110-900363-1-AR,73460,EXPLICIT_APPLICATION
REPORTING_PERIOD,C,C001,2021-06,47,2,2021-06-25,DOC-INV-202106-900161-2-AR,INV-202106-900161-2-AR,2021-10,33,1,2021-10-17,DOC-SET-202110-900404-1-AR,SET-202110-900404-1-AR,24880,EXPLICIT_APPLICATION
REPORTING_PERIOD,C,C001,2021-06,48,2,2021-06-26,DOC-INV-202106-900151-2-AR,INV-202106-900151-2-AR,2021-10,33,1,2021-10-17,DOC-SET-202110-900404-1-AR,SET-202110-900404-1-AR,102260,EXPLICIT_APPLICATION
REPORTING_PERIOD,C,C001,2021-06,49,2,2021-06-26,DOC-INV-202106-900166-2-AR,INV-202106-900166-2-AR,2021-10,33,1,2021-10-17,DOC-SET-202110-900404-1-AR,SET-202110-900404-1-AR,175070,EXPLICIT_APPLICATION
REPORTING_PERIOD,C,C001,2021-06,50,2,2021-06-27,DOC-INV-202106-900171-2-AR,INV-202106-900171-2-AR,2021-10,33,1,2021-10-17,DOC-SET-202110-900404-1-AR,SET-202110-900404-1-AR,56280,EXPLICIT_APPLICATION
REPORTING_PERIOD,C,C001,2021-06,50,2,2021-06-27,DOC-INV-202106-900171-2-AR,INV-202106-900171-2-AR,2021-10,38,1,2021-10-21,DOC-SET-202110-900384-1-AR,SET-202110-900384-1-AR,112250,EXPLICIT_APPLICATION
REPORTING_PERIOD,C,C001,2021-06,54,2,2021-06-30,DOC-INV-202106-900142-2-AR,INV-202106-900142-2-AR,2021-10,38,1,2021-10-21,DOC-SET-202110-900384-1-AR,SET-202110-900384-1-AR,76180,EXPLICIT_APPLICATION
REPORTING_PERIOD,S,V001,2021-08,58,1,2021-08-31,DOC-INV-202108-900266-1-AP,INV-202108-900266-1-AP,2021-10,40,2,2021-10-22,DOC-SET-202110-900357-2-AP,SET-202110-900357-2-AP,220870,EXPLICIT_APPLICATION
REPORTING_PERIOD,S,V001,2021-09,21,1,2021-09-12,DOC-INV-202109-900296-1-AP,INV-202109-900296-1-AP,2021-10,40,2,2021-10-22,DOC-SET-202110-900357-2-AP,SET-202110-900357-2-AP,124030,EXPLICIT_APPLICATION
REPORTING_PERIOD,S,V001,2021-09,21,1,2021-09-12,DOC-INV-202109-900296-1-AP,INV-202109-900296-1-AP,2021-10,43,1,2021-10-23,DOC-SET-202110-900373-1-AP,SET-202110-900373-1-AP,134400,EXPLICIT_APPLICATION
REPORTING_PERIOD,S,V001,2021-09,35,1,2021-09-17,DOC-INV-202109-900335-1-AP,INV-202109-900335-1-AP,2021-10,43,1,2021-10-23,DOC-SET-202110-900373-1-AP,SET-202110-900373-1-AP,178650,EXPLICIT_APPLICATION
REPORTING_PERIOD,S,V001,2021-09,37,1,2021-09-17,DOC-INV-202109-900346-1-AP,INV-202109-900346-1-AP,2021-10,43,1,2021-10-23,DOC-SET-202110-900373-1-AP,SET-202110-900373-1-AP,107350,EXPLICIT_APPLICATION
REPORTING_PERIOD,S,V001,2021-09,37,1,2021-09-17,DOC-INV-202109-900346-1-AP,INV-202109-900346-1-AP,2021-10,46,1,2021-10-25,DOC-SET-202110-900405-1-AP,SET-202110-900405-1-AP,202880,EXPLICIT_APPLICATION
REPORTING_PERIOD,C,C001,2021-06,54,2,2021-06-30,DOC-INV-202106-900142-2-AR,INV-202106-900142-2-AR,2021-10,48,1,2021-10-26,DOC-SET-202110-900374-1-AR,SET-202110-900374-1-AR,323080,EXPLICIT_APPLICATION
REPORTING_PERIOD,C,C001,2021-07,2,2,2021-07-01,DOC-INV-202107-900190-2-AR,INV-202107-900190-2-AR,2021-10,48,1,2021-10-26,DOC-SET-202110-900374-1-AR,SET-202110-900374-1-AR,130870,EXPLICIT_APPLICATION
REPORTING_PERIOD,S,V001,2021-09,37,1,2021-09-17,DOC-INV-202109-900346-1-AP,INV-202109-900346-1-AP,2021-10,54,1,2021-10-31,DOC-SET-202110-900355-1-AP,SET-202110-900355-1-AP,22390,EXPLICIT_APPLICATION
REPORTING_PERIOD,S,V001,2021-09,39,1,2021-09-18,DOC-INV-202109-900325-1-AP,INV-202109-900325-1-AP,2021-10,54,1,2021-10-31,DOC-SET-202110-900355-1-AP,SET-202110-900355-1-AP,284710,EXPLICIT_APPLICATION
REPORTING_PERIOD,S,V001,2021-09,43,1,2021-09-21,DOC-INV-202109-900316-1-AP,INV-202109-900316-1-AP,2021-10,54,1,2021-10-31,DOC-SET-202110-900355-1-AP,SET-202110-900355-1-AP,19030,EXPLICIT_APPLICATION
REPORTING_PERIOD,S,V001,2021-09,43,1,2021-09-21,DOC-INV-202109-900316-1-AP,INV-202109-900316-1-AP,2021-10,55,2,2021-10-31,DOC-SET-202110-900387-2-AP,SET-202110-900387-2-AP,82330,EXPLICIT_APPLICATION
REPORTING_PERIOD,C,C001,2021-07,2,2,2021-07-01,DOC-INV-202107-900190-2-AR,INV-202107-900190-2-AR,2021-10,57,1,2021-10-31,DOC-SET-202110-900393-1-AR,SET-202110-900393-1-AR,191140,EXPLICIT_APPLICATION
REPORTING_PERIOD,C,C001,2021-07,3,2,2021-07-03,DOC-INV-202107-900211-2-AR,INV-202107-900211-2-AR,2021-10,57,1,2021-10-31,DOC-SET-202110-900393-1-AR,SET-202110-900393-1-AR,232620,EXPLICIT_APPLICATION
REPORTING_PERIOD,C,C001,2021-07,3,2,2021-07-03,DOC-INV-202107-900211-2-AR,INV-202107-900211-2-AR,2021-10,58,1,2021-10-31,DOC-SET-202110-900403-1-AR,SET-202110-900403-1-AR,184540,EXPLICIT_APPLICATION
REPORTING_PERIOD,C,C001,2021-07,9,2,2021-07-06,DOC-INV-202107-900201-2-AR,INV-202107-900201-2-AR,2021-10,58,1,2021-10-31,DOC-SET-202110-900403-1-AR,SET-202110-900403-1-AR,84220,EXPLICIT_APPLICATION
REPORTING_PERIOD,C,C001,2021-07,9,2,2021-07-06,DOC-INV-202107-900201-2-AR,INV-202107-900201-2-AR,2021-11,1,1,2021-11-01,DOC-SET-202111-900414-1-AR,SET-202111-900414-1-AR,70310,EXPLICIT_APPLICATION
REPORTING_PERIOD,C,C001,2021-07,9,2,2021-07-06,DOC-INV-202107-900201-2-AR,INV-202107-900201-2-AR,2021-11,5,1,2021-11-02,DOC-SET-202111-900454-1-AR,SET-202111-900454-1-AR,297690,EXPLICIT_APPLICATION
REPORTING_PERIOD,C,C001,2021-07,11,2,2021-07-10,DOC-INV-202107-900231-2-AR,INV-202107-900231-2-AR,2021-11,5,1,2021-11-02,DOC-SET-202111-900454-1-AR,SET-202111-900454-1-AR,156810,EXPLICIT_APPLICATION
REPORTING_PERIOD,C,C001,2021-07,11,2,2021-07-10,DOC-INV-202107-900231-2-AR,INV-202107-900231-2-AR,2021-11,7,1,2021-11-05,DOC-SET-202111-900453-1-AR,SET-202111-900453-1-AR,135620,EXPLICIT_APPLICATION
REPORTING_PERIOD,C,C001,2021-07,14,2,2021-07-12,DOC-INV-202107-900192-2-AR,INV-202107-900192-2-AR,2021-11,7,1,2021-11-05,DOC-SET-202111-900453-1-AR,SET-202111-900453-1-AR,207940,EXPLICIT_APPLICATION
REPORTING_PERIOD,C,C001,2021-07,14,2,2021-07-12,DOC-INV-202107-900192-2-AR,INV-202107-900192-2-AR,2021-11,9,1,2021-11-05,DOC-SET-202111-900463-1-AR,SET-202111-900463-1-AR,57020,EXPLICIT_APPLICATION
REPORTING_PERIOD,C,C001,2021-07,19,2,2021-07-14,DOC-INV-202107-900221-2-AR,INV-202107-900221-2-AR,2021-11,9,1,2021-11-05,DOC-SET-202111-900463-1-AR,SET-202111-900463-1-AR,24490,EXPLICIT_APPLICATION
REPORTING_PERIOD,S,V001,2021-09,43,1,2021-09-21,DOC-INV-202109-900316-1-AP,INV-202109-900316-1-AP,2021-11,11,1,2021-11-06,DOC-SET-202111-900455-1-AP,SET-202111-900455-1-AP,47180,EXPLICIT_APPLICATION
REPORTING_PERIOD,S,V001,2021-09,46,1,2021-09-23,DOC-INV-202109-900315-1-AP,INV-202109-900315-1-AP,2021-11,11,1,2021-11-06,DOC-SET-202111-900455-1-AP,SET-202111-900455-1-AP,185550,EXPLICIT_APPLICATION
REPORTING_PERIOD,C,C001,2021-07,19,2,2021-07-14,DOC-INV-202107-900221-2-AR,INV-202107-900221-2-AR,2021-11,15,1,2021-11-07,DOC-SET-202111-900443-1-AR,SET-202111-900443-1-AR,358660,EXPLICIT_APPLICATION
REPORTING_PERIOD,C,C001,2021-07,21,2,2021-07-15,DOC-INV-202107-900200-2-AR,INV-202107-900200-2-AR,2021-11,15,1,2021-11-07,DOC-SET-202111-900443-1-AR,SET-202111-900443-1-AR,46190,EXPLICIT_APPLICATION
REPORTING_PERIOD,C,C001,2021-07,21,2,2021-07-15,DOC-INV-202107-900200-2-AR,INV-202107-900200-2-AR,2021-11,16,1,2021-11-07,DOC-SET-202111-900464-1-AR,SET-202111-900464-1-AR,121240,EXPLICIT_APPLICATION
REPORTING_PERIOD,S,V001,2021-09,46,1,2021-09-23,DOC-INV-202109-900315-1-AP,INV-202109-900315-1-AP,2021-11,17,1,2021-11-08,DOC-SET-202111-900449-1-AP,SET-202111-900449-1-AP,168410,EXPLICIT_APPLICATION
REPORTING_PERIOD,S,V001,2021-09,57,1,2021-09-30,DOC-INV-202109-900305-1-AP,INV-202109-900305-1-AP,2021-11,17,1,2021-11-08,DOC-SET-202111-900449-1-AP,SET-202111-900449-1-AP,101790,EXPLICIT_APPLICATION
REPORTING_PERIOD,S,V001,2021-10,3,1,2021-10-02,DOC-INV-202110-900385-1-AP,INV-202110-900385-1-AP,2021-11,17,1,2021-11-08,DOC-SET-202111-900449-1-AP,SET-202111-900449-1-AP,36660,EXPLICIT_APPLICATION
REPORTING_PERIOD,S,V001,2021-10,6,1,2021-10-04,DOC-INV-202110-900406-1-AP,INV-202110-900406-1-AP,2021-11,17,1,2021-11-08,DOC-SET-202111-900449-1-AP,SET-202111-900449-1-AP,94660,EXPLICIT_APPLICATION
REPORTING_PERIOD,C,C001,2021-07,21,2,2021-07-15,DOC-INV-202107-900200-2-AR,INV-202107-900200-2-AR,2021-11,19,1,2021-11-09,DOC-SET-202111-900423-1-AR,SET-202111-900423-1-AR,102520,EXPLICIT_APPLICATION
REPORTING_PERIOD,C,C001,2021-07,22,2,2021-07-16,DOC-INV-202107-900204-2-AR,INV-202107-900204-2-AR,2021-11,19,1,2021-11-09,DOC-SET-202111-900423-1-AR,SET-202111-900423-1-AR,56250,EXPLICIT_APPLICATION
REPORTING_PERIOD,C,C001,2021-07,24,2,2021-07-17,DOC-INV-202107-900182-2-AR,INV-202107-900182-2-AR,2021-11,19,1,2021-11-09,DOC-SET-202111-900423-1-AR,SET-202111-900423-1-AR,61740,EXPLICIT_APPLICATION
REPORTING_PERIOD,S,V001,2021-10,6,1,2021-10-04,DOC-INV-202110-900406-1-AP,INV-202110-900406-1-AP,2021-11,30,2,2021-11-15,DOC-SET-202111-900427-2-AP,SET-202111-900427-2-AP,159020,EXPLICIT_APPLICATION
REPORTING_PERIOD,S,V001,2021-10,6,1,2021-10-04,DOC-INV-202110-900406-1-AP,INV-202110-900406-1-AP,2021-11,35,2,2021-11-16,DOC-SET-202111-900437-2-AP,SET-202111-900437-2-AP,80270,EXPLICIT_APPLICATION
REPORTING_PERIOD,S,V001,2021-10,7,1,2021-10-05,DOC-INV-202110-900395-1-AP,INV-202110-900395-1-AP,2021-11,35,2,2021-11-16,DOC-SET-202111-900437-2-AP,SET-202111-900437-2-AP,7820,EXPLICIT_APPLICATION
REPORTING_PERIOD,S,V001,2021-10,7,1,2021-10-05,DOC-INV-202110-900395-1-AP,INV-202110-900395-1-AP,2021-11,42,2,2021-11-18,DOC-SET-202111-900447-2-AP,SET-202111-900447-2-AP,187620,EXPLICIT_APPLICATION
REPORTING_PERIOD,S,V001,2021-10,16,1,2021-10-09,DOC-INV-202110-900356-1-AP,INV-202110-900356-1-AP,2021-11,42,2,2021-11-18,DOC-SET-202111-900447-2-AP,SET-202111-900447-2-AP,52970,EXPLICIT_APPLICATION
REPORTING_PERIOD,C,C001,2021-07,24,2,2021-07-17,DOC-INV-202107-900182-2-AR,INV-202107-900182-2-AR,2021-11,45,1,2021-11-23,DOC-SET-202111-900434-1-AR,SET-202111-900434-1-AR,241650,EXPLICIT_APPLICATION
REPORTING_PERIOD,C,C001,2021-07,27,2,2021-07-18,DOC-INV-202107-900180-2-AR,INV-202107-900180-2-AR,2021-11,45,1,2021-11-23,DOC-SET-202111-900434-1-AR,SET-202111-900434-1-AR,18790,EXPLICIT_APPLICATION
REPORTING_PERIOD,C,C001,2021-07,27,2,2021-07-18,DOC-INV-202107-900180-2-AR,INV-202107-900180-2-AR,2021-11,51,1,2021-11-27,DOC-SET-202111-900444-1-AR,SET-202111-900444-1-AR,328450,EXPLICIT_APPLICATION
REPORTING_PERIOD,S,V001,2021-10,16,1,2021-10-09,DOC-INV-202110-900356-1-AP,INV-202110-900356-1-AP,2021-11,53,2,2021-11-28,DOC-SET-202111-900457-2-AP,SET-202111-900457-2-AP,215030,EXPLICIT_APPLICATION
REPORTING_PERIOD,S,V001,2021-10,37,1,2021-10-20,DOC-INV-202110-900375-1-AP,INV-202110-900375-1-AP,2021-11,53,2,2021-11-28,DOC-SET-202111-900457-2-AP,SET-202111-900457-2-AP,72270,EXPLICIT_APPLICATION
REPORTING_PERIOD,S,V001,2021-10,37,1,2021-10-20,DOC-INV-202110-900375-1-AP,INV-202110-900375-1-AP,2021-11,56,2,2021-11-29,DOC-SET-202111-900467-2-AP,SET-202111-900467-2-AP,41410,EXPLICIT_APPLICATION
REPORTING_PERIOD,S,V001,2021-10,42,1,2021-10-23,DOC-INV-202110-900366-1-AP,INV-202110-900366-1-AP,2021-11,56,2,2021-11-29,DOC-SET-202111-900467-2-AP,SET-202111-900467-2-AP,200910,EXPLICIT_APPLICATION
REPORTING_PERIOD,S,V001,2021-10,42,1,2021-10-23,DOC-INV-202110-900366-1-AP,INV-202110-900366-1-AP,2021-11,57,1,2021-11-30,DOC-SET-202111-900417-1-AP,SET-202111-900417-1-AP,21380,EXPLICIT_APPLICATION
REPORTING_PERIOD,S,V001,2021-10,49,1,2021-10-27,DOC-INV-202110-900365-1-AP,INV-202110-900365-1-AP,2021-11,57,1,2021-11-30,DOC-SET-202111-900417-1-AP,SET-202111-900417-1-AP,208190,EXPLICIT_APPLICATION
REPORTING_PERIOD,S,V001,2021-10,49,1,2021-10-27,DOC-INV-202110-900365-1-AP,INV-202110-900365-1-AP,2021-11,58,1,2021-11-30,DOC-SET-202111-900461-1-AP,SET-202111-900461-1-AP,40940,EXPLICIT_APPLICATION
REPORTING_PERIOD,S,V001,2021-10,52,1,2021-10-28,DOC-INV-202110-900376-1-AP,INV-202110-900376-1-AP,2021-11,58,1,2021-11-30,DOC-SET-202111-900461-1-AP,SET-202111-900461-1-AP,184540,EXPLICIT_APPLICATION
REPORTING_PERIOD,S,V001,2021-11,2,1,2021-11-01,DOC-INV-202111-900425-1-AP,INV-202111-900425-1-AP,2021-11,58,1,2021-11-30,DOC-SET-202111-900461-1-AP,SET-202111-900461-1-AP,39690,EXPLICIT_APPLICATION
REPORTING_PERIOD,S,V001,2021-11,2,1,2021-11-01,DOC-INV-202111-900425-1-AP,INV-202111-900425-1-AP,2021-12,10,2,2021-12-05,DOC-SET-202112-900517-2-AP,SET-202112-900517-2-AP,269470,EXPLICIT_APPLICATION
REPORTING_PERIOD,S,V001,2021-11,4,1,2021-11-02,DOC-INV-202111-900435-1-AP,INV-202111-900435-1-AP,2021-12,10,2,2021-12-05,DOC-SET-202112-900517-2-AP,SET-202112-900517-2-AP,72000,EXPLICIT_APPLICATION
REPORTING_PERIOD,S,V001,2021-11,6,1,2021-11-04,DOC-INV-202111-900466-1-AP,INV-202111-900466-1-AP,2021-12,10,2,2021-12-05,DOC-SET-202112-900517-2-AP,SET-202112-900517-2-AP,6920,EXPLICIT_APPLICATION
REPORTING_PERIOD,C,C001,2021-07,27,2,2021-07-18,DOC-INV-202107-900180-2-AR,INV-202107-900180-2-AR,2021-12,12,1,2021-12-06,DOC-SET-202112-900473-1-AR,SET-202112-900473-1-AR,52030,EXPLICIT_APPLICATION
REPORTING_PERIOD,C,C001,2021-07,32,2,2021-07-19,DOC-INV-202107-900210-2-AR,INV-202107-900210-2-AR,2021-12,12,1,2021-12-06,DOC-SET-202112-900473-1-AR,SET-202112-900473-1-AR,60770,EXPLICIT_APPLICATION
REPORTING_PERIOD,C,C001,2021-07,32,2,2021-07-19,DOC-INV-202107-900210-2-AR,INV-202107-900210-2-AR,2021-12,18,1,2021-12-07,DOC-SET-202112-900509-1-AR,SET-202112-900509-1-AR,179860,EXPLICIT_APPLICATION
REPORTING_PERIOD,C,C001,2021-07,45,2,2021-07-26,DOC-INV-202107-900230-2-AR,INV-202107-900230-2-AR,2021-12,18,1,2021-12-07,DOC-SET-202112-900509-1-AR,SET-202112-900509-1-AR,28020,EXPLICIT_APPLICATION
REPORTING_PERIOD,C,C001,2021-07,45,2,2021-07-26,DOC-INV-202107-900230-2-AR,INV-202107-900230-2-AR,2021-12,18,3,2021-12-07,DOC-SET-202112-900509-3-AR,SET-202112-900509-3-AR,59390,EXPLICIT_APPLICATION
REPORTING_PERIOD,C,C001,2021-07,45,2,2021-07-26,DOC-INV-202107-900230-2-AR,INV-202107-900230-2-AR,2021-12,18,4,2021-12-07,DOC-SET-202112-900509-4-AR,SET-202112-900509-4-AR,145970,EXPLICIT_APPLICATION
REPORTING_PERIOD,C,C001,2021-07,47,2,2021-07-28,DOC-INV-202107-900216-2-AR,INV-202107-900216-2-AR,2021-12,18,4,2021-12-07,DOC-SET-202112-900509-4-AR,SET-202112-900509-4-AR,11020,EXPLICIT_APPLICATION
REPORTING_PERIOD,S,V001,2021-11,6,1,2021-11-04,DOC-INV-202111-900466-1-AP,INV-202111-900466-1-AP,2021-12,21,1,2021-12-09,DOC-SET-202112-900493-1-AP,SET-202112-900493-1-AP,59810,EXPLICIT_APPLICATION
REPORTING_PERIOD,S,V001,2021-11,6,1,2021-11-04,DOC-INV-202111-900466-1-AP,INV-202111-900466-1-AP,2021-12,22,1,2021-12-09,DOC-SET-202112-900505-1-AP,SET-202112-900505-1-AP,296920,EXPLICIT_APPLICATION
REPORTING_PERIOD,S,V001,2021-11,24,1,2021-11-12,DOC-INV-202111-900456-1-AP,INV-202111-900456-1-AP,2021-12,22,1,2021-12-09,DOC-SET-202112-900505-1-AP,SET-202112-900505-1-AP,34550,EXPLICIT_APPLICATION
REPORTING_PERIOD,S,V001,2021-11,24,1,2021-11-12,DOC-INV-202111-900456-1-AP,INV-202111-900456-1-AP,2021-12,25,2,2021-12-11,DOC-SET-202112-900507-2-AP,SET-202112-900507-2-AP,169700,EXPLICIT_APPLICATION
REPORTING_PERIOD,S,V001,2021-11,41,1,2021-11-18,DOC-INV-202111-900446-1-AP,INV-202111-900446-1-AP,2021-12,25,2,2021-12-11,DOC-SET-202112-900507-2-AP,SET-202112-900507-2-AP,15980,EXPLICIT_APPLICATION
REPORTING_PERIOD,C,C001,2021-07,47,2,2021-07-28,DOC-INV-202107-900216-2-AR,INV-202107-900216-2-AR,2021-12,30,1,2021-12-12,DOC-SET-202112-900523-1-AR,SET-202112-900523-1-AR,385730,EXPLICIT_APPLICATION
REPORTING_PERIOD,C,C001,2021-07,47,2,2021-07-28,DOC-INV-202107-900216-2-AR,INV-202107-900216-2-AR,2021-12,34,1,2021-12-16,DOC-SET-202112-900513-1-AR,SET-202112-900513-1-AR,23260,EXPLICIT_APPLICATION
REPORTING_PERIOD,C,C001,2021-07,48,2,2021-07-28,DOC-INV-202107-900220-2-AR,INV-202107-900220-2-AR,2021-12,34,1,2021-12-16,DOC-SET-202112-900513-1-AR,SET-202112-900513-1-AR,458600,EXPLICIT_APPLICATION
REPORTING_PERIOD,C,C001,2021-07,49,2,2021-07-28,DOC-INV-202107-900222-2-AR,INV-202107-900222-2-AR,2021-12,34,1,2021-12-16,DOC-SET-202112-900513-1-AR,SET-202112-900513-1-AR,15510,EXPLICIT_APPLICATION
REPORTING_PERIOD,S,V001,2021-11,41,1,2021-11-18,DOC-INV-202111-900446-1-AP,INV-202111-900446-1-AP,2021-12,36,1,2021-12-17,DOC-SET-202112-900499-1-AP,SET-202112-900499-1-AP,127010,EXPLICIT_APPLICATION
REPORTING_PERIOD,S,V001,2021-11,47,1,2021-11-25,DOC-INV-202111-900415-1-AP,INV-202111-900415-1-AP,2021-12,36,1,2021-12-17,DOC-SET-202112-900499-1-AP,SET-202112-900499-1-AP,127820,EXPLICIT_APPLICATION
REPORTING_PERIOD,S,V001,2021-11,52,1,2021-11-28,DOC-INV-202111-900416-1-AP,INV-202111-900416-1-AP,2021-12,36,1,2021-12-17,DOC-SET-202112-900499-1-AP,SET-202112-900499-1-AP,65270,EXPLICIT_APPLICATION
REPORTING_PERIOD,C,C001,2021-07,49,2,2021-07-28,DOC-INV-202107-900222-2-AR,INV-202107-900222-2-AR,2021-12,42,1,2021-12-19,DOC-SET-202112-900494-1-AR,SET-202112-900494-1-AR,319590,EXPLICIT_APPLICATION
REPORTING_PERIOD,C,C001,2021-07,49,2,2021-07-28,DOC-INV-202107-900222-2-AR,INV-202107-900222-2-AR,2021-12,53,1,2021-12-25,DOC-SET-202112-900483-1-AR,SET-202112-900483-1-AR,262080,EXPLICIT_APPLICATION
REPORTING_PERIOD,C,C001,2021-07,51,2,2021-07-29,DOC-INV-202107-900202-2-AR,INV-202107-900202-2-AR,2021-12,53,1,2021-12-25,DOC-SET-202112-900483-1-AR,SET-202112-900483-1-AR,70910,EXPLICIT_APPLICATION
REPORTING_PERIOD,C,C001,2021-07,51,2,2021-07-29,DOC-INV-202107-900202-2-AR,INV-202107-900202-2-AR,2021-12,59,1,2021-12-30,DOC-SET-202112-900504-1-AR,SET-202112-900504-1-AR,246540,EXPLICIT_APPLICATION
REPORTING_PERIOD,C,C001,2021-08,3,2,2021-08-02,DOC-INV-202108-900250-2-AR,INV-202108-900250-2-AR,2021-12,59,1,2021-12-30,DOC-SET-202112-900504-1-AR,SET-202112-900504-1-AR,143380,EXPLICIT_APPLICATION
REPORTING_PERIOD,S,V001,2021-11,52,1,2021-11-28,DOC-INV-202111-900416-1-AP,INV-202111-900416-1-AP,2021-12,60,2,2021-12-31,DOC-SET-202112-900487-2-AP,SET-202112-900487-2-AP,5460,EXPLICIT_APPLICATION
REPORTING_PERIOD,S,V001,2021-12,2,1,2021-12-02,DOC-INV-202112-900516-1-AP,INV-202112-900516-1-AP,2021-12,60,2,2021-12-31,DOC-SET-202112-900487-2-AP,SET-202112-900487-2-AP,102160,EXPLICIT_APPLICATION
REPORTING_PERIOD,S,V001,2021-12,6,1,2021-12-03,DOC-INV-202112-900496-1-AP,INV-202112-900496-1-AP,2021-12,60,2,2021-12-31,DOC-SET-202112-900487-2-AP,SET-202112-900487-2-AP,232720,EXPLICIT_APPLICATION
REPORTING_PERIOD,C,C001,2021-08,3,2,2021-08-02,DOC-INV-202108-900250-2-AR,INV-202108-900250-2-AR,2022-01,4,1,2022-01-04,DOC-SET-202201-900534-1-AR,SET-202201-900534-1-AR,223570,EXPLICIT_APPLICATION
REPORTING_PERIOD,C,C001,2021-08,4,2,2021-08-02,DOC-INV-202108-900252-2-AR,INV-202108-900252-2-AR,2022-01,4,1,2022-01-04,DOC-SET-202201-900534-1-AR,SET-202201-900534-1-AR,28450,EXPLICIT_APPLICATION
REPORTING_PERIOD,C,C001,2021-08,4,2,2021-08-02,DOC-INV-202108-900252-2-AR,INV-202108-900252-2-AR,2022-01,5,1,2022-01-04,DOC-SET-202201-900583-1-AR,SET-202201-900583-1-AR,181110,EXPLICIT_APPLICATION
REPORTING_PERIOD,C,C001,2021-08,4,2,2021-08-02,DOC-INV-202108-900252-2-AR,INV-202108-900252-2-AR,2022-01,6,1,2022-01-05,DOC-SET-202201-900573-1-AR,SET-202201-900573-1-AR,335470,EXPLICIT_APPLICATION
REPORTING_PERIOD,C,C001,2021-08,4,2,2021-08-02,DOC-INV-202108-900252-2-AR,INV-202108-900252-2-AR,2022-01,7,1,2022-01-06,DOC-SET-202201-900563-1-AR,SET-202201-900563-1-AR,38290,EXPLICIT_APPLICATION
REPORTING_PERIOD,C,C001,2021-08,6,2,2021-08-04,DOC-INV-202108-900240-2-AR,INV-202108-900240-2-AR,2022-01,7,1,2022-01-06,DOC-SET-202201-900563-1-AR,SET-202201-900563-1-AR,48440,EXPLICIT_APPLICATION
REPORTING_PERIOD,S,V001,2021-12,6,1,2021-12-03,DOC-INV-202112-900496-1-AP,INV-202112-900496-1-AP,2022-01,14,2,2022-01-07,DOC-SET-202201-900567-2-AP,SET-202201-900567-2-AP,132130,EXPLICIT_APPLICATION
REPORTING_PERIOD,S,V001,2021-12,6,1,2021-12-03,DOC-INV-202112-900496-1-AP,INV-202112-900496-1-AP,2022-01,20,2,2022-01-08,DOC-SET-202201-900547-2-AP,SET-202201-900547-2-AP,22160,EXPLICIT_APPLICATION
REPORTING_PERIOD,S,V001,2021-12,7,1,2021-12-04,DOC-INV-202112-900525-1-AP,INV-202112-900525-1-AP,2022-01,20,2,2022-01-08,DOC-SET-202201-900547-2-AP,SET-202201-900547-2-AP,6890,EXPLICIT_APPLICATION
REPORTING_PERIOD,C,C001,2021-08,6,2,2021-08-04,DOC-INV-202108-900240-2-AR,INV-202108-900240-2-AR,2022-01,25,1,2022-01-10,DOC-SET-202201-900553-1-AR,SET-202201-900553-1-AR,60010,EXPLICIT_APPLICATION
REPORTING_PERIOD,S,V001,2021-12,7,1,2021-12-04,DOC-INV-202112-900525-1-AP,INV-202112-900525-1-AP,2022-01,28,2,2022-01-11,DOC-SET-202201-900577-2-AP,SET-202201-900577-2-AP,82500,EXPLICIT_APPLICATION
REPORTING_PERIOD,S,V001,2021-12,14,1,2021-12-06,DOC-INV-202112-900485-1-AP,INV-202112-900485-1-AP,2022-01,28,2,2022-01-11,DOC-SET-202201-900577-2-AP,SET-202201-900577-2-AP,209170,EXPLICIT_APPLICATION
REPORTING_PERIOD,S,V001,2021-12,19,1,2021-12-08,DOC-INV-202112-900506-1-AP,INV-202112-900506-1-AP,2022-01,28,2,2022-01-11,DOC-SET-202201-900577-2-AP,SET-202201-900577-2-AP,8660,EXPLICIT_APPLICATION
REPORTING_PERIOD,S,V001,2021-12,19,1,2021-12-08,DOC-INV-202112-900506-1-AP,INV-202112-900506-1-AP,2022-01,36,1,2022-01-16,DOC-SET-202201-900537-1-AP,SET-202201-900537-1-AP,98340,EXPLICIT_APPLICATION
REPORTING_PERIOD,S,V001,2021-12,32,1,2021-12-15,DOC-INV-202112-900495-1-AP,INV-202112-900495-1-AP,2022-01,36,1,2022-01-16,DOC-SET-202201-900537-1-AP,SET-202201-900537-1-AP,119350,EXPLICIT_APPLICATION
REPORTING_PERIOD,S,V001,2021-12,32,1,2021-12-15,DOC-INV-202112-900495-1-AP,INV-202112-900495-1-AP,2022-01,37,1,2022-01-16,DOC-SET-202201-900587-1-AP,SET-202201-900587-1-AP,59520,EXPLICIT_APPLICATION
REPORTING_PERIOD,C,C001,2021-08,6,2,2021-08-04,DOC-INV-202108-900240-2-AR,INV-202108-900240-2-AR,2022-01,38,1,2022-01-17,DOC-SET-202201-900544-1-AR,SET-202201-900544-1-AR,175540,EXPLICIT_APPLICATION
REPORTING_PERIOD,S,V001,2021-12,32,1,2021-12-15,DOC-INV-202112-900495-1-AP,INV-202112-900495-1-AP,2022-01,39,2,2022-01-17,DOC-SET-202201-900557-2-AP,SET-202201-900557-2-AP,14430,EXPLICIT_APPLICATION
REPORTING_PERIOD,S,V001,2021-12,38,1,2021-12-17,DOC-INV-202112-900515-1-AP,INV-202112-900515-1-AP,2022-01,39,2,2022-01-17,DOC-SET-202201-900557-2-AP,SET-202201-900557-2-AP,184330,EXPLICIT_APPLICATION
REPORTING_PERIOD,S,V001,2021-12,47,1,2021-12-20,DOC-INV-202112-900526-1-AP,INV-202112-900526-1-AP,2022-01,39,2,2022-01-17,DOC-SET-202201-900557-2-AP,SET-202201-900557-2-AP,109980,EXPLICIT_APPLICATION
REPORTING_PERIOD,S,V001,2021-12,47,1,2021-12-20,DOC-INV-202112-900526-1-AP,INV-202112-900526-1-AP,2022-01,42,1,2022-01-20,DOC-SET-202201-900543-1-AP,SET-202201-900543-1-AP,249290,EXPLICIT_APPLICATION
REPORTING_PERIOD,S,V001,2021-12,54,1,2021-12-26,DOC-INV-202112-900476-1-AP,INV-202112-900476-1-AP,2022-01,42,1,2022-01-20,DOC-SET-202201-900543-1-AP,SET-202201-900543-1-AP,53400,EXPLICIT_APPLICATION
REPORTING_PERIOD,S,V001,2021-12,57,1,2021-12-28,DOC-INV-202112-900475-1-AP,INV-202112-900475-1-AP,2022-01,42,1,2022-01-20,DOC-SET-202201-900543-1-AP,SET-202201-900543-1-AP,169140,EXPLICIT_APPLICATION
REPORTING_PERIOD,C,C001,2021-08,6,2,2021-08-04,DOC-INV-202108-900240-2-AR,INV-202108-900240-2-AR,2022-01,43,1,2022-01-20,DOC-SET-202201-900554-1-AR,SET-202201-900554-1-AR,94260,EXPLICIT_APPLICATION
REPORTING_PERIOD,C,C001,2021-08,16,2,2021-08-09,DOC-INV-202108-900280-2-AR,INV-202108-900280-2-AR,2022-01,43,1,2022-01-20,DOC-SET-202201-900554-1-AR,SET-202201-900554-1-AR,148340,EXPLICIT_APPLICATION
REPORTING_PERIOD,S,V001,2021-12,57,1,2021-12-28,DOC-INV-202112-900475-1-AP,INV-202112-900475-1-AP,2022-01,48,1,2022-01-24,DOC-SET-202201-900549-1-AP,SET-202201-900549-1-AP,157990,EXPLICIT_APPLICATION
REPORTING_PERIOD,S,V001,2022-01,3,1,2022-01-03,DOC-INV-202201-900535-1-AP,INV-202201-900535-1-AP,2022-01,48,1,2022-01-24,DOC-SET-202201-900549-1-AP,SET-202201-900549-1-AP,31660,EXPLICIT_APPLICATION
REPORTING_PERIOD,C,C001,2021-08,16,2,2021-08-09,DOC-INV-202108-900280-2-AR,INV-202108-900280-2-AR,2022-01,49,1,2022-01-25,DOC-SET-202201-900564-1-AR,SET-202201-900564-1-AR,94750,EXPLICIT_APPLICATION
REPORTING_PERIOD,S,V001,2022-01,3,1,2022-01-03,DOC-INV-202201-900535-1-AP,INV-202201-900535-1-AP,2022-01,57,1,2022-01-29,DOC-SET-202201-900581-1-AP,SET-202201-900581-1-AP,345290,EXPLICIT_APPLICATION
REPORTING_PERIOD,S,V001,2022-01,13,1,2022-01-07,DOC-INV-202201-900566-1-AP,INV-202201-900566-1-AP,2022-01,57,1,2022-01-29,DOC-SET-202201-900581-1-AP,SET-202201-900581-1-AP,92720,EXPLICIT_APPLICATION
REPORTING_PERIOD,S,V001,2022-01,13,1,2022-01-07,DOC-INV-202201-900566-1-AP,INV-202201-900566-1-AP,2022-02,4,1,2022-02-02,DOC-SET-202202-900629-1-AP,SET-202202-900629-1-AP,61740,EXPLICIT_APPLICATION
REPORTING_PERIOD,S,V001,2022-01,9,1,2022-01-07,DOC-INV-202201-900536-1-AP,INV-202201-900536-1-AP,2022-02,4,1,2022-02-02,DOC-SET-202202-900629-1-AP,SET-202202-900629-1-AP,46110,EXPLICIT_APPLICATION
REPORTING_PERIOD,S,V001,2022-01,19,1,2022-01-08,DOC-INV-202201-900545-1-AP,INV-202201-900545-1-AP,2022-02,4,1,2022-02-02,DOC-SET-202202-900629-1-AP,SET-202202-900629-1-AP,9920,EXPLICIT_APPLICATION
REPORTING_PERIOD,C,C001,2021-08,16,2,2021-08-09,DOC-INV-202108-900280-2-AR,INV-202108-900280-2-AR,2022-02,11,1,2022-02-04,DOC-SET-202202-900614-1-AR,SET-202202-900614-1-AR,79810,EXPLICIT_APPLICATION
REPORTING_PERIOD,S,V001,2022-01,19,1,2022-01-08,DOC-INV-202201-900545-1-AP,INV-202201-900545-1-AP,2022-02,9,1,2022-02-04,DOC-SET-202202-900593-1-AP,SET-202202-900593-1-AP,67240,EXPLICIT_APPLICATION
REPORTING_PERIOD,S,V001,2022-01,19,1,2022-01-08,DOC-INV-202201-900545-1-AP,INV-202201-900545-1-AP,2022-02,14,2,2022-02-06,DOC-SET-202202-900627-2-AP,SET-202202-900627-2-AP,68640,EXPLICIT_APPLICATION
REPORTING_PERIOD,S,V001,2022-01,32,1,2022-01-13,DOC-INV-202201-900575-1-AP,INV-202201-900575-1-AP,2022-02,14,2,2022-02-06,DOC-SET-202202-900627-2-AP,SET-202202-900627-2-AP,133180,EXPLICIT_APPLICATION
REPORTING_PERIOD,S,V001,2022-01,34,1,2022-01-14,DOC-INV-202201-900576-1-AP,INV-202201-900576-1-AP,2022-02,14,2,2022-02-06,DOC-SET-202202-900627-2-AP,SET-202202-900627-2-AP,95400,EXPLICIT_APPLICATION
REPORTING_PERIOD,S,V001,2022-01,34,1,2022-01-14,DOC-INV-202201-900576-1-AP,INV-202201-900576-1-AP,2022-02,15,2,2022-02-06,DOC-SET-202202-900647-2-AP,SET-202202-900647-2-AP,293160,EXPLICIT_APPLICATION
REPORTING_PERIOD,S,V001,2022-01,34,1,2022-01-14,DOC-INV-202201-900576-1-AP,INV-202201-900576-1-AP,2022-02,17,1,2022-02-08,DOC-SET-202202-900623-1-AP,SET-202202-900623-1-AP,5840,EXPLICIT_APPLICATION
REPORTING_PERIOD,S,V001,2022-01,47,1,2022-01-22,DOC-INV-202201-900585-1-AP,INV-202201-900585-1-AP,2022-02,17,1,2022-02-08,DOC-SET-202202-900623-1-AP,SET-202202-900623-1-AP,94620,EXPLICIT_APPLICATION
REPORTING_PERIOD,C,C001,2021-08,16,2,2021-08-09,DOC-INV-202108-900280-2-AR,INV-202108-900280-2-AR,2022-02,18,1,2022-02-08,DOC-SET-202202-900634-1-AR,SET-202202-900634-1-AR,209430,EXPLICIT_APPLICATION
REPORTING_PERIOD,C,C001,2021-08,18,2,2021-08-11,DOC-INV-202108-900292-2-AR,INV-202108-900292-2-AR,2022-02,18,1,2022-02-08,DOC-SET-202202-900634-1-AR,SET-202202-900634-1-AR,282820,EXPLICIT_APPLICATION
REPORTING_PERIOD,C,C001,2021-08,24,2,2021-08-13,DOC-INV-202108-900294-2-AR,INV-202108-900294-2-AR,2022-02,18,1,2022-02-08,DOC-SET-202202-900634-1-AR,SET-202202-900634-1-AR,7780,EXPLICIT_APPLICATION
REPORTING_PERIOD,C,C001,2021-08,24,2,2021-08-13,DOC-INV-202108-900294-2-AR,INV-202108-900294-2-AR,2022-02,21,1,2022-02-10,DOC-SET-202202-900603-1-AR,SET-202202-900603-1-AR,61800,EXPLICIT_APPLICATION
REPORTING_PERIOD,S,V001,2022-01,47,1,2022-01-22,DOC-INV-202201-900585-1-AP,INV-202201-900585-1-AP,2022-02,39,2,2022-02-17,DOC-SET-202202-900607-2-AP,SET-202202-900607-2-AP,90200,EXPLICIT_APPLICATION
REPORTING_PERIOD,S,V001,2022-01,51,1,2022-01-26,DOC-INV-202201-900586-1-AP,INV-202201-900586-1-AP,2022-02,39,2,2022-02-17,DOC-SET-202202-900607-2-AP,SET-202202-900607-2-AP,200710,EXPLICIT_APPLICATION
REPORTING_PERIOD,C,C001,2021-08,24,2,2021-08-13,DOC-INV-202108-900294-2-AR,INV-202108-900294-2-AR,2022-02,43,1,2022-02-21,DOC-SET-202202-900613-1-AR,SET-202202-900613-1-AR,60720,EXPLICIT_APPLICATION
REPORTING_PERIOD,C,C001,2021-08,25,2,2021-08-14,DOC-INV-202108-900272-2-AR,INV-202108-900272-2-AR,2022-02,43,1,2022-02-21,DOC-SET-202202-900613-1-AR,SET-202202-900613-1-AR,46450,EXPLICIT_APPLICATION
REPORTING_PERIOD,C,C001,2021-08,25,2,2021-08-14,DOC-INV-202108-900272-2-AR,INV-202108-900272-2-AR,2022-02,46,1,2022-02-23,DOC-SET-202202-900633-1-AR,SET-202202-900633-1-AR,53980,EXPLICIT_APPLICATION
REPORTING_PERIOD,C,C001,2021-08,25,2,2021-08-14,DOC-INV-202108-900272-2-AR,INV-202108-900272-2-AR,2022-02,48,1,2022-02-24,DOC-SET-202202-900643-1-AR,SET-202202-900643-1-AR,184530,EXPLICIT_APPLICATION
REPORTING_PERIOD,C,C001,2021-08,27,2,2021-08-15,DOC-INV-202108-900248-2-AR,INV-202108-900248-2-AR,2022-02,48,1,2022-02-24,DOC-SET-202202-900643-1-AR,SET-202202-900643-1-AR,104500,EXPLICIT_APPLICATION
REPORTING_PERIOD,C,C001,2021-08,28,2,2021-08-15,DOC-INV-202108-900254-2-AR,INV-202108-900254-2-AR,2022-02,48,1,2022-02-24,DOC-SET-202202-900643-1-AR,SET-202202-900643-1-AR,36890,EXPLICIT_APPLICATION
REPORTING_PERIOD,C,C001,2021-08,28,2,2021-08-15,DOC-INV-202108-900254-2-AR,INV-202108-900254-2-AR,2022-02,49,1,2022-02-25,DOC-SET-202202-900594-1-AR,SET-202202-900594-1-AR,48980,EXPLICIT_APPLICATION
REPORTING_PERIOD,C,C001,2021-08,29,2,2021-08-15,DOC-INV-202108-900261-2-AR,INV-202108-900261-2-AR,2022-02,49,1,2022-02-25,DOC-SET-202202-900594-1-AR,SET-202202-900594-1-AR,142550,EXPLICIT_APPLICATION
REPORTING_PERIOD,C,C001,2021-08,29,2,2021-08-15,DOC-INV-202108-900261-2-AR,INV-202108-900261-2-AR,2022-02,51,1,2022-02-26,DOC-SET-202202-900624-1-AR,SET-202202-900624-1-AR,126350,EXPLICIT_APPLICATION
REPORTING_PERIOD,C,C001,2021-08,30,2,2021-08-16,DOC-INV-202108-900260-2-AR,INV-202108-900260-2-AR,2022-02,51,1,2022-02-26,DOC-SET-202202-900624-1-AR,SET-202202-900624-1-AR,109160,EXPLICIT_APPLICATION
REPORTING_PERIOD,C,C001,2021-08,31,2,2021-08-16,DOC-INV-202108-900282-2-AR,INV-202108-900282-2-AR,2022-02,51,1,2022-02-26,DOC-SET-202202-900624-1-AR,SET-202202-900624-1-AR,73260,EXPLICIT_APPLICATION
REPORTING_PERIOD,S,V001,2022-01,51,1,2022-01-26,DOC-INV-202201-900586-1-AP,INV-202201-900586-1-AP,2022-02,55,2,2022-02-27,DOC-SET-202202-900617-2-AP,SET-202202-900617-2-AP,73820,EXPLICIT_APPLICATION
REPORTING_PERIOD,S,V001,2022-01,53,1,2022-01-28,DOC-INV-202201-900555-1-AP,INV-202201-900555-1-AP,2022-02,55,2,2022-02-27,DOC-SET-202202-900617-2-AP,SET-202202-900617-2-AP,170990,EXPLICIT_APPLICATION
REPORTING_PERIOD,S,V001,2022-02,1,1,2022-02-01,DOC-INV-202202-900605-1-AP,INV-202202-900605-1-AP,2022-02,55,2,2022-02-27,DOC-SET-202202-900617-2-AP,SET-202202-900617-2-AP,23130,EXPLICIT_APPLICATION
REPORTING_PERIOD,C,C001,2021-08,31,2,2021-08-16,DOC-INV-202108-900282-2-AR,INV-202108-900282-2-AR,2022-02,56,1,2022-02-27,DOC-SET-202202-900635-1-AR,SET-202202-900635-1-AR,72950,EXPLICIT_APPLICATION
REPORTING_PERIOD,C,C001,2021-08,33,2,2021-08-17,DOC-INV-202108-900271-2-AR,INV-202108-900271-2-AR,2022-02,56,1,2022-02-27,DOC-SET-202202-900635-1-AR,SET-202202-900635-1-AR,66730,EXPLICIT_APPLICATION
REPORTING_PERIOD,C,C001,2021-08,33,2,2021-08-17,DOC-INV-202108-900271-2-AR,INV-202108-900271-2-AR,2022-02,56,3,2022-02-27,DOC-SET-202202-900635-3-AR,SET-202202-900635-3-AR,67430,EXPLICIT_APPLICATION
REPORTING_PERIOD,C,C001,2021-08,33,2,2021-08-17,DOC-INV-202108-900271-2-AR,INV-202108-900271-2-AR,2022-02,56,4,2022-02-27,DOC-SET-202202-900635-4-AR,SET-202202-900635-4-AR,182210,EXPLICIT_APPLICATION
REPORTING_PERIOD,C,C001,2021-08,50,2,2021-08-26,DOC-INV-202108-900290-2-AR,INV-202108-900290-2-AR,2022-02,56,4,2022-02-27,DOC-SET-202202-900635-4-AR,SET-202202-900635-4-AR,92360,EXPLICIT_APPLICATION
REPORTING_PERIOD,S,V001,2022-02,1,1,2022-02-01,DOC-INV-202202-900605-1-AP,INV-202202-900605-1-AP,2022-02,57,1,2022-02-28,DOC-SET-202202-900637-1-AP,SET-202202-900637-1-AP,114740,EXPLICIT_APPLICATION
REPORTING_PERIOD,S,V001,2022-02,3,1,2022-02-02,DOC-INV-202202-900595-1-AP,INV-202202-900595-1-AP,2022-02,57,1,2022-02-28,DOC-SET-202202-900637-1-AP,SET-202202-900637-1-AP,38230,EXPLICIT_APPLICATION
REPORTING_PERIOD,S,V001,2022-02,7,1,2022-02-03,DOC-INV-202202-900626-1-AP,INV-202202-900626-1-AP,2022-02,57,1,2022-02-28,DOC-SET-202202-900637-1-AP,SET-202202-900637-1-AP,69730,EXPLICIT_APPLICATION
REPORTING_PERIOD,C,C001,2021-08,50,2,2021-08-26,DOC-INV-202108-900290-2-AR,INV-202108-900290-2-AR,2022-03,2,1,2022-03-01,DOC-SET-202203-900683-1-AR,SET-202203-900683-1-AR,352340,EXPLICIT_APPLICATION
REPORTING_PERIOD,C,C001,2021-08,56,2,2021-08-31,DOC-INV-202108-900242-2-AR,INV-202108-900242-2-AR,2022-03,2,1,2022-03-01,DOC-SET-202203-900683-1-AR,SET-202203-900683-1-AR,62850,EXPLICIT_APPLICATION
REPORTING_PERIOD,C,C001,2021-08,57,2,2021-08-31,DOC-INV-202108-900262-2-AR,INV-202108-900262-2-AR,2022-03,2,1,2022-03-01,DOC-SET-202203-900683-1-AR,SET-202203-900683-1-AR,35440,EXPLICIT_APPLICATION
REPORTING_PERIOD,C,C001,2021-08,57,2,2021-08-31,DOC-INV-202108-900262-2-AR,INV-202108-900262-2-AR,2022-03,3,1,2022-03-02,DOC-SET-202203-900664-1-AR,SET-202203-900664-1-AR,228490,EXPLICIT_APPLICATION
REPORTING_PERIOD,C,C001,2021-09,5,2,2021-09-03,DOC-INV-202109-900312-2-AR,INV-202109-900312-2-AR,2022-03,3,1,2022-03-02,DOC-SET-202203-900664-1-AR,SET-202203-900664-1-AR,128680,EXPLICIT_APPLICATION
REPORTING_PERIOD,S,V001,2022-02,7,1,2022-02-03,DOC-INV-202202-900626-1-AP,INV-202202-900626-1-AP,2022-03,5,2,2022-03-02,DOC-SET-202203-900697-2-AP,SET-202203-900697-2-AP,207720,EXPLICIT_APPLICATION
REPORTING_PERIOD,S,V001,2022-02,24,1,2022-02-11,DOC-INV-202202-900645-1-AP,INV-202202-900645-1-AP,2022-03,5,2,2022-03-02,DOC-SET-202203-900697-2-AP,SET-202203-900697-2-AP,92950,EXPLICIT_APPLICATION
REPORTING_PERIOD,S,V001,2022-02,24,1,2022-02-11,DOC-INV-202202-900645-1-AP,INV-202202-900645-1-AP,2022-03,6,1,2022-03-03,DOC-SET-202203-900669-1-AP,SET-202203-900669-1-AP,201600,EXPLICIT_APPLICATION
REPORTING_PERIOD,S,V001,2022-02,24,1,2022-02-11,DOC-INV-202202-900645-1-AP,INV-202202-900645-1-AP,2022-03,8,2,2022-03-03,DOC-SET-202203-900687-2-AP,SET-202203-900687-2-AP,68100,EXPLICIT_APPLICATION
REPORTING_PERIOD,S,V001,2022-02,30,1,2022-02-13,DOC-INV-202202-900615-1-AP,INV-202202-900615-1-AP,2022-03,8,2,2022-03-03,DOC-SET-202203-900687-2-AP,SET-202203-900687-2-AP,30650,EXPLICIT_APPLICATION
REPORTING_PERIOD,C,C001,2021-09,5,2,2021-09-03,DOC-INV-202109-900312-2-AR,INV-202109-900312-2-AR,2022-03,16,1,2022-03-07,DOC-SET-202203-900654-1-AR,SET-202203-900654-1-AR,252760,EXPLICIT_APPLICATION
REPORTING_PERIOD,C,C001,2021-09,6,2,2021-09-03,DOC-INV-202109-900336-2-AR,INV-202109-900336-2-AR,2022-03,16,1,2022-03-07,DOC-SET-202203-900654-1-AR,SET-202203-900654-1-AR,257690,EXPLICIT_APPLICATION
REPORTING_PERIOD,S,V001,2022-02,30,1,2022-02-13,DOC-INV-202202-900615-1-AP,INV-202202-900615-1-AP,2022-03,29,1,2022-03-15,DOC-SET-202203-900675-1-AP,SET-202203-900675-1-AP,261500,EXPLICIT_APPLICATION
REPORTING_PERIOD,S,V001,2022-02,40,1,2022-02-19,DOC-INV-202202-900636-1-AP,INV-202202-900636-1-AP,2022-03,29,1,2022-03-15,DOC-SET-202203-900675-1-AP,SET-202203-900675-1-AP,133490,EXPLICIT_APPLICATION
REPORTING_PERIOD,S,V001,2022-02,42,1,2022-02-21,DOC-INV-202202-900596-1-AP,INV-202202-900596-1-AP,2022-03,29,1,2022-03-15,DOC-SET-202203-900675-1-AP,SET-202203-900675-1-AP,23050,EXPLICIT_APPLICATION
REPORTING_PERIOD,S,V001,2022-02,42,1,2022-02-21,DOC-INV-202202-900596-1-AP,INV-202202-900596-1-AP,2022-03,54,1,2022-03-29,DOC-SET-202203-900681-1-AP,SET-202203-900681-1-AP,176570,EXPLICIT_APPLICATION
REPORTING_PERIOD,S,V001,2022-03,7,1,2022-03-03,DOC-INV-202203-900686-1-AP,INV-202203-900686-1-AP,2022-03,54,1,2022-03-29,DOC-SET-202203-900681-1-AP,SET-202203-900681-1-AP,43810,EXPLICIT_APPLICATION
REFERENCE_AFTER,C,C001,2021-09,6,2,2021-09-03,DOC-INV-202109-900336-2-AR,INV-202109-900336-2-AR,2022-04,RA001,2,2022-04-10,DOC-SET-202204-REF-AF-AR-SET-001-2-AR,SET-202204-REF-AF-AR-SET-001-2-AR,12695,EXPLICIT_APPLICATION
REFERENCE_AFTER,S,V001,2022-03,7,1,2022-03-03,DOC-INV-202203-900686-1-AP,INV-202203-900686-1-AP,2022-04,RA002,1,2022-04-15,DOC-SET-202204-REF-AF-AP-SET-001-1-AP,SET-202204-REF-AF-AP-SET-001-1-AP,10310,EXPLICIT_APPLICATION
REFERENCE_AFTER,S,V001,2022-03,15,1,2022-03-06,DOC-INV-202203-900695-1-AP,INV-202203-900695-1-AP,2022-04,RA002,1,2022-04-15,DOC-SET-202204-REF-AF-AP-SET-001-1-AP,SET-202204-REF-AF-AP-SET-001-1-AP,14690,EXPLICIT_APPLICATION
REFERENCE_AFTER,C,C001,2021-09,6,2,2021-09-03,DOC-INV-202109-900336-2-AR,INV-202109-900336-2-AR,2022-05,RA003,2,2022-05-10,DOC-SET-202205-REF-AF-AR-SET-002-2-AR,SET-202205-REF-AF-AR-SET-002-2-AR,12695,EXPLICIT_APPLICATION
REFERENCE_AFTER,S,V001,2022-03,15,1,2022-03-06,DOC-INV-202203-900695-1-AP,INV-202203-900695-1-AP,2022-05,RA004,1,2022-05-15,DOC-SET-202205-REF-AF-AP-SET-002-1-AP,SET-202205-REF-AF-AP-SET-002-1-AP,25000,EXPLICIT_APPLICATION
