JP07a,JP08a,Month,JP07a_GL03_03,JP07a_GL03_01,JP08a_GL04_03,JP06e_GE24_01,JP06e_GE24_02,Debit_Amount,JP02j_BS09_01,JP02j_BS09_02,GE05kw_01,JP05a_01,JP05a_02,BS04fb_01,BS04fb_02,JP06f_GE24_01,JP06f_GE24_02,Credit_Amount,JP02k_BS09_01,JP02k_BS09_02,GE05kB_01,JP05b_01,JP05b_02,BS04fc_01,BS04fc_02
1419,1,2021-10,2021-10-01,116,リース料,10E200730,借地借家料,84000,S,S,7636,,,040,大阪支店,10A100020,普通預金,84000,O,O,0,40,JKL銀行 梅田,000,共通部門
1420,1,2021-10,2021-10-01,141,架空鉄道会社A代,10E201230,旅費及び交通費,7800,S,S,709,,,040,大阪支店,10A100020,現金,7800,O,O,0,,,000,共通部門
1417,1,2021-10,2021-10-01,18,旅費,10E201230,旅費及び交通費,26870,S,S,2442,,,010,札幌営業所,10A100020,現金,26870,O,O,0,,,000,共通部門
1418,1,2021-10,2021-10-01,66,リース料,10E200730,借地借家料,209850,S,S,19077,,,020,東京支店,10A100020,普通預金,209850,O,O,0,20,ABC銀行 本店,000,共通部門
1425,1,2021-10,2021-10-02,142,ガソリン代,10E201120,車両費,6229,S,S,566,,,040,大阪支店,10A100020,現金,6229,O,O,0,,,000,共通部門
1425,2,2021-10,2021-10-02,142,高速代,10E201120,車両費,4289,S,S,389,,,040,大阪支店,10A100020,現金,4289,O,O,0,,,000,共通部門
1425,3,2021-10,2021-10-02,142,点検作業料,10E201120,車両費,43433,S,S,3948,,,040,大阪支店,10A100020,現金,43433,O,O,0,,,000,共通部門
1426,1,2021-10,2021-10-02,157,航空券代,10E201230,旅費及び交通費,55300,S,S,5027,,,050,九州営業所,10A100020,普通預金,55300,O,O,0,50,MNO銀行 北九州,000,共通部門
1422,1,2021-10,2021-10-02,32,事務用品費,10E201110,事務用消耗品費,6823,S,S,620,,,010,札幌営業所,10B100630,未払金,6823,O,O,0,,,000,共通部門
1423,1,2021-10,2021-10-02,50,駐車代,10E201120,車両費,1200,S,S,109,,,020,東京支店,10A100020,現金,1200,O,O,0,,,000,共通部門
1421,1,2021-10,2021-10-02,7,飲食代 架空店舗077 2名,10E200150,交際費,12380,S,S,1125,,,010,札幌営業所,10A100020,現金,12380,O,O,0,,,000,共通部門
1424,1,2021-10,2021-10-02,75,コーヒー代2名,10E200150,交際費,1260,S,S,114,,,020,東京支店,10A100020,現金,1260,O,O,0,,,000,共通部門
1429,1,2021-10,2021-10-03,102,手土産代 架空店舗089,10E200150,交際費,1050,S,S,95,,,040,大阪支店,10A100020,現金,1050,O,O,0,,,000,共通部門
1430,1,2021-10,2021-10-03,158,出張旅費,10E201230,旅費及び交通費,13500,S,S,1227,,,040,大阪支店,10A100020,現金,13500,O,O,0,,,000,共通部門
1427,1,2021-10,2021-10-03,56,旅費,10E201230,旅費及び交通費,36400,S,S,3309,,,020,東京支店,10A100020,現金,36400,O,O,0,,,000,共通部門
1428,1,2021-10,2021-10-03,75,旅費,10E201230,旅費及び交通費,12000,S,S,1090,,,030,名古屋支店,10A100020,現金,12000,O,O,0,,,000,共通部門
1436,1,2021-10,2021-10-05,147,ガソリン代,10E201120,車両費,3962,S,S,360,,,050,九州営業所,10B100630,未払金,3962,O,O,0,,,000,共通部門
1437,1,2021-10,2021-10-05,161,旅費,10E201230,旅費及び交通費,6350,S,S,577,,,050,九州営業所,10A100020,現金,6350,O,O,0,,,000,共通部門
1438,1,2021-10,2021-10-05,164,事務用品,10E201110,事務用消耗品費,2819,S,S,256,,,050,九州営業所,10A100020,現金,2819,O,O,0,,,000,共通部門
1431,1,2021-10,2021-10-05,19,旅費,10E201230,旅費及び交通費,18970,S,S,1724,,,010,札幌営業所,10A100020,現金,18970,O,O,0,,,000,共通部門
1432,1,2021-10,2021-10-05,76,制服代,10E200140,福利厚生費,56000,S,S,5090,,,020,東京支店,10B100630,未払金,56000,O,O,0,,,000,共通部門
1433,1,2021-10,2021-10-05,83,10月5日伝票No322株式会社豊原産業,10A100020,普通預金,570312,O,O,0,50,MNO銀行 北九州,000,共通部門,10A100090,売掛金,570312,O,O,0,22,株式会社豊原産業,000,共通部門
1433,2,2021-10,2021-10-05,83,10月5日伝票No322株式会社豊原産業,10E200690,支払手数料,472,S,S,42,,,050,九州営業所,10A100090,売掛金,472,O,O,0,22,株式会社豊原産業,000,共通部門
1434,1,2021-10,2021-10-05,84,10月5日伝票No323若松販売株式会社,10A100020,普通預金,694936,O,O,0,20,ABC銀行 本店,000,共通部門,10A100090,売掛金,694936,O,O,0,26,若松販売株式会社,000,共通部門
1434,2,2021-10,2021-10-05,84,10月5日伝票No323若松販売株式会社,10E200690,支払手数料,472,S,S,42,,,020,東京支店,10A100090,売掛金,472,O,O,0,26,若松販売株式会社,000,共通部門
1435,1,2021-10,2021-10-05,85,10月5日伝票No324晴海物産株式会社,10A100020,普通預金,893184,O,O,0,30,GHI銀行 名古屋,000,共通部門,10A100090,売掛金,893184,O,O,0,27,晴海物産株式会社,000,共通部門
1440,1,2021-10,2021-10-06,110,タクシー代,10E201230,旅費及び交通費,2290,S,S,208,,,040,大阪支店,10A100020,現金,2290,O,O,0,,,000,共通部門
1441,1,2021-10,2021-10-06,149,食事代 架空店舗053 3名,10E200150,交際費,9350,S,S,850,,,030,名古屋支店,10A100020,現金,9350,O,O,0,,,000,共通部門
1442,1,2021-10,2021-10-06,150,ゴルフプレー代3名,10E200150,交際費,35450,S,S,3222,,,050,九州営業所,10A100020,現金,35450,O,O,0,,,000,共通部門
1443,1,2021-10,2021-10-06,152,飲食代 架空店舗012,10E200150,交際費,24650,S,S,2240,,,050,九州営業所,10A100020,現金,24650,O,O,0,,,000,共通部門
1439,1,2021-10,2021-10-06,42,食事代 架空店舗052 3名,10E200150,交際費,6320,S,S,574,,,020,東京支店,10A100020,現金,6320,O,O,0,,,000,共通部門
1448,1,2021-10,2021-10-07,133,税理士報酬,10E200600,支払報酬,139710,S,S,12700,,,020,東京支店,10A100020,普通預金,139710,O,O,0,20,ABC銀行 本店,000,共通部門
1444,1,2021-10,2021-10-07,21,架空鉄道会社A代,10E201230,旅費及び交通費,69500,S,S,6318,,,010,札幌営業所,10A100020,現金,69500,O,O,0,,,000,共通部門
1445,1,2021-10,2021-10-07,22,旅費,10E201230,旅費及び交通費,50000,S,S,4545,,,010,札幌営業所,10A100020,現金,50000,O,O,0,,,000,共通部門
1446,1,2021-10,2021-10-07,43,香典代,10E200150,交際費,10000,S,S,909,,,020,東京支店,10A100020,現金,10000,O,O,0,,,000,共通部門
1447,1,2021-10,2021-10-07,58,旅費,10E201230,旅費及び交通費,70000,S,S,6363,,,020,東京支店,10A100020,現金,70000,O,O,0,,,000,共通部門
1449,1,2021-10,2021-10-08,10,駐車代,10E201120,車両費,500,S,S,45,,,010,札幌営業所,10A100020,現金,500,O,O,0,,,000,共通部門
1452,1,2021-10,2021-10-08,151,食事代 架空店舗048,10E200150,交際費,1500,S,S,136,,,040,大阪支店,10A100020,現金,1500,O,O,0,,,000,共通部門
1450,1,2021-10,2021-10-08,16,洗車代,10E201120,車両費,3000,S,S,272,,,010,札幌営業所,10A100020,現金,3000,O,O,0,,,000,共通部門
1450,2,2021-10,2021-10-08,16,ガソリン代,10E201120,車両費,6300,S,S,572,,,010,札幌営業所,10A100020,現金,6300,O,O,0,,,000,共通部門
1451,1,2021-10,2021-10-08,82,ガソリン代,10E201120,車両費,28740,S,S,2612,,,030,名古屋支店,10B100630,未払金,28740,O,O,0,,,000,共通部門
1453,1,2021-10,2021-10-09,20,旅費,10E201230,旅費及び交通費,41250,S,S,3750,,,010,札幌営業所,10A100020,現金,41250,O,O,0,,,000,共通部門
1454,1,2021-10,2021-10-09,46,ガソリン代,10E201120,車両費,6172,S,S,561,,,020,東京支店,10A100020,現金,6172,O,O,0,,,000,共通部門
1454,2,2021-10,2021-10-09,46,高速代,10E201120,車両費,7143,S,S,649,,,020,東京支店,10A100020,現金,7143,O,O,0,,,000,共通部門
1454,3,2021-10,2021-10-09,46,駐車代,10E201120,車両費,3334,S,S,303,,,020,東京支店,10A100020,現金,3334,O,O,0,,,000,共通部門
1470,1,2021-10,2021-10-10,103,食事代 架空店舗007 2名,10E200150,交際費,4692,S,S,426,,,040,大阪支店,10A100020,現金,4692,O,O,0,,,000,共通部門
1471,1,2021-10,2021-10-10,112,電話代,10E200180,通信費,144325,S,S,13120,,,040,大阪支店,10A100020,普通預金,144325,O,O,0,40,JKL銀行 梅田,000,共通部門
1472,1,2021-10,2021-10-10,129,家賃支払い,10E200720,地代家賃,399000,S,S,36272,,,030,名古屋支店,10A100020,普通預金,399000,O,O,0,30,GHI銀行 名古屋,000,共通部門
1473,1,2021-10,2021-10-10,134,手形期日落日 青凪商事株式会社,10B100030,支払手形,2382263,O,O,0,,,000,共通部門,10A100020,当座預金,2382263,O,O,0,1,ABC銀行,000,共通部門
1474,1,2021-10,2021-10-10,162,会議　食事代,10E201130,会議費,24995,S,S,2272,,,020,東京支店,10A100020,現金,24995,O,O,0,,,000,共通部門
1475,1,2021-10,2021-10-10,167,家賃支払い,10E200720,地代家賃,630000,S,S,57272,,,050,九州営業所,10A100020,普通預金,630000,O,O,0,50,MNO銀行 北九州,000,共通部門
1475,2,2021-10,2021-10-10,167,電話代,10E200180,通信費,122482,S,S,11134,,,050,九州営業所,10A100020,普通預金,122482,O,O,0,50,MNO銀行 北九州,000,共通部門
1476,1,2021-10,2021-10-10,168,有線,10E201270,雑費,6000,S,S,545,,,050,九州営業所,10B100630,未払金,6000,O,O,0,,,000,共通部門
1476,2,2021-10,2021-10-10,168,警備料,10E201270,雑費,42858,S,S,3896,,,050,九州営業所,10B100630,未払金,42858,O,O,0,,,000,共通部門
1455,1,2021-10,2021-10-10,33,家賃支払い,10E200720,地代家賃,320000,S,S,29090,,,010,札幌営業所,10A100020,普通預金,320000,O,O,0,10,DEF銀行 駅前,000,共通部門
1455,2,2021-10,2021-10-10,33,電話代,10E200180,通信費,135486,S,S,12316,,,010,札幌営業所,10A100020,普通預金,135486,O,O,0,10,DEF銀行 駅前,000,共通部門
1456,1,2021-10,2021-10-10,44,昼食代 架空店舗039 2名,10E200150,交際費,2860,S,S,260,,,020,東京支店,10A100020,現金,2860,O,O,0,,,000,共通部門
1457,1,2021-10,2021-10-10,63,源泉税支払,10B100690,預り金,235453,O,O,0,3,源泉税,000,共通部門,10A100020,普通預金,235453,O,O,0,20,ABC銀行 本店,000,共通部門
1457,2,2021-10,2021-10-10,63,住民税支払,10B100690,預り金,449500,O,O,0,2,住民税,000,共通部門,10A100020,普通預金,449500,O,O,0,20,ABC銀行 本店,000,共通部門
1458,1,2021-10,2021-10-10,64,家賃支払,10E200720,地代家賃,1260000,S,S,114545,,,020,東京支店,10A100020,普通預金,1260000,O,O,0,20,ABC銀行 本店,000,共通部門
1459,1,2021-10,2021-10-10,65,有線,10E201270,雑費,5000,S,S,454,,,010,札幌営業所,10B100630,未払金,5000,O,O,0,,,000,共通部門
1459,2,2021-10,2021-10-10,65,警備料,10E201270,雑費,34286,S,S,3116,,,010,札幌営業所,10B100630,未払金,34286,O,O,0,,,000,共通部門
1459,3,2021-10,2021-10-10,65,家賃支払,10E200720,地代家賃,840000,S,S,76363,,,040,大阪支店,10A100020,普通預金,840000,O,O,0,40,JKL銀行 梅田,000,共通部門
1460,1,2021-10,2021-10-10,74,飲食代 架空店舗080 4名,10E200150,交際費,16242,S,S,1476,,,020,東京支店,10A100020,現金,16242,O,O,0,,,000,共通部門
1461,1,2021-10,2021-10-10,76,架空鉄道会社A代,10E201230,旅費及び交通費,14500,S,S,1318,,,030,名古屋支店,10A100020,現金,14500,O,O,0,,,000,共通部門
1462,1,2021-10,2021-10-10,85,電話代,10E200180,通信費,93540,S,S,8503,,,030,名古屋支店,10A100020,普通預金,93540,O,O,0,30,GHI銀行 名古屋,000,共通部門
1463,1,2021-10,2021-10-10,86,10月10日伝票No325株式会社南風商会,10A100020,普通預金,852870,O,O,0,30,GHI銀行 名古屋,000,共通部門,10A100090,売掛金,852870,O,O,0,19,株式会社南風商会,000,共通部門
1463,2,2021-10,2021-10-10,86,10月10日伝票No325株式会社南風商会,10E200690,支払手数料,735,S,S,66,,,030,名古屋支店,10A100090,売掛金,735,O,O,0,19,株式会社南風商会,000,共通部門
1464,1,2021-10,2021-10-10,87,10月10日伝票No326株式会社青葉百貨店 | 売上伝票=20210930-120;手形番号=R20211010-87-28,10A100060,受取手形,5964649,O,O,0,,,000,共通部門,10A100090,売掛金,5964649,O,O,0,28,株式会社青葉百貨店,000,共通部門
1465,1,2021-10,2021-10-10,88,10月10日伝票No478青凪商事株式会社,10B100040,買掛金,282780,O,O,0,3,青凪商事株式会社,000,共通部門,10A100090,売掛金,282780,O,O,0,3,青凪商事株式会社,000,共通部門
1466,1,2021-10,2021-10-10,89,10月10日伝票No500株式会社花咲商事東京本社,10A100020,普通預金,7713951,O,O,0,20,ABC銀行 本店,000,共通部門,10A100090,売掛金,7713951,O,O,0,14,株式会社花咲商事,000,共通部門
1466,2,2021-10,2021-10-10,89,10月10日伝票No500株式会社花咲商事東京本社,10E200690,支払手数料,735,S,S,66,,,020,東京支店,10A100090,売掛金,735,O,O,0,14,株式会社花咲商事,000,共通部門
1467,1,2021-10,2021-10-10,90,10月10日伝票No251青凪商事株式会社,10B100040,買掛金,2871067,O,O,0,3,青凪商事株式会社,000,共通部門,10B100030,支払手形,2871067,O,O,0,,,000,共通部門
1468,1,2021-10,2021-10-10,91,10月10日伝票No253株式会社白樺商事,10B100040,買掛金,390196,O,O,0,8,株式会社白樺商事,000,共通部門,10A100020,普通預金,390196,O,O,0,20,ABC銀行 本店,000,共通部門
1469,1,2021-10,2021-10-10,98,手形割引 株式会社青葉百貨店 | 手形番号=R20210910-95-28;受取額に決済額を訂正,10A100020,当座預金,6438740,O,O,0,1,ABC銀行,000,共通部門,10A100060,受取手形,6438740,O,O,0,,,000,共通部門
1469,2,2021-10,2021-10-10,98,手形割引料 | 手形番号=R20210910-95-28,10E300020,支払利息,38759,E,E,0,,,020,東京支店,10A100060,受取手形,38759,O,O,0,,,000,共通部門
1477,1,2021-10,2021-10-11,73,ガソリン代,10E201120,車両費,6325,S,S,575,,,050,九州営業所,10A100020,現金,6325,O,O,0,,,000,共通部門
1477,2,2021-10,2021-10-11,73,高速代,10E201120,車両費,1143,S,S,103,,,050,九州営業所,10A100020,現金,1143,O,O,0,,,000,共通部門
1479,1,2021-10,2021-10-12,148,ガソリン代,10E201120,車両費,7065,S,S,642,,,050,九州営業所,10A100020,現金,7065,O,O,0,,,000,共通部門
1480,1,2021-10,2021-10-12,154,コーヒー代2名,10E200150,交際費,1260,S,S,114,,,050,九州営業所,10B100630,未払金,1260,O,O,0,,,000,共通部門
1478,1,2021-10,2021-10-12,57,架空鉄道会社A代,10E201230,旅費及び交通費,112300,S,S,10209,,,020,東京支店,10A100020,現金,112300,O,O,0,,,000,共通部門
1481,1,2021-10,2021-10-13,11,ガソリン代,10E201120,車両費,3210,S,S,291,,,010,札幌営業所,10A100020,現金,3210,O,O,0,,,000,共通部門
1482,1,2021-10,2021-10-13,51,駐車代,10E201120,車両費,3667,S,S,333,,,020,東京支店,10A100020,現金,3667,O,O,0,,,000,共通部門
1482,2,2021-10,2021-10-13,51,高速代,10E201120,車両費,5524,S,S,502,,,020,東京支店,10A100020,現金,5524,O,O,0,,,000,共通部門
1482,3,2021-10,2021-10-13,51,ガソリン代,10E201120,車両費,4381,S,S,398,,,020,東京支店,10A100020,現金,4381,O,O,0,,,000,共通部門
1483,1,2021-10,2021-10-13,77,タクシー代,10E201230,旅費及び交通費,4000,S,S,363,,,030,名古屋支店,10A100020,現金,4000,O,O,0,,,000,共通部門
1484,1,2021-10,2021-10-13,79,景品代,10E200140,福利厚生費,48740,S,S,4430,,,030,名古屋支店,10A100020,現金,48740,O,O,0,,,000,共通部門
1487,1,2021-10,2021-10-14,159,タクシー代,10E201230,旅費及び交通費,8900,S,S,809,,,050,九州営業所,10A100020,現金,8900,O,O,0,,,000,共通部門
1485,1,2021-10,2021-10-14,23,旅費,10E201230,旅費及び交通費,26667,S,S,2424,,,010,札幌営業所,10A100020,現金,26667,O,O,0,,,000,共通部門
1485,2,2021-10,2021-10-14,23,旅費,10E201230,旅費及び交通費,29524,S,S,2684,,,010,札幌営業所,10A100020,現金,29524,O,O,0,,,000,共通部門
1485,3,2021-10,2021-10-14,23,旅費,10E201230,旅費及び交通費,36667,S,S,3333,,,010,札幌営業所,10A100020,現金,36667,O,O,0,,,000,共通部門
1486,1,2021-10,2021-10-14,68,トイレットペーパー他,10E201270,雑費,735,S,S,66,,,010,札幌営業所,10A100020,現金,735,O,O,0,,,000,共通部門
1498,1,2021-10,2021-10-15,117,会費,10E201140,諸会費,20000,O,O,0,,,040,大阪支店,10A100020,現金,20000,O,O,0,,,000,共通部門
1499,1,2021-10,2021-10-15,130,会費,10E201140,諸会費,24000,O,O,0,,,040,大阪支店,10A100020,普通預金,24000,O,O,0,40,JKL銀行 梅田,000,共通部門
1488,1,2021-10,2021-10-15,4,広告費,10E200050,広告宣伝費,31500,S,S,2863,,,010,札幌営業所,10B100630,未払金,31500,O,O,0,,,000,共通部門
1489,1,2021-10,2021-10-15,60,引き出し,10A100020,現金,1500000,O,O,0,,,000,共通部門,10A100020,当座預金,1500000,O,O,0,1,ABC銀行,000,共通部門
1490,1,2021-10,2021-10-15,80,10月給与その他 0060 パート･アルバイト,10E200520,雑給,498874,O,O,0,,,020,東京支店,10A100020,現金,498874,O,O,0,,,000,共通部門
1490,2,2021-10,2021-10-15,80,10月給与その他 0060 パート･アルバイト,10E200520,雑給,1340,O,O,0,,,020,東京支店,10B100690,預り金,1340,O,O,0,3,源泉税,000,共通部門
1490,3,2021-10,2021-10-15,80,10月給与その他 0060 パート･アルバイト,10E200520,雑給,11166,O,O,0,,,020,東京支店,10B100690,預り金,11166,O,O,0,9,その他,000,共通部門
1491,1,2021-10,2021-10-15,92,10月15日伝票No327株式会社若葉百貨店,10A100020,普通預金,1369804,O,O,0,50,MNO銀行 北九州,000,共通部門,10A100090,売掛金,1369804,O,O,0,1,株式会社若葉百貨店,000,共通部門
1491,2,2021-10,2021-10-15,92,10月15日伝票No327株式会社若葉百貨店,10E200690,支払手数料,840,S,S,76,,,050,九州営業所,10A100090,売掛金,840,O,O,0,1,株式会社若葉百貨店,000,共通部門
1492,1,2021-10,2021-10-15,93,10月15日伝票No328株式会社瑞穂流通,10A100020,普通預金,1023036,O,O,0,30,GHI銀行 名古屋,000,共通部門,10A100090,売掛金,1023036,O,O,0,6,株式会社瑞穂流通,000,共通部門
1492,2,2021-10,2021-10-15,93,10月15日伝票No328株式会社瑞穂流通,10E200690,支払手数料,840,S,S,76,,,030,名古屋支店,10A100090,売掛金,840,O,O,0,6,株式会社瑞穂流通,000,共通部門
1493,1,2021-10,2021-10-15,94,10月15日伝票No329株式会社高原マーケット,10A100020,普通預金,987315,O,O,0,40,JKL銀行 梅田,000,共通部門,10A100090,売掛金,987315,O,O,0,8,株式会社高原マーケット,000,共通部門
1493,2,2021-10,2021-10-15,94,10月15日伝票No329株式会社高原マーケット,10E200690,支払手数料,840,S,S,76,,,040,大阪支店,10A100090,売掛金,840,O,O,0,8,株式会社高原マーケット,000,共通部門
1494,1,2021-10,2021-10-15,95,10月15日伝票No330朝凪物産株式会社,10A100020,普通預金,1103440,O,O,0,40,JKL銀行 梅田,000,共通部門,10A100090,売掛金,1103440,O,O,0,9,朝凪物産株式会社,000,共通部門
1494,2,2021-10,2021-10-15,95,10月15日伝票No330朝凪物産株式会社,10E200690,支払手数料,840,S,S,76,,,040,大阪支店,10A100090,売掛金,840,O,O,0,9,朝凪物産株式会社,000,共通部門
1495,1,2021-10,2021-10-15,96,10月15日伝票No331星川商事株式会社,10A100020,普通預金,652365,O,O,0,20,ABC銀行 本店,000,共通部門,10A100090,売掛金,652365,O,O,0,13,星川商事株式会社,000,共通部門
1496,1,2021-10,2021-10-15,97,10月15日伝票No332清和商事株式会社,10A100020,普通預金,753959,O,O,0,40,JKL銀行 梅田,000,共通部門,10A100090,売掛金,753959,O,O,0,20,清和商事株式会社,000,共通部門
1496,2,2021-10,2021-10-15,97,10月15日伝票No332清和商事株式会社,10E200690,支払手数料,315,S,S,28,,,040,大阪支店,10A100090,売掛金,315,O,O,0,20,清和商事株式会社,000,共通部門
1497,1,2021-10,2021-10-15,98,10月15日伝票No255株式会社北辰商事,10B100040,買掛金,6139436,O,O,0,1,株式会社北辰商事,000,共通部門,10A100020,普通預金,6139436,O,O,0,20,ABC銀行 本店,000,共通部門
1502,1,2021-10,2021-10-16,136,架空清掃会社A代,10E201270,雑費,16500,S,S,1500,,,040,大阪支店,10A100020,現金,16500,O,O,0,,,000,共通部門
1500,1,2021-10,2021-10-16,61,電話代,10E200180,通信費,130163,S,S,11833,,,020,東京支店,10A100020,普通預金,130163,O,O,0,20,ABC銀行 本店,000,共通部門
1501,1,2021-10,2021-10-16,94,トイレットペーパー代,10E201270,雑費,3000,S,S,272,,,030,名古屋支店,10A100020,現金,3000,O,O,0,,,000,共通部門
1501,2,2021-10,2021-10-16,94,電池代,10E201270,雑費,1434,S,S,130,,,030,名古屋支店,10A100020,現金,1434,O,O,0,,,000,共通部門
1503,1,2021-10,2021-10-17,47,ガソリン代,10E201120,車両費,2540,S,S,230,,,020,東京支店,10A100020,現金,2540,O,O,0,,,000,共通部門
1504,1,2021-10,2021-10-17,69,洗剤他,10E201270,雑費,2870,S,S,260,,,020,東京支店,10A100020,現金,2870,O,O,0,,,000,共通部門
1508,1,2021-10,2021-10-18,104,食事代 架空店舗044 2名,10E200150,交際費,6440,S,S,585,,,040,大阪支店,10A100020,現金,6440,O,O,0,,,000,共通部門
1505,1,2021-10,2021-10-18,12,ガソリン代,10E201120,車両費,4678,S,S,425,,,010,札幌営業所,10A100020,現金,4678,O,O,0,,,000,共通部門
1505,2,2021-10,2021-10-18,12,高速代,10E201120,車両費,2428,S,S,220,,,010,札幌営業所,10A100020,現金,2428,O,O,0,,,000,共通部門
1509,1,2021-10,2021-10-18,155,ガソリン代,10E201120,車両費,3540,S,S,321,,,050,九州営業所,10A100020,現金,3540,O,O,0,,,000,共通部門
1506,1,2021-10,2021-10-18,52,高速代,10E201120,車両費,2191,S,S,199,,,020,東京支店,10A100020,現金,2191,O,O,0,,,000,共通部門
1506,2,2021-10,2021-10-18,52,駐車代,10E201120,車両費,1715,S,S,155,,,020,東京支店,10A100020,現金,1715,O,O,0,,,000,共通部門
1507,1,2021-10,2021-10-18,86,切手代,10E200180,通信費,8000,S,S,727,,,030,名古屋支店,10A100020,現金,8000,O,O,0,,,000,共通部門
1510,1,2021-10,2021-10-19,153,手土産代 架空店舗058,10E200150,交際費,6540,S,S,594,,,030,名古屋支店,10A100020,現金,6540,O,O,0,,,000,共通部門
1511,1,2021-10,2021-10-20,1,残業夜食　軽減税率,10E200140,福利厚生費,10800,AA,AA,800,,,000,共通部門,10A100020,現金,10800,O,O,0,,,000,共通部門
1521,1,2021-10,2021-10-20,100,10月20日伝票No334合同会社つばさ商店,10A100020,普通預金,437783,O,O,0,30,GHI銀行 名古屋,000,共通部門,10A100090,売掛金,437783,O,O,0,21,合同会社つばさ商店,000,共通部門
1521,2,2021-10,2021-10-20,100,10月20日伝票No334合同会社つばさ商店,10E200690,支払手数料,472,S,S,42,,,030,名古屋支店,10A100090,売掛金,472,O,O,0,21,合同会社つばさ商店,000,共通部門
1521,3,2021-10,2021-10-20,100,資金移動,10A100020,普通預金,18000000,O,O,0,20,ABC銀行 本店,000,共通部門,10A100020,当座預金,18000000,O,O,0,1,ABC銀行,000,共通部門
1522,1,2021-10,2021-10-20,101,広告料,10E200050,広告宣伝費,52500,S,S,4772,,,040,大阪支店,10B100630,未払金,52500,O,O,0,,,000,共通部門
1522,2,2021-10,2021-10-20,101,10月20日伝票No335株式会社彩雲トレーディング,10A100020,普通預金,1044021,O,O,0,20,ABC銀行 本店,000,共通部門,10A100090,売掛金,1044021,O,O,0,30,株式会社彩雲トレーディング,000,共通部門
1522,3,2021-10,2021-10-20,101,10月20日伝票No335株式会社彩雲トレーディング,10E200690,支払手数料,735,S,S,66,,,020,東京支店,10A100090,売掛金,735,O,O,0,30,株式会社彩雲トレーディング,000,共通部門
1523,1,2021-10,2021-10-20,102,10月20日伝票No258株式会社和泉流通,10B100040,買掛金,944145,O,O,0,4,株式会社和泉流通,000,共通部門,10A100020,普通預金,944145,O,O,0,20,ABC銀行 本店,000,共通部門
1524,1,2021-10,2021-10-20,103,10月20日伝票No260株式会社日向産業,10B100040,買掛金,3600809,O,O,0,6,株式会社日向産業,000,共通部門,10A100020,普通預金,3600809,O,O,0,20,ABC銀行 本店,000,共通部門
1525,1,2021-10,2021-10-20,104,10月20日伝票No261株式会社花園商会,10B100040,買掛金,4284585,O,O,0,11,株式会社花園商会,000,共通部門,10A100020,普通預金,4284585,O,O,0,20,ABC銀行 本店,000,共通部門
1526,1,2021-10,2021-10-20,118,コピー代,10E201110,事務用消耗品費,6988,S,S,635,,,040,大阪支店,10B100630,未払金,6988,O,O,0,,,000,共通部門
1527,1,2021-10,2021-10-20,119,事務用品,10E201110,事務用消耗品費,6650,S,S,604,,,040,大阪支店,10B100630,未払金,6650,O,O,0,,,000,共通部門
1528,1,2021-10,2021-10-20,139,社員夜食代,10E200140,福利厚生費,22505,S,S,2045,,,040,大阪支店,10B100630,未払金,22505,O,O,0,,,000,共通部門
1529,1,2021-10,2021-10-20,144,ガソリン代,10E201120,車両費,4290,S,S,390,,,040,大阪支店,10A100020,現金,4290,O,O,0,,,000,共通部門
1529,2,2021-10,2021-10-20,144,ガソリン代,10E201120,車両費,8096,S,S,736,,,040,大阪支店,10A100020,現金,8096,O,O,0,,,000,共通部門
1529,3,2021-10,2021-10-20,144,駐車代,10E201120,車両費,3372,S,S,306,,,040,大阪支店,10A100020,現金,3372,O,O,0,,,000,共通部門
1512,1,2021-10,2021-10-20,31,コピー代,10E201110,事務用消耗品費,2700,S,S,245,,,010,札幌営業所,10B100630,未払金,2700,O,O,0,,,000,共通部門
1513,1,2021-10,2021-10-20,48,ガソリン代,10E201120,車両費,4303,S,S,391,,,020,東京支店,10A100020,現金,4303,O,O,0,,,000,共通部門
1514,1,2021-10,2021-10-20,68,カウンター料金,10E201110,事務用消耗品費,6300,S,S,572,,,050,九州営業所,10B100630,未払金,6300,O,O,0,,,000,共通部門
1515,1,2021-10,2021-10-20,71,事務用品,10E201110,事務用消耗品費,4013,S,S,364,,,020,東京支店,10B100630,未払金,4013,O,O,0,,,000,共通部門
1515,2,2021-10,2021-10-20,71,カウンター料金,10E201110,事務用消耗品費,31435,S,S,2857,,,020,東京支店,10B100630,未払金,31435,O,O,0,,,000,共通部門
1516,1,2021-10,2021-10-20,72,ファイル等,10E200200,消耗品費,13567,S,S,1233,,,000,共通部門,10B100630,未払金,13567,O,O,0,,,000,共通部門
1516,2,2021-10,2021-10-20,72,飲料水,10E200200,消耗品費,219895,S,S,19990,,,000,共通部門,10B100630,未払金,219895,O,O,0,,,000,共通部門
1516,3,2021-10,2021-10-20,72,名刺代,10E200200,消耗品費,12000,S,S,1090,,,000,共通部門,10B100630,未払金,12000,O,O,0,,,000,共通部門
1517,1,2021-10,2021-10-20,80,会費支払い,10E200140,福利厚生費,417375,S,S,37943,,,030,名古屋支店,10B100630,未払金,417375,O,O,0,,,000,共通部門
1518,1,2021-10,2021-10-20,97,コピー代,10E201110,事務用消耗品費,37189,S,S,3380,,,030,名古屋支店,10B100630,未払金,37189,O,O,0,,,000,共通部門
1519,1,2021-10,2021-10-20,98,事務用品,10E201110,事務用消耗品費,2465,S,S,224,,,030,名古屋支店,10B100630,未払金,2465,O,O,0,,,000,共通部門
1520,1,2021-10,2021-10-20,99,10月20日伝票No333株式会社楓屋,10A100020,現金,311649,O,O,0,,,000,共通部門,10A100090,売掛金,311649,O,O,0,11,株式会社楓屋,000,共通部門
1520,2,2021-10,2021-10-20,99,手形満期 株式会社緑野百貨店 | 手形番号=R20210831-117-12;受取額に決済額を訂正,10A100020,当座預金,9670318,O,O,0,1,ABC銀行,000,共通部門,10A100060,受取手形,9670318,O,O,0,,,000,共通部門
1520,3,2021-10,2021-10-20,99,手形割引 株式会社緑野百貨店 | 手形番号=R20210930-124-12;受取額に決済額を訂正,10A100020,当座預金,10516135,O,O,0,1,ABC銀行,000,共通部門,10A100060,受取手形,10516135,O,O,0,,,000,共通部門
1520,4,2021-10,2021-10-20,99,手形割引料 | 手形番号=R20210930-124-12,10E300020,支払利息,83471,E,E,0,,,020,東京支店,10A100060,受取手形,83471,O,O,0,,,000,共通部門
1540,1,2021-10,2021-10-21,132,電気代,10E201040,水道光熱費,91783,S,S,8343,,,040,大阪支店,10A100020,普通預金,91783,O,O,0,40,JKL銀行 梅田,000,共通部門
1540,2,2021-10,2021-10-21,132,水道代,10E201040,水道光熱費,4751,S,S,431,,,040,大阪支店,10A100020,普通預金,4751,O,O,0,40,JKL銀行 梅田,000,共通部門
1541,1,2021-10,2021-10-21,160,出張旅費,10E201230,旅費及び交通費,70000,S,S,6363,,,020,東京支店,10A100020,現金,70000,O,O,0,,,000,共通部門
1542,1,2021-10,2021-10-21,169,電気料,10E201040,水道光熱費,108919,S,S,9901,,,050,九州営業所,10A100020,普通預金,108919,O,O,0,50,MNO銀行 北九州,000,共通部門
1542,2,2021-10,2021-10-21,169,水道料,10E201040,水道光熱費,5928,S,S,538,,,050,九州営業所,10A100020,普通預金,5928,O,O,0,50,MNO銀行 北九州,000,共通部門
1533,1,2021-10,2021-10-21,25,旅費,10E201230,旅費及び交通費,56000,S,S,5090,,,010,札幌営業所,10A100020,現金,56000,O,O,0,,,000,共通部門
1534,1,2021-10,2021-10-21,34,電気代,10E201040,水道光熱費,86902,S,S,7900,,,010,札幌営業所,10A100020,普通預金,86902,O,O,0,10,DEF銀行 駅前,000,共通部門
1534,2,2021-10,2021-10-21,34,水道代,10E201040,水道光熱費,5725,S,S,520,,,010,札幌営業所,10A100020,普通預金,5725,O,O,0,10,DEF銀行 駅前,000,共通部門
1530,1,2021-10,2021-10-21,5,広告費,10E200050,広告宣伝費,52500,S,S,4772,,,010,札幌営業所,10A100020,普通預金,52500,O,O,0,10,DEF銀行 駅前,000,共通部門
1535,1,2021-10,2021-10-21,53,高速代,10E201120,車両費,2286,S,S,207,,,020,東京支店,10A100020,現金,2286,O,O,0,,,000,共通部門
1535,2,2021-10,2021-10-21,53,ガソリン代,10E201120,車両費,1000,S,S,90,,,020,東京支店,10A100020,現金,1000,O,O,0,,,000,共通部門
1535,3,2021-10,2021-10-21,53,駐車代,10E201120,車両費,762,S,S,69,,,020,東京支店,10A100020,現金,762,O,O,0,,,000,共通部門
1531,1,2021-10,2021-10-21,6,広告料,10E200050,広告宣伝費,5000,S,S,454,,,010,札幌営業所,10A100020,現金,5000,O,O,0,,,000,共通部門
1536,1,2021-10,2021-10-21,62,お茶代,10E200140,福利厚生費,10200,S,S,927,,,050,九州営業所,10B100630,未払金,10200,O,O,0,,,000,共通部門
1537,1,2021-10,2021-10-21,64,電気料,10E201040,水道光熱費,166341,S,S,15121,,,020,東京支店,10A100020,普通預金,166341,O,O,0,20,ABC銀行 本店,000,共通部門
1537,2,2021-10,2021-10-21,64,水道料,10E201040,水道光熱費,7766,S,S,706,,,020,東京支店,10A100020,普通預金,7766,O,O,0,20,ABC銀行 本店,000,共通部門
1538,1,2021-10,2021-10-21,79,旅費,10E201230,旅費及び交通費,26000,S,S,2363,,,030,名古屋支店,10A100020,現金,26000,O,O,0,,,000,共通部門
1532,1,2021-10,2021-10-21,8,定例ミーティング会費,10E200150,交際費,20000,S,S,1818,,,010,札幌営業所,10A100020,現金,20000,O,O,0,,,000,共通部門
1539,1,2021-10,2021-10-21,89,電気料,10E201040,水道光熱費,84225,S,S,7656,,,030,名古屋支店,10A100020,普通預金,84225,O,O,0,30,GHI銀行 名古屋,000,共通部門
1539,2,2021-10,2021-10-21,89,水道料,10E201040,水道光熱費,3975,S,S,361,,,030,名古屋支店,10A100020,普通預金,3975,O,O,0,30,GHI銀行 名古屋,000,共通部門
1539,3,2021-10,2021-10-21,89,ガス代,10E201040,水道光熱費,4528,S,S,411,,,030,名古屋支店,10A100020,普通預金,4528,O,O,0,30,GHI銀行 名古屋,000,共通部門
1549,1,2021-10,2021-10-22,105,食事代 架空店舗056 4名,10E200150,交際費,15658,S,S,1423,,,040,大阪支店,10A100020,現金,15658,O,O,0,,,000,共通部門
1549,2,2021-10,2021-10-22,105,飲食代 架空店舗022 4名,10E200150,交際費,13962,S,S,1269,,,040,大阪支店,10A100020,現金,13962,O,O,0,,,000,共通部門
1550,1,2021-10,2021-10-22,137,有線,10E201270,雑費,6000,S,S,545,,,040,大阪支店,10B100630,未払金,6000,O,O,0,,,000,共通部門
1550,2,2021-10,2021-10-22,137,警備料,10E201270,雑費,42858,S,S,3896,,,040,大阪支店,10B100630,未払金,42858,O,O,0,,,000,共通部門
1550,3,2021-10,2021-10-22,137,高速料,10E201120,車両費,45046,S,S,4095,,,040,大阪支店,10A100020,普通預金,45046,O,O,0,40,JKL銀行 梅田,000,共通部門
1550,4,2021-10,2021-10-22,137,清掃料,10E201270,雑費,73500,S,S,6681,,,040,大阪支店,10B100630,未払金,73500,O,O,0,,,000,共通部門
1551,1,2021-10,2021-10-22,163,会費,10E201140,諸会費,18000,O,O,0,,,050,九州営業所,10A100020,現金,18000,O,O,0,,,000,共通部門
1552,1,2021-10,2021-10-22,165,トイレットペーパー代,10E201270,雑費,1500,S,S,136,,,050,九州営業所,10A100020,現金,1500,O,O,0,,,000,共通部門
1553,1,2021-10,2021-10-22,166,架空清掃会社A代,10E201270,雑費,1890,S,S,171,,,050,九州営業所,10A100020,現金,1890,O,O,0,,,000,共通部門
1543,1,2021-10,2021-10-22,3,宿泊代,10E200140,福利厚生費,29900,S,S,2718,,,010,札幌営業所,10B100630,未払金,29900,O,O,0,,,000,共通部門
1545,1,2021-10,2021-10-22,45,香典代,10E200150,交際費,10000,S,S,909,,,020,東京支店,10A100020,現金,10000,O,O,0,,,000,共通部門
1546,1,2021-10,2021-10-22,69,ゴルフプレー代2名,10E200150,交際費,22000,S,S,2000,,,020,東京支店,10A100020,現金,22000,O,O,0,,,000,共通部門
1544,1,2021-10,2021-10-22,9,商品券,10E200150,交際費,5000,S,S,454,,,010,札幌営業所,10A100020,現金,5000,O,O,0,,,000,共通部門
1547,1,2021-10,2021-10-22,90,架空清掃会社A代,10E201270,雑費,10500,S,S,954,,,030,名古屋支店,10A100020,現金,10500,O,O,0,,,000,共通部門
1548,1,2021-10,2021-10-22,95,清掃料,10E201270,雑費,71675,S,S,6515,,,030,名古屋支店,10B100630,未払金,71675,O,O,0,,,000,共通部門
1557,1,2021-10,2021-10-23,140,旅費,10E201230,旅費及び交通費,7890,S,S,717,,,040,大阪支店,10A100020,現金,7890,O,O,0,,,000,共通部門
1554,1,2021-10,2021-10-23,24,架空鉄道会社A回数券,10E201230,旅費及び交通費,95181,S,S,8652,,,010,札幌営業所,10A100020,現金,95181,O,O,0,,,000,共通部門
1555,1,2021-10,2021-10-23,28,タクシー代,10E201230,旅費及び交通費,2420,S,S,220,,,010,札幌営業所,10B100630,未払金,2420,O,O,0,,,000,共通部門
1556,1,2021-10,2021-10-23,54,高速代,10E201120,車両費,4600,S,S,418,,,020,東京支店,10A100020,現金,4600,O,O,0,,,000,共通部門
1559,1,2021-10,2021-10-24,121,お茶代,10E200140,福利厚生費,7000,S,S,636,,,040,大阪支店,10A100020,現金,7000,O,O,0,,,000,共通部門
1560,1,2021-10,2021-10-24,146,業務委託費,10E200020,販売手数料,147000,S,S,13363,,,050,九州営業所,10B100630,未払金,147000,O,O,0,,,000,共通部門
1558,1,2021-10,2021-10-24,26,旅費,10E201230,旅費及び交通費,12100,S,S,1100,,,010,札幌営業所,10A100020,現金,12100,O,O,0,,,000,共通部門
1567,1,2021-10,2021-10-25,105,10月25日伝票No336株式会社桜丘百貨店 | 売上伝票=20210930-118;手形番号=R20211025-105-2,10A100060,受取手形,16028828,O,O,0,,,000,共通部門,10A100090,売掛金,16028828,O,O,0,2,株式会社桜丘百貨店,000,共通部門
1568,1,2021-10,2021-10-25,106,10月25日伝票No337株式会社光彩堂商事,10A100020,普通預金,1208865,O,O,0,30,GHI銀行 名古屋,000,共通部門,10A100090,売掛金,1208865,O,O,0,7,株式会社光彩堂商事,000,共通部門
1568,2,2021-10,2021-10-25,106,10月25日伝票No337株式会社光彩堂商事,10E200690,支払手数料,735,S,S,66,,,030,名古屋支店,10A100090,売掛金,735,O,O,0,7,株式会社光彩堂商事,000,共通部門
1569,1,2021-10,2021-10-25,107,10月25日伝票No338株式会社杉の木商店,10A100020,普通預金,541606,O,O,0,40,JKL銀行 梅田,000,共通部門,10A100090,売掛金,541606,O,O,0,23,株式会社杉の木商店,000,共通部門
1569,2,2021-10,2021-10-25,107,10月25日伝票No338株式会社杉の木商店,10E200690,支払手数料,630,S,S,57,,,040,大阪支店,10A100090,売掛金,630,O,O,0,23,株式会社杉の木商店,000,共通部門
1570,1,2021-10,2021-10-25,108,10月25日伝票No339株式会社ほのかマート,10A100020,普通預金,4530440,O,O,0,10,DEF銀行 駅前,000,共通部門,10A100090,売掛金,4530440,O,O,0,25,株式会社ほのかマート,000,共通部門
1570,2,2021-10,2021-10-25,108,10月25日伝票No339株式会社ほのかマート,10E200690,支払手数料,840,S,S,76,,,010,札幌営業所,10A100090,売掛金,840,O,O,0,25,株式会社ほのかマート,000,共通部門
1571,1,2021-10,2021-10-25,111,タクシー代,10E201230,旅費及び交通費,13500,S,S,1227,,,040,大阪支店,10B100630,未払金,13500,O,O,0,,,000,共通部門
1572,1,2021-10,2021-10-25,170,新聞代,10E201160,図書費,3007,S,S,273,,,050,九州営業所,10A100020,現金,3007,O,O,0,,,000,共通部門
1573,1,2021-10,2021-10-25,171,携帯代,10E200180,通信費,42103,S,S,3827,,,050,九州営業所,10A100020,普通預金,42103,O,O,0,50,MNO銀行 北九州,000,共通部門
1574,1,2021-10,2021-10-25,173,収入印紙代,10E200210,租税公課,10000,O,O,0,,,050,九州営業所,10A100020,現金,10000,O,O,0,,,000,共通部門
1561,1,2021-10,2021-10-25,29,携帯電話代,10E200180,通信費,126547,S,S,11504,,,010,札幌営業所,10A100020,普通預金,126547,O,O,0,10,DEF銀行 駅前,000,共通部門
1562,1,2021-10,2021-10-25,35,新聞代,10E201160,図書費,3925,S,S,356,,,010,札幌営業所,10A100020,現金,3925,O,O,0,,,000,共通部門
1563,1,2021-10,2021-10-25,37,業務委託費,10E200020,販売手数料,1143000,S,S,103909,,,020,東京支店,10B100630,未払金,1143000,O,O,0,,,000,共通部門
1564,1,2021-10,2021-10-25,74,ガソリン代,10E201120,車両費,4351,S,S,395,,,050,九州営業所,10A100020,現金,4351,O,O,0,,,000,共通部門
1564,2,2021-10,2021-10-25,74,駐車代,10E201120,車両費,572,S,S,52,,,050,九州営業所,10A100020,現金,572,O,O,0,,,000,共通部門
1565,1,2021-10,2021-10-25,81,10月給与その他 0001 役員,10E200090,役員報酬,1121255,O,O,0,,,020,東京支店,10A100020,普通預金,1121255,O,O,0,20,ABC銀行 本店,000,共通部門
1565,2,2021-10,2021-10-25,81,10月給与その他 0001 役員,10E200090,役員報酬,120411,O,O,0,,,020,東京支店,10B100690,預り金,120411,O,O,0,1,保険料,000,共通部門
1565,3,2021-10,2021-10-25,81,10月給与その他 0001 役員,10E200090,役員報酬,171200,O,O,0,,,020,東京支店,10B100690,預り金,171200,O,O,0,2,住民税,000,共通部門
1565,4,2021-10,2021-10-25,81,10月給与その他 0001 役員,10E200090,役員報酬,164442,O,O,0,,,020,東京支店,10B100690,預り金,164442,O,O,0,3,源泉税,000,共通部門
1565,5,2021-10,2021-10-25,81,10月給与その他 0001 役員,10E200090,役員報酬,133972,O,O,0,,,020,東京支店,10B100690,預り金,133972,O,O,0,4,貯蓄・保険,000,共通部門
1565,6,2021-10,2021-10-25,81,10月給与その他 0001 役員,10E200090,役員報酬,8720,O,O,0,,,020,東京支店,10B100690,預り金,8720,O,O,0,9,その他,000,共通部門
1565,7,2021-10,2021-10-25,81,10月給与その他 0020 営業部,10E200370,給料及び手当,1467731,O,O,0,,,020,東京支店,10A100020,普通預金,1467731,O,O,0,20,ABC銀行 本店,000,共通部門
1565,8,2021-10,2021-10-25,81,10月給与その他 0020 営業部,10E200370,給料及び手当,236045,O,O,0,,,020,東京支店,10B100690,預り金,236045,O,O,0,1,保険料,000,共通部門
1565,9,2021-10,2021-10-25,81,10月給与その他 0020 営業部,10E200370,給料及び手当,104300,O,O,0,,,020,東京支店,10B100690,預り金,104300,O,O,0,2,住民税,000,共通部門
1565,10,2021-10,2021-10-25,81,10月給与その他 0020 営業部,10E200370,給料及び手当,35510,O,O,0,,,020,東京支店,10B100690,預り金,35510,O,O,0,3,源泉税,000,共通部門
1565,11,2021-10,2021-10-25,81,10月給与その他 0020 営業部,10E200370,給料及び手当,43305,O,O,0,,,020,東京支店,10B100690,預り金,43305,O,O,0,4,貯蓄・保険,000,共通部門
1565,12,2021-10,2021-10-25,81,10月給与その他 0020 営業部,10E200370,給料及び手当,63501,O,O,0,,,020,東京支店,10B100690,預り金,63501,O,O,0,9,その他,000,共通部門
1565,13,2021-10,2021-10-25,81,10月給与その他 1000 札幌営業所,10E200370,給料及び手当,623941,O,O,0,,,010,札幌営業所,10A100020,普通預金,623941,O,O,0,20,ABC銀行 本店,000,共通部門
1565,14,2021-10,2021-10-25,81,10月給与その他 1000 札幌営業所,10E200370,給料及び手当,103424,O,O,0,,,010,札幌営業所,10B100690,預り金,103424,O,O,0,1,保険料,000,共通部門
1565,15,2021-10,2021-10-25,81,10月給与その他 1000 札幌営業所,10E200370,給料及び手当,46300,O,O,0,,,010,札幌営業所,10B100690,預り金,46300,O,O,0,2,住民税,000,共通部門
1565,16,2021-10,2021-10-25,81,10月給与その他 1000 札幌営業所,10E200370,給料及び手当,14280,O,O,0,,,010,札幌営業所,10B100690,預り金,14280,O,O,0,3,源泉税,000,共通部門
1565,17,2021-10,2021-10-25,81,10月給与その他 1000 札幌営業所,10E200370,給料及び手当,50648,O,O,0,,,010,札幌営業所,10B100690,預り金,50648,O,O,0,4,貯蓄・保険,000,共通部門
1565,18,2021-10,2021-10-25,81,10月給与その他 1000 札幌営業所,10E200370,給料及び手当,35443,O,O,0,,,010,札幌営業所,10B100690,預り金,35443,O,O,0,9,その他,000,共通部門
1565,19,2021-10,2021-10-25,81,10月給与その他 3000 名古屋営業所,10E200370,給料及び手当,562876,O,O,0,,,030,名古屋支店,10A100020,普通預金,562876,O,O,0,20,ABC銀行 本店,000,共通部門
1565,20,2021-10,2021-10-25,81,10月給与その他 3000 名古屋営業所,10E200370,給料及び手当,96352,O,O,0,,,030,名古屋支店,10B100690,預り金,96352,O,O,0,1,保険料,000,共通部門
1565,21,2021-10,2021-10-25,81,10月給与その他 3000 名古屋営業所,10E200370,給料及び手当,42600,O,O,0,,,030,名古屋支店,10B100690,預り金,42600,O,O,0,2,住民税,000,共通部門
1565,22,2021-10,2021-10-25,81,10月給与その他 3000 名古屋営業所,10E200370,給料及び手当,8130,O,O,0,,,030,名古屋支店,10B100690,預り金,8130,O,O,0,3,源泉税,000,共通部門
1565,23,2021-10,2021-10-25,81,10月給与その他 3000 名古屋営業所,10E200370,給料及び手当,40759,O,O,0,,,030,名古屋支店,10B100690,預り金,40759,O,O,0,4,貯蓄・保険,000,共通部門
1565,24,2021-10,2021-10-25,81,10月給与その他 3000 名古屋営業所,10E200370,給料及び手当,36723,O,O,0,,,030,名古屋支店,10B100690,預り金,36723,O,O,0,9,その他,000,共通部門
1565,25,2021-10,2021-10-25,81,10月給与その他 4000 大阪支店,10E200370,給料及び手当,774703,O,O,0,,,040,大阪支店,10A100020,普通預金,774703,O,O,0,20,ABC銀行 本店,000,共通部門
1565,26,2021-10,2021-10-25,81,10月給与その他 4000 大阪支店,10E200370,給料及び手当,128755,O,O,0,,,040,大阪支店,10B100690,預り金,128755,O,O,0,1,保険料,000,共通部門
1565,27,2021-10,2021-10-25,81,10月給与その他 4000 大阪支店,10E200370,給料及び手当,53400,O,O,0,,,040,大阪支店,10B100690,預り金,53400,O,O,0,2,住民税,000,共通部門
1565,28,2021-10,2021-10-25,81,10月給与その他 4000 大阪支店,10E200370,給料及び手当,17030,O,O,0,,,040,大阪支店,10B100690,預り金,17030,O,O,0,3,源泉税,000,共通部門
1565,29,2021-10,2021-10-25,81,10月給与その他 4000 大阪支店,10E200370,給料及び手当,13570,O,O,0,,,040,大阪支店,10B100690,預り金,13570,O,O,0,4,貯蓄・保険,000,共通部門
1565,30,2021-10,2021-10-25,81,10月給与その他 4000 大阪支店,10E200370,給料及び手当,19642,O,O,0,,,040,大阪支店,10B100690,預り金,19642,O,O,0,9,その他,000,共通部門
1565,31,2021-10,2021-10-25,81,10月給与その他 5000 九州営業所,10E200370,給料及び手当,467419,O,O,0,,,050,九州営業所,10A100020,普通預金,467419,O,O,0,20,ABC銀行 本店,000,共通部門
1565,32,2021-10,2021-10-25,81,10月給与その他 5000 九州営業所,10E200370,給料及び手当,67268,O,O,0,,,050,九州営業所,10B100690,預り金,67268,O,O,0,1,保険料,000,共通部門
1565,33,2021-10,2021-10-25,81,10月給与その他 5000 九州営業所,10E200370,給料及び手当,31700,O,O,0,,,050,九州営業所,10B100690,預り金,31700,O,O,0,2,住民税,000,共通部門
1565,34,2021-10,2021-10-25,81,10月給与その他 5000 九州営業所,10E200370,給料及び手当,8910,O,O,0,,,050,九州営業所,10B100690,預り金,8910,O,O,0,3,源泉税,000,共通部門
1565,35,2021-10,2021-10-25,81,10月給与その他 5000 九州営業所,10E200370,給料及び手当,18540,O,O,0,,,050,九州営業所,10B100690,預り金,18540,O,O,0,4,貯蓄・保険,000,共通部門
1565,36,2021-10,2021-10-25,81,10月給与その他 5000 九州営業所,10E200370,給料及び手当,17668,O,O,0,,,050,九州営業所,10B100690,預り金,17668,O,O,0,9,その他,000,共通部門
1566,1,2021-10,2021-10-25,92,コピー機修繕,10E201000,修繕維持費,18000,S,S,1636,,,050,九州営業所,10B100630,未払金,18000,O,O,0,,,000,共通部門
1579,1,2021-10,2021-10-26,120,業務委託費,10E200020,販売手数料,630000,S,S,57272,,,040,大阪支店,10B100630,未払金,630000,O,O,0,,,000,共通部門
1580,1,2021-10,2021-10-26,131,会費,10E201140,諸会費,24000,O,O,0,,,040,大阪支店,10A100020,普通預金,24000,O,O,0,40,JKL銀行 梅田,000,共通部門
1581,1,2021-10,2021-10-26,172,業務委託費支払い,10E200020,販売手数料,118000,S,S,10727,,,010,札幌営業所,10B100630,未払金,118000,O,O,0,,,000,共通部門
1575,1,2021-10,2021-10-26,27,旅費,10E201230,旅費及び交通費,26172,S,S,2379,,,010,札幌営業所,10A100020,現金,26172,O,O,0,,,000,共通部門
1575,2,2021-10,2021-10-26,27,旅費,10E201230,旅費及び交通費,34000,S,S,3090,,,010,札幌営業所,10A100020,現金,34000,O,O,0,,,000,共通部門
1575,3,2021-10,2021-10-26,27,旅費,10E201230,旅費及び交通費,24464,S,S,2224,,,010,札幌営業所,10A100020,現金,24464,O,O,0,,,000,共通部門
1576,1,2021-10,2021-10-26,38,宿泊費,10E200140,福利厚生費,42640,S,S,3876,,,020,東京支店,10B100630,未払金,42640,O,O,0,,,000,共通部門
1577,1,2021-10,2021-10-26,62,携帯代,10E200180,通信費,73914,S,S,6719,,,020,東京支店,10A100020,普通預金,73914,O,O,0,20,ABC銀行 本店,000,共通部門
1578,1,2021-10,2021-10-26,78,業務委託費支払い,10E200020,販売手数料,189000,S,S,17181,,,030,名古屋支店,10B100630,未払金,189000,O,O,0,,,000,共通部門
1588,1,2021-10,2021-10-27,113,携帯代,10E200180,通信費,88157,S,S,8014,,,040,大阪支店,10A100020,普通預金,88157,O,O,0,40,JKL銀行 梅田,000,共通部門
1582,1,2021-10,2021-10-27,14,ガソリン代,10E201120,車両費,3000,S,S,272,,,010,札幌営業所,10A100020,現金,3000,O,O,0,,,000,共通部門
1583,1,2021-10,2021-10-27,30,保険料支払,10E200240,保険料,54320,E,E,0,,,010,札幌営業所,10A100020,普通預金,54320,O,O,0,10,DEF銀行 駅前,000,共通部門
1584,1,2021-10,2021-10-27,39,会費,10E200140,福利厚生費,9000,S,S,818,,,020,東京支店,10A100020,現金,9000,O,O,0,,,000,共通部門
1585,1,2021-10,2021-10-27,83,車両管理費,10E201120,車両費,51200,S,S,4654,,,030,名古屋支店,10A100020,現金,51200,O,O,0,,,000,共通部門
1586,1,2021-10,2021-10-27,87,携帯代,10E200180,通信費,29633,S,S,2693,,,030,名古屋支店,10A100020,普通預金,29633,O,O,0,30,GHI銀行 名古屋,000,共通部門
1587,1,2021-10,2021-10-27,88,新聞代,10E201160,図書費,3568,S,S,324,,,030,名古屋支店,10A100020,現金,3568,O,O,0,,,000,共通部門
1592,1,2021-10,2021-10-28,114,新聞代,10E201160,図書費,2540,S,S,230,,,040,大阪支店,10A100020,現金,2540,O,O,0,,,000,共通部門
1592,2,2021-10,2021-10-28,114,新聞代,10E201160,図書費,2864,S,S,260,,,040,大阪支店,10A100020,現金,2864,O,O,0,,,000,共通部門
1589,1,2021-10,2021-10-28,15,駐車代,10E201120,車両費,800,S,S,72,,,010,札幌営業所,10A100020,現金,800,O,O,0,,,000,共通部門
1590,1,2021-10,2021-10-28,59,旅費,10E201230,旅費及び交通費,48900,S,S,4445,,,020,東京支店,10A100020,現金,48900,O,O,0,,,000,共通部門
1591,1,2021-10,2021-10-28,93,修繕費,10E201000,修繕維持費,17850,S,S,1622,,,020,東京支店,10B100630,未払金,17850,O,O,0,,,000,共通部門
1594,1,2021-10,2021-10-29,109,ガソリン代,10E201120,車両費,61694,S,S,5608,,,040,大阪支店,10B100630,未払金,61694,O,O,0,,,000,共通部門
1593,1,2021-10,2021-10-29,72,新聞代,10E201160,図書費,2864,S,S,260,,,020,東京支店,10A100020,現金,2864,O,O,0,,,000,共通部門
1593,2,2021-10,2021-10-29,72,新聞代,10E201160,図書費,2815,S,S,255,,,020,東京支店,10A100020,現金,2815,O,O,0,,,000,共通部門
1593,3,2021-10,2021-10-29,72,新聞代,10E201160,図書費,3399,S,S,309,,,020,東京支店,10A100020,現金,3399,O,O,0,,,000,共通部門
1600,1,2021-10,2021-10-30,100,会費,10E200140,福利厚生費,6000,S,S,545,,,040,大阪支店,10A100020,現金,6000,O,O,0,,,000,共通部門
1601,1,2021-10,2021-10-30,115,保険料,10E200240,保険料,64500,E,E,0,,,040,大阪支店,10A100020,普通預金,64500,O,O,0,40,JKL銀行 梅田,000,共通部門
1595,1,2021-10,2021-10-30,13,ガソリン代,10E201120,車両費,13000,S,S,1181,,,010,札幌営業所,10A100020,現金,13000,O,O,0,,,000,共通部門
1602,1,2021-10,2021-10-30,139,資金移動,10A100020,普通預金,5000000,O,O,0,20,ABC銀行 本店,000,共通部門,10A100020,普通預金,5000000,O,O,0,10,DEF銀行 駅前,000,共通部門
1602,2,2021-10,2021-10-30,139,資金移動,10A100020,普通預金,3000000,O,O,0,20,ABC銀行 本店,000,共通部門,10A100020,普通預金,3000000,O,O,0,30,GHI銀行 名古屋,000,共通部門
1602,3,2021-10,2021-10-30,139,資金移動,10A100020,普通預金,3500000,O,O,0,20,ABC銀行 本店,000,共通部門,10A100020,普通預金,3500000,O,O,0,40,JKL銀行 梅田,000,共通部門
1602,4,2021-10,2021-10-30,139,資金移動,10A100020,普通預金,1500000,O,O,0,20,ABC銀行 本店,000,共通部門,10A100020,普通預金,1500000,O,O,0,50,MNO銀行 北九州,000,共通部門
1596,1,2021-10,2021-10-30,55,車両管理費,10E201120,車両費,23810,S,S,2164,,,020,東京支店,10A100020,現金,23810,O,O,0,,,000,共通部門
1596,2,2021-10,2021-10-30,55,高速代,10E201120,車両費,7667,S,S,697,,,020,東京支店,10A100020,現金,7667,O,O,0,,,000,共通部門
1597,1,2021-10,2021-10-30,70,有線,10E201270,雑費,6000,S,S,545,,,020,東京支店,10B100630,未払金,6000,O,O,0,,,000,共通部門
1597,2,2021-10,2021-10-30,70,警備料,10E201270,雑費,52381,S,S,4761,,,020,東京支店,10B100630,未払金,52381,O,O,0,,,000,共通部門
1597,3,2021-10,2021-10-30,70,高速代,10E201120,車両費,75000,S,S,6818,,,020,東京支店,10A100020,普通預金,75000,O,O,0,20,ABC銀行 本店,000,共通部門
1597,4,2021-10,2021-10-30,70,清掃料,10E201270,雑費,73500,S,S,6681,,,020,東京支店,10B100630,未払金,73500,O,O,0,,,000,共通部門
1598,1,2021-10,2021-10-30,73,コーヒー代2名,10E200150,交際費,1260,S,S,114,,,020,東京支店,10A100020,現金,1260,O,O,0,,,000,共通部門
1599,1,2021-10,2021-10-30,96,警備料,10E201270,雑費,22470,S,S,2042,,,030,名古屋支店,10A100020,普通預金,22470,O,O,0,30,GHI銀行 名古屋,000,共通部門
1603,1,2021-10,2021-10-31,1,運賃 架空運送会社B,10E200870,運賃,214990,S,S,19544,,,010,札幌営業所,10B100630,未払金,214990,O,O,0,,,000,共通部門
1617,1,2021-10,2021-10-31,109,10月1日～10月31日分売上,10A100090,売掛金,4489738,O,O,0,25,株式会社ほのかマート,000,共通部門,10D100100,総売上高,4489738,S,S,408158,,,010,札幌営業所
1617,2,2021-10,2021-10-31,109,10月1日～10月31日分売上,10A100090,売掛金,1281568,O,O,0,5,東雲商会株式会社,000,共通部門,10D100100,総売上高,1281568,S,S,116506,,,010,札幌営業所
1617,3,2021-10,2021-10-31,109,10月1日～10月31日分売上,10A100090,売掛金,1444608,O,O,0,14,株式会社花咲商事,000,共通部門,10D100100,総売上高,1444608,S,S,131328,,,010,札幌営業所
1618,1,2021-10,2021-10-31,110,10月1日～10月31日分売上,10A100090,売掛金,14382264,O,O,0,2,株式会社桜丘百貨店,000,共通部門,10D100100,総売上高,14382264,S,S,1307478,,,020,東京支店
1618,2,2021-10,2021-10-31,110,10月1日～10月31日分売上,10A100090,売掛金,1018824,O,O,0,26,若松販売株式会社,000,共通部門,10D100100,総売上高,1018824,S,S,92620,,,020,東京支店
1618,3,2021-10,2021-10-31,110,10月1日～10月31日分売上,10A100090,売掛金,10808171,O,O,0,12,株式会社緑野百貨店,000,共通部門,10D100100,総売上高,10808171,S,S,982561,,,020,東京支店
1618,4,2021-10,2021-10-31,110,10月1日～10月31日分売上,10A100090,売掛金,543350,O,O,0,11,株式会社楓屋,000,共通部門,10D100100,総売上高,543350,S,S,49395,,,020,東京支店
1618,5,2021-10,2021-10-31,110,10月1日～10月31日分売上,10A100090,売掛金,730040,O,O,0,13,星川商事株式会社,000,共通部門,10D100100,総売上高,730040,S,S,66367,,,020,東京支店
1618,6,2021-10,2021-10-31,110,10月1日～10月31日分売上,10A100090,売掛金,1675244,O,O,0,14,株式会社花咲商事,000,共通部門,10D100100,総売上高,1675244,S,S,152294,,,020,東京支店
1618,7,2021-10,2021-10-31,110,10月1日～10月31日分売上,10A100090,売掛金,203996,O,O,0,10,合同会社こもれび商事,000,共通部門,10D100100,総売上高,203996,S,S,18545,,,020,東京支店
1618,8,2021-10,2021-10-31,110,10月1日～10月31日分売上,10A100090,売掛金,1390498,O,O,0,30,株式会社彩雲トレーディング,000,共通部門,10D100100,総売上高,1390498,S,S,126408,,,020,東京支店
1618,9,2021-10,2021-10-31,110,10月1日～10月31日分売上,10A100090,売掛金,497872,O,O,0,24,白峰商事株式会社,000,共通部門,10D100100,総売上高,497872,S,S,45261,,,020,東京支店
1619,1,2021-10,2021-10-31,111,10月1日～10月31日分売上,10A100090,売掛金,814613,O,O,0,27,晴海物産株式会社,000,共通部門,10D100100,総売上高,814613,S,S,74055,,,030,名古屋支店
1619,2,2021-10,2021-10-31,111,10月1日～10月31日分売上,10A100090,売掛金,1269677,O,O,0,6,株式会社瑞穂流通,000,共通部門,10D100100,総売上高,1269677,S,S,115425,,,030,名古屋支店
1619,3,2021-10,2021-10-31,111,10月1日～10月31日分売上,10A100090,売掛金,1134104,O,O,0,7,株式会社光彩堂商事,000,共通部門,10D100100,総売上高,1134104,S,S,103100,,,030,名古屋支店
1619,4,2021-10,2021-10-31,111,10月1日～10月31日分売上,10A100090,売掛金,1680864,O,O,0,14,株式会社花咲商事,000,共通部門,10D100100,総売上高,1680864,S,S,152805,,,030,名古屋支店
1619,5,2021-10,2021-10-31,111,10月1日～10月31日分売上,10A100090,売掛金,475740,O,O,0,21,合同会社つばさ商店,000,共通部門,10D100100,総売上高,475740,S,S,43249,,,030,名古屋支店
1619,6,2021-10,2021-10-31,111,10月1日～10月31日分売上,10A100090,売掛金,590832,O,O,0,19,株式会社南風商会,000,共通部門,10D100100,総売上高,590832,S,S,53712,,,030,名古屋支店
1620,1,2021-10,2021-10-31,112,保険料預かり分,10B100690,預り金,710925,O,O,0,1,保険料,000,共通部門,10A100020,普通預金,710925,O,O,0,20,ABC銀行 本店,000,共通部門
1620,2,2021-10,2021-10-31,112,保険料　事業主負担分,10E200540,法定福利費,112236,E,E,0,,,020,東京支店,10A100020,普通預金,112236,O,O,0,20,ABC銀行 本店,000,共通部門
1620,3,2021-10,2021-10-31,112,保険料　事業主負担分,10E200540,法定福利費,219315,E,E,0,,,020,東京支店,10A100020,普通預金,219315,O,O,0,20,ABC銀行 本店,000,共通部門
1620,4,2021-10,2021-10-31,112,保険料　事業主負担分,10E200540,法定福利費,96280,E,E,0,,,010,札幌営業所,10A100020,普通預金,96280,O,O,0,20,ABC銀行 本店,000,共通部門
1620,5,2021-10,2021-10-31,112,保険料　事業主負担分,10E200540,法定福利費,94031,E,E,0,,,030,名古屋支店,10A100020,普通預金,94031,O,O,0,20,ABC銀行 本店,000,共通部門
1620,6,2021-10,2021-10-31,112,保険料　事業主負担分,10E200540,法定福利費,121795,E,E,0,,,040,大阪支店,10A100020,普通預金,121795,O,O,0,20,ABC銀行 本店,000,共通部門
1620,7,2021-10,2021-10-31,112,保険料　事業主負担分,10E200540,法定福利費,67268,E,E,0,,,050,九州営業所,10A100020,普通預金,67268,O,O,0,20,ABC銀行 本店,000,共通部門
1620,8,2021-10,2021-10-31,112,児童拠出金　事業主負担分,10E200540,法定福利費,11056,E,E,0,,,020,東京支店,10A100020,普通預金,11056,O,O,0,20,ABC銀行 本店,000,共通部門
1620,9,2021-10,2021-10-31,112,10月1日～10月31日分売上,10A100090,売掛金,6921367,O,O,0,28,株式会社青葉百貨店,000,共通部門,10D100100,総売上高,6921367,S,S,629215,,,040,大阪支店
1620,10,2021-10,2021-10-31,112,10月1日～10月31日分売上,10A100090,売掛金,482504,O,O,0,23,株式会社杉の木商店,000,共通部門,10D100100,総売上高,482504,S,S,43864,,,040,大阪支店
1620,11,2021-10,2021-10-31,112,10月1日～10月31日分売上,10A100090,売掛金,2247210,O,O,0,14,株式会社花咲商事,000,共通部門,10D100100,総売上高,2247210,S,S,204291,,,040,大阪支店
1620,12,2021-10,2021-10-31,112,10月1日～10月31日分売上,10A100090,売掛金,1254356,O,O,0,20,清和商事株式会社,000,共通部門,10D100100,総売上高,1254356,S,S,114032,,,040,大阪支店
1620,13,2021-10,2021-10-31,112,10月1日～10月31日分売上,10A100090,売掛金,1087224,O,O,0,4,株式会社ひなたマート,000,共通部門,10D100100,総売上高,1087224,S,S,98838,,,040,大阪支店
1620,14,2021-10,2021-10-31,112,10月1日～10月31日分売上,10A100090,売掛金,398115,O,O,0,8,株式会社高原マーケット,000,共通部門,10D100100,総売上高,398115,S,S,36192,,,040,大阪支店
1620,15,2021-10,2021-10-31,112,10月1日～10月31日分売上,10A100090,売掛金,798840,O,O,0,9,朝凪物産株式会社,000,共通部門,10D100100,総売上高,798840,S,S,72621,,,040,大阪支店
1620,16,2021-10,2021-10-31,112,10月1日～10月31日分売上,10A100090,売掛金,509535,O,O,0,3,青凪商事株式会社,000,共通部門,10D100100,総売上高,509535,S,S,46321,,,040,大阪支店
1621,1,2021-10,2021-10-31,113,10月1日～10月31日分売上,10A100090,売掛金,708660,O,O,0,29,株式会社小春サービス,000,共通部門,10D100100,総売上高,708660,S,S,64423,,,050,九州営業所
1621,2,2021-10,2021-10-31,113,10月1日～10月31日分売上,10A100090,売掛金,923680,O,O,0,22,株式会社豊原産業,000,共通部門,10D100100,総売上高,923680,S,S,83970,,,050,九州営業所
1621,3,2021-10,2021-10-31,113,10月1日～10月31日分売上,10A100090,売掛金,1023604,O,O,0,1,株式会社若葉百貨店,000,共通部門,10D100100,総売上高,1023604,S,S,93054,,,050,九州営業所
1621,4,2021-10,2021-10-31,113,10月1日～10月31日分売上,10A100090,売掛金,777184,O,O,0,14,株式会社花咲商事,000,共通部門,10D100100,総売上高,777184,S,S,70653,,,050,九州営業所
1622,1,2021-10,2021-10-31,114,10月31日伝票No340株式会社ひなたマート,10A100020,普通預金,703128,O,O,0,40,JKL銀行 梅田,000,共通部門,10A100090,売掛金,703128,O,O,0,4,株式会社ひなたマート,000,共通部門
1622,2,2021-10,2021-10-31,114,10月31日伝票No340株式会社ひなたマート,10E200690,支払手数料,840,S,S,76,,,040,大阪支店,10A100090,売掛金,840,O,O,0,4,株式会社ひなたマート,000,共通部門
1623,1,2021-10,2021-10-31,115,10月31日伝票No341東雲商会株式会社,10A100020,普通預金,1128760,O,O,0,10,DEF銀行 駅前,000,共通部門,10A100090,売掛金,1128760,O,O,0,5,東雲商会株式会社,000,共通部門
1623,2,2021-10,2021-10-31,115,10月31日伝票No341東雲商会株式会社,10E200690,支払手数料,840,S,S,76,,,010,札幌営業所,10A100090,売掛金,840,O,O,0,5,東雲商会株式会社,000,共通部門
1624,1,2021-10,2021-10-31,116,10月31日伝票No342株式会社緑野百貨店 | 売上伝票=20210930-118;手形番号=R20211031-116-12,10A100060,受取手形,9607109,O,O,0,,,000,共通部門,10A100090,売掛金,9607109,O,O,0,12,株式会社緑野百貨店,000,共通部門
1624,2,2021-10,2021-10-31,116,リース料,10E200730,借地借家料,84000,S,S,7636,,,040,大阪支店,10A100020,普通預金,84000,O,O,0,40,JKL銀行 梅田,000,共通部門
1625,1,2021-10,2021-10-31,117,10月31日伝票No343白峰商事株式会社,10A100020,普通預金,669734,O,O,0,20,ABC銀行 本店,000,共通部門,10A100090,売掛金,669734,O,O,0,24,白峰商事株式会社,000,共通部門
1625,2,2021-10,2021-10-31,117,10月31日伝票No343白峰商事株式会社,10E200690,支払手数料,630,S,S,57,,,020,東京支店,10A100090,売掛金,630,O,O,0,24,白峰商事株式会社,000,共通部門
1626,1,2021-10,2021-10-31,118,10月31日伝票No344株式会社小春サービス,10A100020,普通預金,496770,O,O,0,50,MNO銀行 北九州,000,共通部門,10A100090,売掛金,496770,O,O,0,29,株式会社小春サービス,000,共通部門
1626,2,2021-10,2021-10-31,118,10月31日伝票No344株式会社小春サービス,10E200690,支払手数料,210,S,S,19,,,050,九州営業所,10A100090,売掛金,210,O,O,0,29,株式会社小春サービス,000,共通部門
1627,1,2021-10,2021-10-31,119,10月31日伝票No456合同会社こもれび商事,10A100020,現金,342468,O,O,0,,,000,共通部門,10A100090,売掛金,342468,O,O,0,10,合同会社こもれび商事,000,共通部門
1628,1,2021-10,2021-10-31,120,10月1日～10月31日分仕入,10E100130,当期商品仕入高,50400,S,S,4581,,,010,札幌営業所,10B100040,買掛金,50400,O,O,0,8,株式会社白樺商事,000,共通部門
1628,2,2021-10,2021-10-31,120,10月1日～10月31日分仕入,10E100130,当期商品仕入高,119070,S,S,10824,,,010,札幌営業所,10B100040,買掛金,119070,O,O,0,2,株式会社双葉物産,000,共通部門
1629,1,2021-10,2021-10-31,121,10月1日～10月31日分仕入,10E100130,当期商品仕入高,343980,S,S,31270,,,020,東京支店,10B100040,買掛金,343980,O,O,0,12,株式会社泉川商事,000,共通部門
1629,2,2021-10,2021-10-31,121,10月1日～10月31日分仕入,10E100130,当期商品仕入高,6139437,S,S,558130,,,020,東京支店,10B100040,買掛金,6139437,O,O,0,1,株式会社北辰商事,000,共通部門
1629,3,2021-10,2021-10-31,121,10月1日～10月31日分仕入,10E100130,当期商品仕入高,4492889,S,S,408444,,,020,東京支店,10B100040,買掛金,4492889,O,O,0,11,株式会社花園商会,000,共通部門
1629,4,2021-10,2021-10-31,121,10月1日～10月31日分仕入,10E100130,当期商品仕入高,3016650,S,S,274240,,,020,東京支店,10B100040,買掛金,3016650,O,O,0,14,合同会社あかね商会,000,共通部門
1629,5,2021-10,2021-10-31,121,10月1日～10月31日分仕入,10E100130,当期商品仕入高,3323313,S,S,302119,,,020,東京支店,10B100040,買掛金,3323313,O,O,0,3,青凪商事株式会社,000,共通部門
1629,6,2021-10,2021-10-31,121,10月1日～10月31日分仕入,10E100130,当期商品仕入高,912870,S,S,82988,,,020,東京支店,10B100040,買掛金,912870,O,O,0,2,株式会社双葉物産,000,共通部門
1629,7,2021-10,2021-10-31,121,10月1日～10月31日分仕入,10E100130,当期商品仕入高,1345680,S,S,122334,,,020,東京支店,10B100040,買掛金,1345680,O,O,0,13,朝日野産業株式会社,000,共通部門
1629,8,2021-10,2021-10-31,121,10月1日～10月31日分仕入,10E100130,当期商品仕入高,226800,S,S,20618,,,020,東京支店,10B100040,買掛金,226800,O,O,0,8,株式会社白樺商事,000,共通部門
1630,1,2021-10,2021-10-31,122,10月1日～10月31日分仕入,10E100130,当期商品仕入高,3715740,S,S,337794,,,030,名古屋支店,10B100040,買掛金,3715740,O,O,0,7,株式会社夕凪商会,000,共通部門
1630,2,2021-10,2021-10-31,122,10月1日～10月31日分仕入,10E100130,当期商品仕入高,1859340,S,S,169030,,,030,名古屋支店,10B100040,買掛金,1859340,O,O,0,9,東原産業株式会社,000,共通部門
1630,3,2021-10,2021-10-31,122,10月1日～10月31日分仕入,10E100130,当期商品仕入高,1204980,S,S,109543,,,030,名古屋支店,10B100040,買掛金,1204980,O,O,0,15,株式会社麦穂商事,000,共通部門
1630,4,2021-10,2021-10-31,122,10月1日～10月31日分仕入,10E100130,当期商品仕入高,158760,S,S,14432,,,030,名古屋支店,10B100040,買掛金,158760,O,O,0,2,株式会社双葉物産,000,共通部門
1631,1,2021-10,2021-10-31,123,10月1日～10月31日分仕入,10E100130,当期商品仕入高,3677354,S,S,334304,,,040,大阪支店,10B100040,買掛金,3677354,O,O,0,6,株式会社日向産業,000,共通部門
1631,2,2021-10,2021-10-31,123,10月1日～10月31日分仕入,10E100130,当期商品仕入高,3215415,S,S,292310,,,040,大阪支店,10B100040,買掛金,3215415,O,O,0,10,光野販売株式会社,000,共通部門
1631,3,2021-10,2021-10-31,123,10月1日～10月31日分仕入,10E100130,当期商品仕入高,3923430,S,S,356675,,,040,大阪支店,10B100040,買掛金,3923430,O,O,0,5,千草商事株式会社,000,共通部門
1631,4,2021-10,2021-10-31,123,10月1日～10月31日分仕入,10E100130,当期商品仕入高,964740,S,S,87703,,,040,大阪支店,10B100040,買掛金,964740,O,O,0,4,株式会社和泉流通,000,共通部門
1631,5,2021-10,2021-10-31,123,10月1日～10月31日分仕入,10E100130,当期商品仕入高,126000,S,S,11454,,,040,大阪支店,10B100040,買掛金,126000,O,O,0,8,株式会社白樺商事,000,共通部門
1631,6,2021-10,2021-10-31,123,10月1日～10月31日分仕入,10E100130,当期商品仕入高,79380,S,S,7216,,,040,大阪支店,10B100040,買掛金,79380,O,O,0,2,株式会社双葉物産,000,共通部門
1632,1,2021-10,2021-10-31,124,10月1日～10月31日分仕入,10E100130,当期商品仕入高,79380,S,S,7216,,,050,九州営業所,10B100040,買掛金,79380,O,O,0,2,株式会社双葉物産,000,共通部門
1632,2,2021-10,2021-10-31,124,10月1日～10月31日分仕入,10E100130,当期商品仕入高,20160,S,S,1832,,,050,九州営業所,10B100040,買掛金,20160,O,O,0,8,株式会社白樺商事,000,共通部門
1633,1,2021-10,2021-10-31,125,10月31日伝票No267株式会社双葉物産,10B100040,買掛金,1241037,O,O,0,2,株式会社双葉物産,000,共通部門,10A100020,普通預金,1241037,O,O,0,20,ABC銀行 本店,000,共通部門
1634,1,2021-10,2021-10-31,126,10月31日伝票No270千草商事株式会社,10B100040,買掛金,3730512,O,O,0,5,千草商事株式会社,000,共通部門,10B100030,支払手形,3730512,O,O,0,,,000,共通部門
1635,1,2021-10,2021-10-31,127,10月31日伝票No272株式会社夕凪商会,10B100040,買掛金,3447035,O,O,0,7,株式会社夕凪商会,000,共通部門,10A100020,普通預金,3447035,O,O,0,20,ABC銀行 本店,000,共通部門
1636,1,2021-10,2021-10-31,128,10月31日伝票No277東原産業株式会社,10B100040,買掛金,1819272,O,O,0,9,東原産業株式会社,000,共通部門,10B100030,支払手形,1819272,O,O,0,,,000,共通部門
1637,1,2021-10,2021-10-31,129,10月31日伝票No280光野販売株式会社,10B100040,買掛金,3051222,O,O,0,10,光野販売株式会社,000,共通部門,10B100030,支払手形,3051222,O,O,0,,,000,共通部門
1638,1,2021-10,2021-10-31,130,10月31日伝票No281株式会社泉川商事,10B100040,買掛金,316537,O,O,0,12,株式会社泉川商事,000,共通部門,10A100020,普通預金,316537,O,O,0,20,ABC銀行 本店,000,共通部門
1639,1,2021-10,2021-10-31,131,10月31日伝票No283朝日野産業株式会社,10B100040,買掛金,1317476,O,O,0,13,朝日野産業株式会社,000,共通部門,10A100020,普通預金,1317476,O,O,0,20,ABC銀行 本店,000,共通部門
1640,1,2021-10,2021-10-31,132,10月31日伝票No284合同会社あかね商会,10B100040,買掛金,2868702,O,O,0,14,合同会社あかね商会,000,共通部門,10A100020,普通預金,2868702,O,O,0,20,ABC銀行 本店,000,共通部門
1641,1,2021-10,2021-10-31,133,10月31日伝票No287株式会社麦穂商事,10B100040,買掛金,1178376,O,O,0,15,株式会社麦穂商事,000,共通部門,10A100020,普通預金,1178376,O,O,0,20,ABC銀行 本店,000,共通部門
1642,1,2021-10,2021-10-31,135,手形期日落日 千草商事株式会社,10B100030,支払手形,3725574,O,O,0,,,000,共通部門,10A100020,当座預金,3725574,O,O,0,1,ABC銀行,000,共通部門
1642,2,2021-10,2021-10-31,135,手形期日落日 東原産業株式会社,10B100030,支払手形,1712425,O,O,0,,,000,共通部門,10A100020,当座預金,1712425,O,O,0,1,ABC銀行,000,共通部門
1642,3,2021-10,2021-10-31,135,手形期日落日 光野販売株式会社,10B100030,支払手形,3060500,O,O,0,,,000,共通部門,10A100020,当座預金,3060500,O,O,0,1,ABC銀行,000,共通部門
1643,1,2021-10,2021-10-31,137,手形満期 株式会社桜丘百貨店 | 手形番号=R20210725-109-2;受取額に決済額を訂正,10A100020,当座預金,14026610,O,O,0,1,ABC銀行,000,共通部門,10A100060,受取手形,14026610,O,O,0,,,000,共通部門
1644,1,2021-10,2021-10-31,138,手形満期 株式会社青葉百貨店 | 手形番号=R20210810-88-28;受取額に決済額を訂正,10A100020,当座預金,6131174,O,O,0,1,ABC銀行,000,共通部門,10A100060,受取手形,6131174,O,O,0,,,000,共通部門
1645,1,2021-10,2021-10-31,140,貸付金返済,10A100020,普通預金,40000,O,O,0,20,ABC銀行 本店,000,共通部門,10A100610,短期貸付金,40000,O,O,0,,,000,共通部門
1646,1,2021-10,2021-10-31,141,定期積立金,10A100020,定期積金,500000,O,O,0,,,000,共通部門,10A100020,普通預金,500000,O,O,0,20,ABC銀行 本店,000,共通部門
1646,2,2021-10,2021-10-31,141,保険積立金,10A230570,保険積立金,125000,O,O,0,,,000,共通部門,10A100020,普通預金,125000,O,O,0,20,ABC銀行 本店,000,共通部門
1647,1,2021-10,2021-10-31,142,借入金返済,10B100790,短期借入金,653500,O,O,0,,,000,共通部門,10A100020,当座預金,653500,O,O,0,1,ABC銀行,000,共通部門
1647,2,2021-10,2021-10-31,142,利息,10E300020,支払利息,32675,E,E,0,,,020,東京支店,10A100020,当座預金,32675,O,O,0,1,ABC銀行,000,共通部門
1648,1,2021-10,2021-10-31,145,運賃,10E200870,運賃,152700,S,S,13881,,,050,九州営業所,10B100630,未払金,152700,O,O,0,,,000,共通部門
1604,1,2021-10,2021-10-31,36,運賃 架空運送会社A,10E200870,運賃,1633000,S,S,148454,,,020,東京支店,10B100630,未払金,1633000,O,O,0,,,000,共通部門
1604,2,2021-10,2021-10-31,36,運賃 架空運送会社B,10E200870,運賃,922305,S,S,83845,,,020,東京支店,10B100630,未払金,922305,O,O,0,,,000,共通部門
1605,1,2021-10,2021-10-31,40,広告掲載,10E200050,広告宣伝費,50000,S,S,4545,,,020,東京支店,10B100630,未払金,50000,O,O,0,,,000,共通部門
1606,1,2021-10,2021-10-31,49,ガソリン代,10E201120,車両費,163470,S,S,14860,,,020,東京支店,10A100020,現金,163470,O,O,0,,,000,共通部門
1607,1,2021-10,2021-10-31,63,保険料,10E200240,保険料,81000,E,E,0,,,020,東京支店,10A100020,普通預金,81000,O,O,0,20,ABC銀行 本店,000,共通部門
1608,1,2021-10,2021-10-31,66,リース料,10E200730,借地借家料,209850,S,S,19077,,,020,東京支店,10A100020,普通預金,209850,O,O,0,20,ABC銀行 本店,000,共通部門
1609,1,2021-10,2021-10-31,67,会費支払い,10E201140,諸会費,30000,O,O,0,,,020,東京支店,10A100020,現金,30000,O,O,0,,,000,共通部門
1610,1,2021-10,2021-10-31,70,保険料,10E200240,保険料,62000,E,E,0,,,030,名古屋支店,10A100020,普通預金,62000,O,O,0,30,GHI銀行 名古屋,000,共通部門
1611,1,2021-10,2021-10-31,71,保険料支払い,10E200240,保険料,57000,E,E,0,,,050,九州営業所,10A100020,普通預金,57000,O,O,0,50,MNO銀行 北九州,000,共通部門
1612,1,2021-10,2021-10-31,77,運賃,10E200870,運賃,172850,S,S,15713,,,030,名古屋支店,10B100630,未払金,172850,O,O,0,,,000,共通部門
1613,1,2021-10,2021-10-31,80,消耗品費　部門配賦,10E200200,消耗品費,27000,O,O,0,,,010,札幌営業所,10E200200,消耗品費,27000,O,O,0,,,000,共通部門
1613,2,2021-10,2021-10-31,80,消耗品費　部門配賦,10E200200,消耗品費,117824,O,O,0,,,020,東京支店,10E200200,消耗品費,117824,O,O,0,,,000,共通部門
1613,3,2021-10,2021-10-31,80,消耗品費　部門配賦,10E200200,消耗品費,24546,O,O,0,,,030,名古屋支店,10E200200,消耗品費,24546,O,O,0,,,000,共通部門
1613,4,2021-10,2021-10-31,80,消耗品費　部門配賦,10E200200,消耗品費,58910,O,O,0,,,040,大阪支店,10E200200,消耗品費,58910,O,O,0,,,000,共通部門
1613,5,2021-10,2021-10-31,80,消耗品費　部門配賦,10E200200,消耗品費,17182,O,O,0,,,050,九州営業所,10E200200,消耗品費,17182,O,O,0,,,000,共通部門
1614,1,2021-10,2021-10-31,81,お茶代,10E200140,福利厚生費,20500,S,S,1863,,,030,名古屋支店,10B100630,未払金,20500,O,O,0,,,000,共通部門
1615,1,2021-10,2021-10-31,82,9月分支払,10B100630,未払金,6788142,O,O,0,,,000,共通部門,10A100020,普通預金,6788142,O,O,0,20,ABC銀行 本店,000,共通部門
1616,1,2021-10,2021-10-31,99,運賃,10E200870,運賃,714120,S,S,64920,,,040,大阪支店,10B100630,未払金,714120,O,O,0,,,000,共通部門
1649,1,2021-10,2021-10-31,990007,サンプル定義：賞与半年均等引当 202110 部門010,10E200130,賞与,190000,O,O,0,,,010,札幌営業所,10B100320,賞与引当金,190000,O,O,0,,,010,札幌営業所
1649,2,2021-10,2021-10-31,990007,サンプル定義：賞与半年均等引当 202110 部門020,10E200130,賞与,451667,O,O,0,,,020,東京支店,10B100320,賞与引当金,451667,O,O,0,,,020,東京支店
1649,3,2021-10,2021-10-31,990007,サンプル定義：賞与半年均等引当 202110 部門030,10E200130,賞与,178333,O,O,0,,,030,名古屋支店,10B100320,賞与引当金,178333,O,O,0,,,030,名古屋支店
1649,4,2021-10,2021-10-31,990007,サンプル定義：賞与半年均等引当 202110 部門040,10E200130,賞与,216667,O,O,0,,,040,大阪支店,10B100320,賞与引当金,216667,O,O,0,,,040,大阪支店
1649,5,2021-10,2021-10-31,990007,サンプル定義：賞与半年均等引当 202110 部門050,10E200130,賞与,136667,O,O,0,,,050,九州営業所,10B100320,賞与引当金,136667,O,O,0,,,050,九州営業所
