Transaction_Date,Description,Ledger_Account_Number,Ledger_Account_Name,Subaccount_Code,Subaccount_Name,Department_Code,Department_Name,Debit_Amount,Credit_Amount,Counterpart_Account_Number,Counterpart_Account_Name,Counterpart_Subaccount_Code,Counterpart_Subaccount_Name,Counterpart_Department_Code,Counterpart_Department_Name,Balance,Month
2021-05-01,* 月初残高,10A100020,現金及び預金,,,,,0,0,,,,,,,8476853,2021-05
2021-05-01,* 月初残高,10E201230,旅費及び交通費,,,,,0,0,,,,,,,1012406,2021-05
2021-05-01,* 月初残高,10E200180,通信費,,,,,0,0,,,,,,,1314451,2021-05
2021-05-01,* 月初残高,10E201120,車両費,,,,,0,0,,,,,,,614477,2021-05
2021-05-01,* 月初残高,10E201270,雑費,,,,,0,0,,,,,,,477559,2021-05
2021-05-01,* 月初残高,10E201110,事務用消耗品費,,,,,0,0,,,,,,,142108,2021-05
2021-05-01,* 月初残高,10E200150,交際費,,,,,0,0,,,,,,,387529,2021-05
2021-05-01,* 月初残高,10E200600,支払報酬,,,,,0,0,,,,,,,139710,2021-05
2021-05-01,* 月初残高,10B100630,未払金,,,,,0,0,,,,,,,-157288,2021-05
2021-05-01,* 月初残高,10E200140,福利厚生費,,,,,0,0,,,,,,,302784,2021-05
2021-05-01,* 月初残高,10A100090,売掛金,,,,,0,0,,,,,,,-37832737,2021-05
2021-05-01,* 月初残高,10E200690,支払手数料,,,,,0,0,,,,,,,10552,2021-05
2021-05-01,* 月初残高,10E200210,租税公課,,,,,0,0,,,,,,,56000,2021-05
2021-05-01,* 月初残高,10E200720,地代家賃,,,,,0,0,,,,,,,3449000,2021-05
2021-05-01,* 月初残高,10E201130,会議費,,,,,0,0,,,,,,,24995,2021-05
2021-05-01,* 月初残高,10B100690,預り金,,,,,0,0,,,,,,,586897,2021-05
2021-05-01,* 月初残高,10A100060,受取手形,,,,,0,0,,,,,,,14999059,2021-05
2021-05-01,* 月初残高,10B100040,買掛金,,,,,0,0,,,,,,,-16437237,2021-05
2021-05-01,* 月初残高,10B100030,支払手形,,,,,0,0,,,,,,,1923008,2021-05
2021-05-01,* 月初残高,10E201140,諸会費,,,,,0,0,,,,,,,116000,2021-05
2021-05-01,* 月初残高,10E200520,雑給,,,,,0,0,,,,,,,396465,2021-05
2021-05-01,* 月初残高,10E200050,広告宣伝費,,,,,0,0,,,,,,,191500,2021-05
2021-05-01,* 月初残高,10E201040,水道光熱費,,,,,0,0,,,,,,,615042,2021-05
2021-05-01,* 月初残高,10E300020,支払利息,,,,,0,0,,,,,,,91057,2021-05
2021-05-01,* 月初残高,10E200200,消耗品費,,,,,0,0,,,,,,,352077,2021-05
2021-05-01,* 月初残高,10E201160,図書費,,,,,0,0,,,,,,,24982,2021-05
2021-05-01,* 月初残高,10E200020,販売手数料,,,,,0,0,,,,,,,2266000,2021-05
2021-05-01,* 月初残高,10E200090,役員報酬,,,,,0,0,,,,,,,7422352,2021-05
2021-05-01,* 月初残高,10E201000,修繕維持費,,,,,0,0,,,,,,,35850,2021-05
2021-05-01,* 月初残高,10E200870,運賃,,,,,0,0,,,,,,,3580147,2021-05
2021-05-01,* 月初残高,10E200240,保険料,,,,,0,0,,,,,,,318820,2021-05
2021-05-01,* 月初残高,10E200730,借地借家料,,,,,0,0,,,,,,,293850,2021-05
2021-05-01,* 月初残高,10E200540,法定福利費,,,,,0,0,,,,,,,743926,2021-05
2021-05-01,* 月初残高,10D100102,電子取引以外売上高,,,,,0,0,,,,,,,60505552,2021-05
2021-05-01,* 月初残高,10D100112,電子取引以外売上値引及び戻り高,,,,,0,0,,,,,,,143456,2021-05
2021-05-01,* 月初残高,10D100111,電子取引売上値引及び戻り高,,,,,0,0,,,,,,,24480,2021-05
2021-05-01,* 月初残高,10E100132,電子取引以外当期商品仕入高,,,,,0,0,,,,,,,23205448,2021-05
2021-05-01,* 月初残高,10E100131,電子取引当期商品仕入高,,,,,0,0,,,,,,,12286234,2021-05
2021-05-01,* 月初残高,10A100610,短期貸付金,,,,,0,0,,,,,,,-40000,2021-05
2021-05-01,* 月初残高,10A230570,保険積立金,,,,,0,0,,,,,,,125000,2021-05
2021-05-01,* 月初残高,10B100790,短期借入金,,,,,0,0,,,,,,,-653500,2021-05
2021-05-01,* 月初残高,10E200370,給料及び手当,,,,,0,0,,,,,,,0,2021-05
2021-05-01,* 月初残高,10D100101,電子取引売上高,,,,,0,0,,,,,,,0,2021-05
2021-05-01,* 月初残高,10B100640,未払法人税等,,,,,0,0,,,,,,,0,2021-05
2021-05-01,* 月初残高,10B100650,未払事業所税,,,,,0,0,,,,,,,0,2021-05
2021-05-01,* 月初残高,10B100660,未払消費税等,,,,,0,0,,,,,,,0,2021-05
2021-05-01,* 月初残高,10E200130,賞与,,,,,0,0,,,,,,,0,2021-05
2021-05-01,* 月初残高,10A100200,電子記録債権,,,,,0,0,,,,,,,0,2021-05
2021-05-01,* 月初残高,10A100280,商品,,,,,0,0,,,,,,,0,2021-05
2021-05-01,* 月初残高,10E100140,商品期末たな卸高,,,,,0,0,,,,,,,0,2021-05
2021-05-01,* 月初残高,10A210130,構築物,,,,,0,0,,,,,,,0,2021-05
2021-05-01,* 月初残高,10E200220,減価償却費,,,,,0,0,,,,,,,0,2021-05
2021-05-01,* 月初残高,10B200080,長期借入金,,,,,0,0,,,,,,,0,2021-05
2021-05-01,* 月初残高,10E100100,商品期首たな卸高,,,,,0,0,,,,,,,0,2021-05
2021-05-01,制服代,10B100630,未払金,,,,,0,53500,10E200140,福利厚生費,,,,,-103788,2021-05
2021-05-01,制服代,10E200140,福利厚生費,,,,,53500,0,10B100630,未払金,,,,,356284,2021-05
2021-05-01,旅費,10A100020,現金及び預金,,,,,0,24800,10E201230,旅費及び交通費,,,,,8452053,2021-05
2021-05-01,旅費,10E201230,旅費及び交通費,,,,,24800,0,10A100020,現金及び預金,,,,,1037206,2021-05
2021-05-02,証明書発行手数料,10A100020,現金及び預金,,,,,0,1050,10E200180,通信費,,,,,8451003,2021-05
2021-05-02,証明書発行手数料,10E200180,通信費,,,,,1050,0,10A100020,現金及び預金,,,,,1315501,2021-05
2021-05-02,収入印紙,10A100020,現金及び預金,,,,,0,6000,10E200210,租税公課,,,,,8445003,2021-05
2021-05-02,収入印紙,10E200210,租税公課,,,,,6000,0,10A100020,現金及び預金,,,,,62000,2021-05
2021-05-02,制服代,10B100630,未払金,,,,,0,70325,10E200140,福利厚生費,,,,,-33463,2021-05
2021-05-02,制服代,10E200140,福利厚生費,,,,,70325,0,10B100630,未払金,,,,,426609,2021-05
2021-05-03,ガソリン代,10A100020,現金及び預金,,,,,0,3642,10E201120,車両費,,,,,8441361,2021-05
2021-05-03,ガソリン代,10E201120,車両費,,,,,3642,0,10A100020,現金及び預金,,,,,618119,2021-05
2021-05-03,旅費,10A100020,現金及び預金,,,,,0,15000,10E201230,旅費及び交通費,,,,,8426361,2021-05
2021-05-03,旅費,10E201230,旅費及び交通費,,,,,15000,0,10A100020,現金及び預金,,,,,1052206,2021-05
2021-05-05,制服代,10B100630,未払金,,,,,0,55630,10E200140,福利厚生費,,,,,22167,2021-05
2021-05-05,制服代,10E200140,福利厚生費,,,,,55630,0,10B100630,未払金,,,,,482239,2021-05
2021-05-05,旅費,10A100020,現金及び預金,,,,,0,41500,10E201230,旅費及び交通費,,,,,8384861,2021-05
2021-05-05,旅費,10E201230,旅費及び交通費,,,,,41500,0,10A100020,現金及び預金,,,,,1093706,2021-05
2021-05-05,タクシー代,10A100020,現金及び預金,,,,,0,9500,10E201230,旅費及び交通費,,,,,8375361,2021-05
2021-05-05,タクシー代,10E201230,旅費及び交通費,,,,,9500,0,10A100020,現金及び預金,,,,,1103206,2021-05
2021-05-05,5月5日伝票No207株式会社 渡辺産業,10A100020,現金及び預金,50,福岡 北九州,,,1093065,0,10A100090,売掛金,22,㈱渡辺産業,,,9468426,2021-05
2021-05-05,5月5日伝票No207株式会社 渡辺産業,10A100090,売掛金,22,㈱渡辺産業,,,0,1093065,10A100020,現金及び預金,50,福岡 北九州,,,-38925802,2021-05
2021-05-05,5月5日伝票No207株式会社 渡辺産業,10A100090,売掛金,22,㈱渡辺産業,,,0,472,10E200690,支払手数料,,,,,-38926274,2021-05
2021-05-05,5月5日伝票No207株式会社 渡辺産業,10E200690,支払手数料,,,,,472,0,10A100090,売掛金,22,㈱渡辺産業,,,11024,2021-05
2021-05-05,5月5日伝票No208佐々木販売株式会社,10A100020,現金及び預金,20,みずほ 本店,,,2639935,0,10A100090,売掛金,26,佐々木販売㈱,,,12108361,2021-05
2021-05-05,5月5日伝票No208佐々木販売株式会社,10A100090,売掛金,26,佐々木販売㈱,,,0,2639935,10A100020,現金及び預金,20,みずほ 本店,,,-41566209,2021-05
2021-05-05,5月5日伝票No208佐々木販売株式会社,10A100090,売掛金,26,佐々木販売㈱,,,0,630,10E200690,支払手数料,,,,,-41566839,2021-05
2021-05-05,5月5日伝票No208佐々木販売株式会社,10E200690,支払手数料,,,,,630,0,10A100090,売掛金,26,佐々木販売㈱,,,11654,2021-05
2021-05-05,5月5日伝票No209岩下物産株式会社,10A100020,現金及び預金,30,三井 名古屋,,,1358887,0,10A100090,売掛金,27,岩下物産㈱,,,13467248,2021-05
2021-05-05,5月5日伝票No209岩下物産株式会社,10A100090,売掛金,27,岩下物産㈱,,,0,1358887,10A100020,現金及び預金,30,三井 名古屋,,,-42925726,2021-05
2021-05-06,食事代,10A100020,現金及び預金,,,,,0,14352,10E200150,交際費,,,,,13452896,2021-05
2021-05-06,食事代,10E200150,交際費,,,,,14352,0,10A100020,現金及び預金,,,,,401881,2021-05
2021-05-06,タクシー代,10A100020,現金及び預金,,,,,0,3290,10E201230,旅費及び交通費,,,,,13449606,2021-05
2021-05-06,タクシー代,10E201230,旅費及び交通費,,,,,3290,0,10A100020,現金及び預金,,,,,1106496,2021-05
2021-05-06,税理士報酬,10A100020,現金及び預金,20,みずほ 本店,,,0,139710,10E200600,支払報酬,,,,,13309896,2021-05
2021-05-06,税理士報酬,10E200600,支払報酬,,,,,139710,0,10A100020,現金及び預金,20,みずほ 本店,,,279420,2021-05
2021-05-06,旅費,10A100020,現金及び預金,,,,,0,41000,10E201230,旅費及び交通費,,,,,13268896,2021-05
2021-05-06,旅費,10E201230,旅費及び交通費,,,,,41000,0,10A100020,現金及び預金,,,,,1147496,2021-05
2021-05-06,食事代 今井百貨店2名,10A100020,現金及び預金,,,,,0,16650,10E200150,交際費,,,,,13252246,2021-05
2021-05-06,食事代 今井百貨店2名,10E200150,交際費,,,,,16650,0,10A100020,現金及び預金,,,,,418531,2021-05
2021-05-07,差し入れ,10A100020,現金及び預金,,,,,0,1050,10E200150,交際費,,,,,13251196,2021-05
2021-05-07,差し入れ,10E200150,交際費,,,,,1050,0,10A100020,現金及び預金,,,,,419581,2021-05
2021-05-07,出張旅費,10A100020,現金及び預金,,,,,0,10300,10E201230,旅費及び交通費,,,,,13240896,2021-05
2021-05-07,出張旅費,10E201230,旅費及び交通費,,,,,10300,0,10A100020,現金及び預金,,,,,1157796,2021-05
2021-05-07,旅費,10A100020,現金及び預金,,,,,0,50000,10E201230,旅費及び交通費,,,,,13190896,2021-05
2021-05-07,旅費,10E201230,旅費及び交通費,,,,,50000,0,10A100020,現金及び預金,,,,,1207796,2021-05
2021-05-07,JR代,10A100020,現金及び預金,,,,,0,97800,10E201230,旅費及び交通費,,,,,13093096,2021-05
2021-05-07,JR代,10E201230,旅費及び交通費,,,,,97800,0,10A100020,現金及び預金,,,,,1305596,2021-05
2021-05-07,旅費,10A100020,現金及び預金,,,,,0,70000,10E201230,旅費及び交通費,,,,,13023096,2021-05
2021-05-07,旅費,10E201230,旅費及び交通費,,,,,70000,0,10A100020,現金及び預金,,,,,1375596,2021-05
2021-05-07,洗剤代他,10A100020,現金及び預金,,,,,0,2398,10E201270,雑費,,,,,13020698,2021-05
2021-05-07,洗剤代他,10E201270,雑費,,,,,2398,0,10A100020,現金及び預金,,,,,479957,2021-05
2021-05-07,旅費,10A100020,現金及び預金,,,,,0,10000,10E201230,旅費及び交通費,,,,,13010698,2021-05
2021-05-07,旅費,10E201230,旅費及び交通費,,,,,10000,0,10A100020,現金及び預金,,,,,1385596,2021-05
2021-05-08,駐車代,10A100020,現金及び預金,,,,,0,762,10E201120,車両費,,,,,13009936,2021-05
2021-05-08,ガソリン代,10A100020,現金及び預金,,,,,0,6810,10E201120,車両費,,,,,13003126,2021-05
2021-05-08,駐車代,10E201120,車両費,,,,,762,0,10A100020,現金及び預金,,,,,618881,2021-05
2021-05-08,ガソリン代,10E201120,車両費,,,,,6810,0,10A100020,現金及び預金,,,,,625691,2021-05
2021-05-08,ガソリン代,10B100630,未払金,,,,,0,6642,10E201120,車両費,,,,,28809,2021-05
2021-05-08,ガソリン代,10E201120,車両費,,,,,6642,0,10B100630,未払金,,,,,632333,2021-05
2021-05-08,引き出し,10A100020,現金及び預金,,,,,1000000,0,10A100020,現金及び預金,20,みずほ 本店,,,14003126,2021-05
2021-05-08,引き出し,10A100020,現金及び預金,20,みずほ 本店,,,0,1000000,10A100020,現金及び預金,,,,,13003126,2021-05
2021-05-08,夏用ワイパー代,10A100020,現金及び預金,,,,,0,7560,10E201120,車両費,,,,,12995566,2021-05
2021-05-08,ウォッシャー液,10A100020,現金及び預金,,,,,0,340,10E201120,車両費,,,,,12995226,2021-05
2021-05-08,夏用ワイパー代,10E201120,車両費,,,,,7560,0,10A100020,現金及び預金,,,,,639893,2021-05
2021-05-08,ウォッシャー液,10E201120,車両費,,,,,340,0,10A100020,現金及び預金,,,,,640233,2021-05
2021-05-08,出産祝い,10A100020,現金及び預金,,,,,0,10000,10E200150,交際費,,,,,12985226,2021-05
2021-05-08,出産祝い,10E200150,交際費,,,,,10000,0,10A100020,現金及び預金,,,,,429581,2021-05
2021-05-08,コーヒー代2名,10A100020,現金及び預金,,,,,0,1200,10E200150,交際費,,,,,12984026,2021-05
2021-05-08,コーヒー代2名,10E200150,交際費,,,,,1200,0,10A100020,現金及び預金,,,,,430781,2021-05
2021-05-09,切手代,10A100020,現金及び預金,,,,,0,47680,10E200180,通信費,,,,,12936346,2021-05
2021-05-09,切手代,10E200180,通信費,,,,,47680,0,10A100020,現金及び預金,,,,,1363181,2021-05
2021-05-10,株式会社 チェック,10A100020,現金及び預金,1,みずほ銀行,,,0,5177928,10B100030,支払手形,,,,,7758418,2021-05
2021-05-10,株式会社 チェック,10B100030,支払手形,,,,,5177928,0,10A100020,現金及び預金,1,みずほ銀行,,,-3254920,2021-05
2021-05-10,JR代,10A100020,現金及び預金,,,,,0,45000,10E201230,旅費及び交通費,,,,,7713418,2021-05
2021-05-10,JR代,10E201230,旅費及び交通費,,,,,45000,0,10A100020,現金及び預金,,,,,1430596,2021-05
2021-05-10,飲食代 博多亭4名,10A100020,現金及び預金,,,,,0,24064,10E200150,交際費,,,,,7689354,2021-05
2021-05-10,収入印紙,10A100020,現金及び預金,,,,,0,20000,10E200210,租税公課,,,,,7669354,2021-05
2021-05-10,飲食代 博多亭4名,10E200150,交際費,,,,,24064,0,10A100020,現金及び預金,,,,,454845,2021-05
2021-05-10,収入印紙,10E200210,租税公課,,,,,20000,0,10A100020,現金及び預金,,,,,82000,2021-05
2021-05-10,会議 食事代,10A100020,現金及び預金,,,,,0,31520,10E201130,会議費,,,,,7637834,2021-05
2021-05-10,会議 食事代,10E201130,会議費,,,,,31520,0,10A100020,現金及び預金,,,,,56515,2021-05
2021-05-10,有線,10B100630,未払金,,,,,0,6000,10E201270,雑費,,,,,34809,2021-05
2021-05-10,警備料,10B100630,未払金,,,,,0,42858,10E201270,雑費,,,,,77667,2021-05
2021-05-10,有線,10E201270,雑費,,,,,6000,0,10B100630,未払金,,,,,485957,2021-05
2021-05-10,警備料,10E201270,雑費,,,,,42858,0,10B100630,未払金,,,,,528815,2021-05
2021-05-10,JR代,10A100020,現金及び預金,,,,,0,82400,10E201230,旅費及び交通費,,,,,7555434,2021-05
2021-05-10,JR代,10E201230,旅費及び交通費,,,,,82400,0,10A100020,現金及び預金,,,,,1512996,2021-05
2021-05-10,ガソリン代,10A100020,現金及び預金,,,,,0,2858,10E201120,車両費,,,,,7552576,2021-05
2021-05-10,駐車代,10A100020,現金及び預金,,,,,0,1429,10E201120,車両費,,,,,7551147,2021-05
2021-05-10,高速代,10A100020,現金及び預金,,,,,0,6448,10E201120,車両費,,,,,7544699,2021-05
2021-05-10,ガソリン代,10E201120,車両費,,,,,2858,0,10A100020,現金及び預金,,,,,643091,2021-05
2021-05-10,駐車代,10E201120,車両費,,,,,1429,0,10A100020,現金及び預金,,,,,644520,2021-05
2021-05-10,高速代,10E201120,車両費,,,,,6448,0,10A100020,現金及び預金,,,,,650968,2021-05
2021-05-10,源泉税支払,10A100020,現金及び預金,20,みずほ 本店,,,0,264713,10B100690,預り金,3,源泉税,,,7279986,2021-05
2021-05-10,住民税支払,10A100020,現金及び預金,20,みずほ 本店,,,0,475200,10B100690,預り金,2,住民税,,,6804786,2021-05
2021-05-10,源泉税支払,10B100690,預り金,3,源泉税,,,264713,0,10A100020,現金及び預金,20,みずほ 本店,,,322184,2021-05
2021-05-10,住民税支払,10B100690,預り金,2,住民税,,,475200,0,10A100020,現金及び預金,20,みずほ 本店,,,-153016,2021-05
2021-05-10,有線,10B100630,未払金,,,,,0,5000,10E201270,雑費,,,,,82667,2021-05
2021-05-10,警備料,10B100630,未払金,,,,,0,34286,10E201270,雑費,,,,,116953,2021-05
2021-05-10,有線,10E201270,雑費,,,,,5000,0,10B100630,未払金,,,,,533815,2021-05
2021-05-10,警備料,10E201270,雑費,,,,,34286,0,10B100630,未払金,,,,,568101,2021-05
2021-05-10,ティッシュ他,10A100020,現金及び預金,,,,,0,976,10E201270,雑費,,,,,6803810,2021-05
2021-05-10,ティッシュ他,10E201270,雑費,,,,,976,0,10A100020,現金及び預金,,,,,569077,2021-05
2021-05-10,5月10日伝票No210株式会社 ミナミ,10A100020,現金及び預金,30,三井 名古屋,,,1879080,0,10A100090,売掛金,19,㈱ﾐﾅﾐ,,,8682890,2021-05
2021-05-10,5月10日伝票No210株式会社 ミナミ,10A100090,売掛金,19,㈱ﾐﾅﾐ,,,0,1879080,10A100020,現金及び預金,30,三井 名古屋,,,-44804806,2021-05
2021-05-10,5月10日伝票No210株式会社 ミナミ,10A100090,売掛金,19,㈱ﾐﾅﾐ,,,0,735,10E200690,支払手数料,,,,,-44805541,2021-05
2021-05-10,5月10日伝票No210株式会社 ミナミ,10E200690,支払手数料,,,,,735,0,10A100090,売掛金,19,㈱ﾐﾅﾐ,,,12389,2021-05
2021-05-10,5月10日伝票No211かめだデパート,10A100060,受取手形,,,,,8368392,0,10A100090,売掛金,28,かめだﾃﾞﾊﾟｰﾄ,,,23367451,2021-05
2021-05-10,5月10日伝票No211かめだデパート,10A100090,売掛金,28,かめだﾃﾞﾊﾟｰﾄ,,,0,8368392,10A100060,受取手形,,,,,-53173933,2021-05
2021-05-10,5月10日伝票No473株式会社 チェック,10A100090,売掛金,3,㈱ﾁｪｯｸ,,,0,1557106,10B100040,買掛金,3,㈱ﾁｪｯｸ,,,-54731039,2021-05
2021-05-10,5月10日伝票No473株式会社 チェック,10B100040,買掛金,3,㈱ﾁｪｯｸ,,,1557106,0,10A100090,売掛金,3,㈱ﾁｪｯｸ,,,-17994343,2021-05
2021-05-10,5月10日伝票No495株式会社 藤田東京本社,10A100020,現金及び預金,20,みずほ 本店,,,14443697,0,10A100090,売掛金,14,㈱藤田,,,23126587,2021-05
2021-05-10,5月10日伝票No495株式会社 藤田東京本社,10A100090,売掛金,14,㈱藤田,,,0,14443697,10A100020,現金及び預金,20,みずほ 本店,,,-69174736,2021-05
2021-05-10,5月10日伝票No495株式会社 藤田東京本社,10A100090,売掛金,14,㈱藤田,,,0,840,10E200690,支払手数料,,,,,-69175576,2021-05
2021-05-10,5月10日伝票No495株式会社 藤田東京本社,10E200690,支払手数料,,,,,840,0,10A100090,売掛金,14,㈱藤田,,,13229,2021-05
2021-05-10,5月10日伝票No137株式会社 チェック,10B100030,支払手形,,,,,0,1379646,10B100040,買掛金,3,㈱ﾁｪｯｸ,,,-1875274,2021-05
2021-05-10,5月10日伝票No137株式会社 チェック,10B100040,買掛金,3,㈱ﾁｪｯｸ,,,1379646,0,10B100030,支払手形,,,,,-19373989,2021-05
2021-05-10,5月10日伝票No139株式会社 山下,10A100020,現金及び預金,20,みずほ 本店,,,0,634838,10B100040,買掛金,8,㈱山下,,,22491749,2021-05
2021-05-10,5月10日伝票No139株式会社 山下,10B100040,買掛金,8,㈱山下,,,634838,0,10A100020,現金及び預金,20,みずほ 本店,,,-20008827,2021-05
2021-05-11,電話代,10A100020,現金及び預金,40,三菱東京 梅田,,,0,196354,10E200180,通信費,,,,,22295395,2021-05
2021-05-11,電話代,10E200180,通信費,,,,,196354,0,10A100020,現金及び預金,40,三菱東京 梅田,,,1559535,2021-05
2021-05-11,家賃支払い,10A100020,現金及び預金,30,三井 名古屋,,,0,399000,10E200720,地代家賃,,,,,21896395,2021-05
2021-05-11,家賃支払い,10E200720,地代家賃,,,,,399000,0,10A100020,現金及び預金,30,三井 名古屋,,,3848000,2021-05
2021-05-11,コーヒー代2名,10A100020,現金及び預金,,,,,0,1260,10E200150,交際費,,,,,21895135,2021-05
2021-05-11,コーヒー代2名,10E200150,交際費,,,,,1260,0,10A100020,現金及び預金,,,,,456105,2021-05
2021-05-11,家賃支払い,10A100020,現金及び預金,50,福岡 北九州,,,0,630000,10E200720,地代家賃,,,,,21265135,2021-05
2021-05-11,電話代,10A100020,現金及び預金,50,福岡 北九州,,,0,153452,10E200180,通信費,,,,,21111683,2021-05
2021-05-11,電話代,10E200180,通信費,,,,,153452,0,10A100020,現金及び預金,50,福岡 北九州,,,1712987,2021-05
2021-05-11,家賃支払い,10E200720,地代家賃,,,,,630000,0,10A100020,現金及び預金,50,福岡 北九州,,,4478000,2021-05
2021-05-11,家賃支払い,10A100020,現金及び預金,10,北海道 駅前,,,0,320000,10E200720,地代家賃,,,,,20791683,2021-05
2021-05-11,電話代,10A100020,現金及び預金,10,北海道 駅前,,,0,186152,10E200180,通信費,,,,,20605531,2021-05
2021-05-11,電話代,10E200180,通信費,,,,,186152,0,10A100020,現金及び預金,10,北海道 駅前,,,1899139,2021-05
2021-05-11,家賃支払い,10E200720,地代家賃,,,,,320000,0,10A100020,現金及び預金,10,北海道 駅前,,,4798000,2021-05
2021-05-11,電話代,10A100020,現金及び預金,20,みずほ 本店,,,0,184264,10E200180,通信費,,,,,20421267,2021-05
2021-05-11,電話代,10E200180,通信費,,,,,184264,0,10A100020,現金及び預金,20,みずほ 本店,,,2083403,2021-05
2021-05-11,引き出し,10A100020,現金及び預金,,,,,1000000,0,10A100020,現金及び預金,20,みずほ 本店,,,21421267,2021-05
2021-05-11,引き出し,10A100020,現金及び預金,20,みずほ 本店,,,0,1000000,10A100020,現金及び預金,,,,,20421267,2021-05
2021-05-11,家賃支払,10A100020,現金及び預金,20,みずほ 本店,,,0,1260000,10E200720,地代家賃,,,,,19161267,2021-05
2021-05-11,家賃支払,10E200720,地代家賃,,,,,1260000,0,10A100020,現金及び預金,20,みずほ 本店,,,6058000,2021-05
2021-05-11,家賃支払,10A100020,現金及び預金,40,三菱東京 梅田,,,0,840000,10E200720,地代家賃,,,,,18321267,2021-05
2021-05-11,家賃支払,10E200720,地代家賃,,,,,840000,0,10A100020,現金及び預金,40,三菱東京 梅田,,,6898000,2021-05
2021-05-11,食事代,10A100020,現金及び預金,,,,,0,26530,10E200150,交際費,,,,,18294737,2021-05
2021-05-11,食事代,10E200150,交際費,,,,,26530,0,10A100020,現金及び預金,,,,,482635,2021-05
2021-05-11,電話代,10A100020,現金及び預金,30,三井 名古屋,,,0,95247,10E200180,通信費,,,,,18199490,2021-05
2021-05-11,電話代,10E200180,通信費,,,,,95247,0,10A100020,現金及び預金,30,三井 名古屋,,,2178650,2021-05
2021-05-12,収入印紙,10A100020,現金及び預金,,,,,0,40000,10E200210,租税公課,,,,,18159490,2021-05
2021-05-12,収入印紙,10E200210,租税公課,,,,,40000,0,10A100020,現金及び預金,,,,,122000,2021-05
2021-05-12,点検作業料,10A100020,現金及び預金,,,,,0,24420,10E201120,車両費,,,,,18135070,2021-05
2021-05-12,点検作業料,10E201120,車両費,,,,,24420,0,10A100020,現金及び預金,,,,,675388,2021-05
2021-05-12,飲食代 串揚げ千本2名,10A100020,現金及び預金,,,,,0,8991,10E200150,交際費,,,,,18126079,2021-05
2021-05-12,飲食代 スナック北新地,10A100020,現金及び預金,,,,,0,21000,10E200150,交際費,,,,,18105079,2021-05
2021-05-12,飲食代 串揚げ千本2名,10E200150,交際費,,,,,8991,0,10A100020,現金及び預金,,,,,491626,2021-05
2021-05-12,飲食代 スナック北新地,10E200150,交際費,,,,,21000,0,10A100020,現金及び預金,,,,,512626,2021-05
2021-05-12,旅費,10A100020,現金及び預金,,,,,0,15715,10E201230,旅費及び交通費,,,,,18089364,2021-05
2021-05-12,旅費,10A100020,現金及び預金,,,,,0,67715,10E201230,旅費及び交通費,,,,,18021649,2021-05
2021-05-12,旅費,10A100020,現金及び預金,,,,,0,37905,10E201230,旅費及び交通費,,,,,17983744,2021-05
2021-05-12,旅費,10E201230,旅費及び交通費,,,,,15715,0,10A100020,現金及び預金,,,,,1528711,2021-05
2021-05-12,旅費,10E201230,旅費及び交通費,,,,,67715,0,10A100020,現金及び預金,,,,,1596426,2021-05
2021-05-12,旅費,10E201230,旅費及び交通費,,,,,37905,0,10A100020,現金及び預金,,,,,1634331,2021-05
2021-05-13,コーヒー代他3名,10A100020,現金及び預金,,,,,0,3150,10E200150,交際費,,,,,17980594,2021-05
2021-05-13,コーヒー代他3名,10E200150,交際費,,,,,3150,0,10A100020,現金及び預金,,,,,515776,2021-05
2021-05-13,ガソリン代,10A100020,現金及び預金,,,,,0,6720,10E201120,車両費,,,,,17973874,2021-05
2021-05-13,ガソリン代,10E201120,車両費,,,,,6720,0,10A100020,現金及び預金,,,,,682108,2021-05
2021-05-13,旅費,10A100020,現金及び預金,,,,,0,8200,10E201230,旅費及び交通費,,,,,17965674,2021-05
2021-05-13,旅費,10E201230,旅費及び交通費,,,,,8200,0,10A100020,現金及び預金,,,,,1642531,2021-05
2021-05-14,出張旅費,10A100020,現金及び預金,,,,,0,10000,10E201230,旅費及び交通費,,,,,17955674,2021-05
2021-05-14,出張旅費,10E201230,旅費及び交通費,,,,,10000,0,10A100020,現金及び預金,,,,,1652531,2021-05
2021-05-15,5月15日伝票No214タワー株式会社,10A100020,現金及び預金,40,三菱東京 梅田,,,989217,0,10A100090,売掛金,8,ﾀﾜｰ㈱,,,18944891,2021-05
2021-05-15,5月15日伝票No214タワー株式会社,10A100090,売掛金,8,ﾀﾜｰ㈱,,,0,989217,10A100020,現金及び預金,40,三菱東京 梅田,,,-70164793,2021-05
2021-05-15,5月15日伝票No214タワー株式会社,10A100090,売掛金,8,ﾀﾜｰ㈱,,,0,840,10E200690,支払手数料,,,,,-70165633,2021-05
2021-05-15,5月15日伝票No214タワー株式会社,10E200690,支払手数料,,,,,840,0,10A100090,売掛金,8,ﾀﾜｰ㈱,,,14069,2021-05
2021-05-15,5月15日伝票No215高橋物産株式会社,10A100020,現金及び預金,40,三菱東京 梅田,,,1261814,0,10A100090,売掛金,9,高橋物産㈱,,,20206705,2021-05
2021-05-15,5月15日伝票No215高橋物産株式会社,10A100090,売掛金,9,高橋物産㈱,,,0,1261814,10A100020,現金及び預金,40,三菱東京 梅田,,,-71427447,2021-05
2021-05-15,5月15日伝票No215高橋物産株式会社,10A100090,売掛金,9,高橋物産㈱,,,0,840,10E200690,支払手数料,,,,,-71428287,2021-05
2021-05-15,5月15日伝票No215高橋物産株式会社,10E200690,支払手数料,,,,,840,0,10A100090,売掛金,9,高橋物産㈱,,,14909,2021-05
2021-05-15,5月15日伝票No216阿部商事株式会社,10A100020,現金及び預金,20,みずほ 本店,,,1888517,0,10A100090,売掛金,13,阿部商事㈱,,,22095222,2021-05
2021-05-15,5月15日伝票No216阿部商事株式会社,10A100090,売掛金,13,阿部商事㈱,,,0,1888517,10A100020,現金及び預金,20,みずほ 本店,,,-73316804,2021-05
2021-05-15,5月15日伝票No140株式会社 Y2,10A100020,現金及び預金,20,みずほ 本店,,,0,4297106,10B100040,買掛金,1,㈱Y2,,,17798116,2021-05
2021-05-15,5月15日伝票No140株式会社 Y2,10B100040,買掛金,1,㈱Y2,,,4297106,0,10A100020,現金及び預金,20,みずほ 本店,,,-24305933,2021-05
2021-05-15,ガソリン代,10A100020,現金及び預金,,,,,0,3210,10E201120,車両費,,,,,17794906,2021-05
2021-05-15,ガソリン代,10E201120,車両費,,,,,3210,0,10A100020,現金及び預金,,,,,685318,2021-05
2021-05-15,会費,10A100020,現金及び預金,,,,,0,20000,10E201140,諸会費,,,,,17774906,2021-05
2021-05-15,会費,10E201140,諸会費,,,,,20000,0,10A100020,現金及び預金,,,,,136000,2021-05
2021-05-15,会費,10A100020,現金及び預金,40,三菱東京 梅田,,,0,24000,10E201140,諸会費,,,,,17750906,2021-05
2021-05-15,会費,10E201140,諸会費,,,,,24000,0,10A100020,現金及び預金,40,三菱東京 梅田,,,160000,2021-05
2021-05-15,航空券代,10A100020,現金及び預金,50,福岡 北九州,,,0,75905,10E201230,旅費及び交通費,,,,,17675001,2021-05
2021-05-15,宿泊代,10A100020,現金及び預金,50,福岡 北九州,,,0,14200,10E201230,旅費及び交通費,,,,,17660801,2021-05
2021-05-15,航空券代,10E201230,旅費及び交通費,,,,,75905,0,10A100020,現金及び預金,50,福岡 北九州,,,1728436,2021-05
2021-05-15,宿泊代,10E201230,旅費及び交通費,,,,,14200,0,10A100020,現金及び預金,50,福岡 北九州,,,1742636,2021-05
2021-05-15,駐車代,10A100020,現金及び預金,,,,,0,762,10E201120,車両費,,,,,17660039,2021-05
2021-05-15,高速代,10A100020,現金及び預金,,,,,0,2191,10E201120,車両費,,,,,17657848,2021-05
2021-05-15,ガソリン代,10A100020,現金及び預金,,,,,0,6126,10E201120,車両費,,,,,17651722,2021-05
2021-05-15,駐車代,10E201120,車両費,,,,,762,0,10A100020,現金及び預金,,,,,686080,2021-05
2021-05-15,高速代,10E201120,車両費,,,,,2191,0,10A100020,現金及び預金,,,,,688271,2021-05
2021-05-15,ガソリン代,10E201120,車両費,,,,,6126,0,10A100020,現金及び預金,,,,,694397,2021-05
2021-05-15,広告費,10B100630,未払金,,,,,0,31500,10E200050,広告宣伝費,,,,,148453,2021-05
2021-05-15,広告費,10E200050,広告宣伝費,,,,,31500,0,10B100630,未払金,,,,,223000,2021-05
2021-05-15,ゴルフプレー代3名,10A100020,現金及び預金,,,,,0,32400,10E200150,交際費,,,,,17619322,2021-05
2021-05-15,ゴルフプレー代3名,10E200150,交際費,,,,,32400,0,10A100020,現金及び預金,,,,,548176,2021-05
2021-05-15,景品代,10A100020,現金及び預金,,,,,0,45477,10E200140,福利厚生費,,,,,17573845,2021-05
2021-05-15,景品代,10E200140,福利厚生費,,,,,45477,0,10A100020,現金及び預金,,,,,527716,2021-05
2021-05-15,5月給与その他 0060 パート･アルバイト,10A100020,現金及び預金,,,,,0,224883,10E200520,雑給,,,,,17348962,2021-05
2021-05-15,5月給与その他 0060 パート･アルバイト,10B100690,預り金,9,その他,,,0,6789,10E200520,雑給,,,,,-146227,2021-05
2021-05-15,5月給与その他 0060 パート･アルバイト,10E200520,雑給,,,,,224883,0,10A100020,現金及び預金,,,,,621348,2021-05
2021-05-15,5月給与その他 0060 パート･アルバイト,10E200520,雑給,,,,,6789,0,10B100690,預り金,9,その他,,,628137,2021-05
2021-05-15,5月15日伝票No217株式会社 久城商事,10A100020,現金及び預金,40,三菱東京 梅田,,,1585523,0,10A100090,売掛金,20,㈱久城商事,,,18934485,2021-05
2021-05-15,5月15日伝票No217株式会社 久城商事,10A100090,売掛金,20,㈱久城商事,,,0,1585523,10A100020,現金及び預金,40,三菱東京 梅田,,,-74902327,2021-05
2021-05-15,5月15日伝票No217株式会社 久城商事,10A100090,売掛金,20,㈱久城商事,,,0,315,10E200690,支払手数料,,,,,-74902642,2021-05
2021-05-15,5月15日伝票No217株式会社 久城商事,10E200690,支払手数料,,,,,315,0,10A100090,売掛金,20,㈱久城商事,,,15224,2021-05
2021-05-15,手土産代 チェック,10A100020,現金及び預金,,,,,0,6000,10E200150,交際費,,,,,18928485,2021-05
2021-05-15,お米券 チェック,10A100020,現金及び預金,,,,,0,28572,10E200150,交際費,,,,,18899913,2021-05
2021-05-15,手土産代 チェック,10E200150,交際費,,,,,6000,0,10A100020,現金及び預金,,,,,554176,2021-05
2021-05-15,お米券 チェック,10E200150,交際費,,,,,28572,0,10A100020,現金及び預金,,,,,582748,2021-05
2021-05-15,5月15日伝票No212五越株式会社,10A100020,現金及び預金,50,福岡 北九州,,,1880469,0,10A100090,売掛金,1,五越㈱,,,20780382,2021-05
2021-05-15,5月15日伝票No212五越株式会社,10A100090,売掛金,1,五越㈱,,,0,1880469,10A100020,現金及び預金,50,福岡 北九州,,,-76783111,2021-05
2021-05-15,5月15日伝票No212五越株式会社,10A100090,売掛金,1,五越㈱,,,0,840,10E200690,支払手数料,,,,,-76783951,2021-05
2021-05-15,5月15日伝票No212五越株式会社,10E200690,支払手数料,,,,,840,0,10A100090,売掛金,1,五越㈱,,,16064,2021-05
2021-05-15,5月15日伝票No213株式会社 エントリー,10A100020,現金及び預金,30,三井 名古屋,,,2243365,0,10A100090,売掛金,6,㈱ｴﾝﾄﾘｰ,,,23023747,2021-05
2021-05-15,5月15日伝票No213株式会社 エントリー,10A100090,売掛金,6,㈱ｴﾝﾄﾘｰ,,,0,2243365,10A100020,現金及び預金,30,三井 名古屋,,,-79027316,2021-05
2021-05-15,5月15日伝票No213株式会社 エントリー,10A100090,売掛金,6,㈱ｴﾝﾄﾘｰ,,,0,840,10E200690,支払手数料,,,,,-79028156,2021-05
2021-05-15,5月15日伝票No213株式会社 エントリー,10E200690,支払手数料,,,,,840,0,10A100090,売掛金,6,㈱ｴﾝﾄﾘｰ,,,16904,2021-05
2021-05-16,ダスキン代,10A100020,現金及び預金,,,,,0,16500,10E201270,雑費,,,,,23007247,2021-05
2021-05-16,ダスキン代,10E201270,雑費,,,,,16500,0,10A100020,現金及び預金,,,,,585577,2021-05
2021-05-16,食事代 ホテルサンフラワー,10A100020,現金及び預金,,,,,0,5890,10E200150,交際費,,,,,23001357,2021-05
2021-05-16,食事代 ホテルサンフラワー,10E200150,交際費,,,,,5890,0,10A100020,現金及び預金,,,,,588638,2021-05
2021-05-17,印刷代,10B100630,未払金,,,,,0,10500,10E201270,雑費,,,,,158953,2021-05
2021-05-17,印刷代,10E201270,雑費,,,,,10500,0,10B100630,未払金,,,,,596077,2021-05
2021-05-18,飲食代 居酒屋ラオス,10A100020,現金及び預金,,,,,0,16510,10E200150,交際費,,,,,22984847,2021-05
2021-05-18,飲食代 居酒屋ラオス,10E200150,交際費,,,,,16510,0,10A100020,現金及び預金,,,,,605148,2021-05
2021-05-18,ガソリン代,10B100630,未払金,,,,,0,6570,10E201120,車両費,,,,,165523,2021-05
2021-05-18,ガソリン代,10E201120,車両費,,,,,6570,0,10B100630,未払金,,,,,700967,2021-05
2021-05-18,飲食代 居酒屋マーク,10A100020,現金及び預金,,,,,0,12650,10E200150,交際費,,,,,22972197,2021-05
2021-05-18,飲食代 居酒屋マーク,10E200150,交際費,,,,,12650,0,10A100020,現金及び預金,,,,,617798,2021-05
2021-05-18,高速代,10A100020,現金及び預金,,,,,0,2420,10E201120,車両費,,,,,22969777,2021-05
2021-05-18,ガソリン代,10A100020,現金及び預金,,,,,0,4762,10E201120,車両費,,,,,22965015,2021-05
2021-05-18,高速代,10E201120,車両費,,,,,2420,0,10A100020,現金及び預金,,,,,703387,2021-05
2021-05-18,ガソリン代,10E201120,車両費,,,,,4762,0,10A100020,現金及び預金,,,,,708149,2021-05
2021-05-19,広告料,10A100020,現金及び預金,,,,,0,43200,10E200050,広告宣伝費,,,,,22921815,2021-05
2021-05-19,広告料,10E200050,広告宣伝費,,,,,43200,0,10A100020,現金及び預金,,,,,266200,2021-05
2021-05-20,残業夜食 軽減税率,10A100020,現金及び預金,,,,,0,21600,10E200140,福利厚生費,,,,,22900215,2021-05
2021-05-20,残業夜食 軽減税率,10E200140,福利厚生費,,,,,21600,0,10A100020,現金及び預金,,,,,549316,2021-05
2021-05-20,広告料,10B100630,未払金,,,,,0,52500,10E200050,広告宣伝費,,,,,218023,2021-05
2021-05-20,広告料,10E200050,広告宣伝費,,,,,52500,0,10B100630,未払金,,,,,318700,2021-05
2021-05-20,5月20日伝票No218株式会社 斉藤,10A100020,現金及び預金,,,,,651498,0,10A100090,売掛金,11,㈱斉藤,,,23551713,2021-05
2021-05-20,5月20日伝票No218株式会社 斉藤,10A100090,売掛金,11,㈱斉藤,,,0,651498,10A100020,現金及び預金,,,,,-79679654,2021-05
2021-05-20,5月20日伝票No219合同会社 たかだ,10A100020,現金及び預金,30,三井 名古屋,,,552883,0,10A100090,売掛金,21,(同)たかだ,,,24104596,2021-05
2021-05-20,5月20日伝票No219合同会社 たかだ,10A100090,売掛金,21,(同)たかだ,,,0,552883,10A100020,現金及び預金,30,三井 名古屋,,,-80232537,2021-05
2021-05-20,5月20日伝票No219合同会社 たかだ,10A100090,売掛金,21,(同)たかだ,,,0,630,10E200690,支払手数料,,,,,-80233167,2021-05
2021-05-20,5月20日伝票No219合同会社 たかだ,10E200690,支払手数料,,,,,630,0,10A100090,売掛金,21,(同)たかだ,,,17534,2021-05
2021-05-20,5月20日伝票No220株式会社 ＹＡＧ,10A100020,現金及び預金,20,みずほ 本店,,,2570369,0,10A100090,売掛金,30,㈱YAG,,,26674965,2021-05
2021-05-20,5月20日伝票No220株式会社 ＹＡＧ,10A100090,売掛金,30,㈱YAG,,,0,2570369,10A100020,現金及び預金,20,みずほ 本店,,,-82803536,2021-05
2021-05-20,5月20日伝票No220株式会社 ＹＡＧ,10A100090,売掛金,30,㈱YAG,,,0,735,10E200690,支払手数料,,,,,-82804271,2021-05
2021-05-20,5月20日伝票No220株式会社 ＹＡＧ,10E200690,支払手数料,,,,,735,0,10A100090,売掛金,30,㈱YAG,,,18269,2021-05
2021-05-20,5月20日伝票No141株式会社 アタッチ,10A100020,現金及び預金,20,みずほ 本店,,,0,905555,10B100040,買掛金,4,㈱ｱﾀｯﾁ,,,25769410,2021-05
2021-05-20,5月20日伝票No141株式会社 アタッチ,10B100040,買掛金,4,㈱ｱﾀｯﾁ,,,905555,0,10A100020,現金及び預金,20,みずほ 本店,,,-25211488,2021-05
2021-05-20,5月20日伝票No144株式会社 ハナダ,10A100020,現金及び預金,20,みずほ 本店,,,0,5204428,10B100040,買掛金,6,㈱ﾊﾅﾀﾞ,,,20564982,2021-05
2021-05-20,5月20日伝票No144株式会社 ハナダ,10B100040,買掛金,6,㈱ﾊﾅﾀﾞ,,,5204428,0,10A100020,現金及び預金,20,みずほ 本店,,,-30415916,2021-05
2021-05-20,5月20日伝票No145株式会社 まつむら,10A100020,現金及び預金,20,みずほ 本店,,,0,4109548,10B100040,買掛金,11,㈱まつむら,,,16455434,2021-05
2021-05-20,5月20日伝票No145株式会社 まつむら,10B100040,買掛金,11,㈱まつむら,,,4109548,0,10A100020,現金及び預金,20,みずほ 本店,,,-34525464,2021-05
2021-05-20,コピー代,10B100630,未払金,,,,,0,8065,10E201110,事務用消耗品費,,,,,226088,2021-05
2021-05-20,コピー代,10E201110,事務用消耗品費,,,,,8065,0,10B100630,未払金,,,,,150173,2021-05
2021-05-20,事務用品,10B100630,未払金,,,,,0,4132,10E201110,事務用消耗品費,,,,,230220,2021-05
2021-05-20,事務用品,10E201110,事務用消耗品費,,,,,4132,0,10B100630,未払金,,,,,154305,2021-05
2021-05-20,ガソリン代,10A100020,現金及び預金,,,,,0,8030,10E201120,車両費,,,,,16447404,2021-05
2021-05-20,ガソリン代,10E201120,車両費,,,,,8030,0,10A100020,現金及び預金,,,,,716179,2021-05
2021-05-20,手形割引 もみじデパート,10A100020,現金及び預金,1,みずほ銀行,,,11349497,0,10A100060,受取手形,,,,,27796901,2021-05
2021-05-20,手形割引 もみじデパート,10A100060,受取手形,,,,,0,11349497,10A100020,現金及び預金,1,みずほ銀行,,,12017954,2021-05
2021-05-20,手形割引料,10A100060,受取手形,,,,,0,85669,10E300020,支払利息,,,,,11932285,2021-05
2021-05-20,手形割引料,10E300020,支払利息,,,,,85669,0,10A100060,受取手形,,,,,176726,2021-05
2021-05-20,資金移動,10A100020,現金及び預金,20,みずほ 本店,,,15000000,0,10A100020,現金及び預金,1,みずほ銀行,,,42796901,2021-05
2021-05-20,資金移動,10A100020,現金及び預金,1,みずほ銀行,,,0,15000000,10A100020,現金及び預金,20,みずほ 本店,,,27796901,2021-05
2021-05-20,JR回数券,10A100020,現金及び預金,,,,,0,82620,10E201230,旅費及び交通費,,,,,27714281,2021-05
2021-05-20,JR回数券,10E201230,旅費及び交通費,,,,,82620,0,10A100020,現金及び預金,,,,,1825256,2021-05
2021-05-20,コピー代,10B100630,未払金,,,,,0,3457,10E201110,事務用消耗品費,,,,,233677,2021-05
2021-05-20,コピー代,10E201110,事務用消耗品費,,,,,3457,0,10B100630,未払金,,,,,157762,2021-05
2021-05-20,高速代,10A100020,現金及び預金,,,,,0,1350,10E201120,車両費,,,,,27712931,2021-05
2021-05-20,高速代,10E201120,車両費,,,,,1350,0,10A100020,現金及び預金,,,,,717529,2021-05
2021-05-20,有線,10B100630,未払金,,,,,0,5000,10E201270,雑費,,,,,238677,2021-05
2021-05-20,有線,10E201270,雑費,,,,,5000,0,10B100630,未払金,,,,,601077,2021-05
2021-05-20,事務用品,10B100630,未払金,,,,,0,5050,10E201110,事務用消耗品費,,,,,243727,2021-05
2021-05-20,カウンター料金,10B100630,未払金,,,,,0,34274,10E201110,事務用消耗品費,,,,,278001,2021-05
2021-05-20,カウンター料金,10B100630,未払金,,,,,0,6300,10E201110,事務用消耗品費,,,,,284301,2021-05
2021-05-20,事務用品,10E201110,事務用消耗品費,,,,,5050,0,10B100630,未払金,,,,,162812,2021-05
2021-05-20,カウンター料金,10E201110,事務用消耗品費,,,,,34274,0,10B100630,未払金,,,,,197086,2021-05
2021-05-20,カウンター料金,10E201110,事務用消耗品費,,,,,6300,0,10B100630,未払金,,,,,203386,2021-05
2021-05-20,ファイル等,10B100630,未払金,,,,,0,29762,10E200200,消耗品費,,,,,314063,2021-05
2021-05-20,飲料水,10B100630,未払金,,,,,0,190620,10E200200,消耗品費,,,,,504683,2021-05
2021-05-20,名刺代,10B100630,未払金,,,,,0,49810,10E200200,消耗品費,,,,,554493,2021-05
2021-05-20,ファイル等,10E200200,消耗品費,,,,,29762,0,10B100630,未払金,,,,,381839,2021-05
2021-05-20,飲料水,10E200200,消耗品費,,,,,190620,0,10B100630,未払金,,,,,572459,2021-05
2021-05-20,名刺代,10E200200,消耗品費,,,,,49810,0,10B100630,未払金,,,,,622269,2021-05
2021-05-20,ガソリン代,10B100630,未払金,,,,,0,18861,10E201120,車両費,,,,,573354,2021-05
2021-05-20,ウォッシャー液,10B100630,未払金,,,,,0,369,10E201120,車両費,,,,,573723,2021-05
2021-05-20,ガソリン代,10E201120,車両費,,,,,18861,0,10B100630,未払金,,,,,736390,2021-05
2021-05-20,ウォッシャー液,10E201120,車両費,,,,,369,0,10B100630,未払金,,,,,736759,2021-05
2021-05-20,旅費,10A100020,現金及び預金,,,,,0,6600,10E201230,旅費及び交通費,,,,,27706331,2021-05
2021-05-20,旅費,10E201230,旅費及び交通費,,,,,6600,0,10A100020,現金及び預金,,,,,1831856,2021-05
2021-05-20,コピー代,10B100630,未払金,,,,,0,40127,10E201110,事務用消耗品費,,,,,613850,2021-05
2021-05-20,コピー代,10E201110,事務用消耗品費,,,,,40127,0,10B100630,未払金,,,,,243513,2021-05
2021-05-20,事務用品,10B100630,未払金,,,,,0,38580,10E201110,事務用消耗品費,,,,,652430,2021-05
2021-05-20,事務用品,10E201110,事務用消耗品費,,,,,38580,0,10B100630,未払金,,,,,282093,2021-05
2021-05-21,電気代,10A100020,現金及び預金,40,三菱東京 梅田,,,0,156512,10E201040,水道光熱費,,,,,27549819,2021-05
2021-05-21,水道代,10A100020,現金及び預金,40,三菱東京 梅田,,,0,7740,10E201040,水道光熱費,,,,,27542079,2021-05
2021-05-21,電気代,10E201040,水道光熱費,,,,,156512,0,10A100020,現金及び預金,40,三菱東京 梅田,,,771554,2021-05
2021-05-21,水道代,10E201040,水道光熱費,,,,,7740,0,10A100020,現金及び預金,40,三菱東京 梅田,,,779294,2021-05
2021-05-21,食事代,10A100020,現金及び預金,,,,,0,16800,10E200150,交際費,,,,,27525279,2021-05
2021-05-21,食事代,10E200150,交際費,,,,,16800,0,10A100020,現金及び預金,,,,,634598,2021-05
2021-05-21,出張旅費,10A100020,現金及び預金,,,,,0,70000,10E201230,旅費及び交通費,,,,,27455279,2021-05
2021-05-21,出張旅費,10E201230,旅費及び交通費,,,,,70000,0,10A100020,現金及び預金,,,,,1901856,2021-05
2021-05-21,会費,10A100020,現金及び預金,,,,,0,18000,10E201140,諸会費,,,,,27437279,2021-05
2021-05-21,会費,10E201140,諸会費,,,,,18000,0,10A100020,現金及び預金,,,,,178000,2021-05
2021-05-21,電気料,10A100020,現金及び預金,50,福岡 北九州,,,0,109906,10E201040,水道光熱費,,,,,27327373,2021-05
2021-05-21,水道料,10A100020,現金及び預金,50,福岡 北九州,,,0,6266,10E201040,水道光熱費,,,,,27321107,2021-05
2021-05-21,電気料,10E201040,水道光熱費,,,,,109906,0,10A100020,現金及び預金,50,福岡 北九州,,,889200,2021-05
2021-05-21,水道料,10E201040,水道光熱費,,,,,6266,0,10A100020,現金及び預金,50,福岡 北九州,,,895466,2021-05
2021-05-21,旅費,10A100020,現金及び預金,,,,,0,56000,10E201230,旅費及び交通費,,,,,27265107,2021-05
2021-05-21,旅費,10E201230,旅費及び交通費,,,,,56000,0,10A100020,現金及び預金,,,,,1957856,2021-05
2021-05-21,電気代,10A100020,現金及び預金,10,北海道 駅前,,,0,92672,10E201040,水道光熱費,,,,,27172435,2021-05
2021-05-21,水道代,10A100020,現金及び預金,10,北海道 駅前,,,0,5913,10E201040,水道光熱費,,,,,27166522,2021-05
2021-05-21,電気代,10E201040,水道光熱費,,,,,92672,0,10A100020,現金及び預金,10,北海道 駅前,,,988138,2021-05
2021-05-21,水道代,10E201040,水道光熱費,,,,,5913,0,10A100020,現金及び預金,10,北海道 駅前,,,994051,2021-05
2021-05-21,旅費,10A100020,現金及び預金,,,,,0,40000,10E201230,旅費及び交通費,,,,,27126522,2021-05
2021-05-21,旅費,10E201230,旅費及び交通費,,,,,40000,0,10A100020,現金及び預金,,,,,1997856,2021-05
2021-05-21,電気料,10A100020,現金及び預金,20,みずほ 本店,,,0,163192,10E201040,水道光熱費,,,,,26963330,2021-05
2021-05-21,水道料,10A100020,現金及び預金,20,みずほ 本店,,,0,8149,10E201040,水道光熱費,,,,,26955181,2021-05
2021-05-21,電気料,10E201040,水道光熱費,,,,,163192,0,10A100020,現金及び預金,20,みずほ 本店,,,1157243,2021-05
2021-05-21,水道料,10E201040,水道光熱費,,,,,8149,0,10A100020,現金及び預金,20,みずほ 本店,,,1165392,2021-05
2021-05-21,電気料,10A100020,現金及び預金,30,三井 名古屋,,,0,84438,10E201040,水道光熱費,,,,,26870743,2021-05
2021-05-21,水道料,10A100020,現金及び預金,30,三井 名古屋,,,0,5680,10E201040,水道光熱費,,,,,26865063,2021-05
2021-05-21,ガス代,10A100020,現金及び預金,30,三井 名古屋,,,0,5306,10E201040,水道光熱費,,,,,26859757,2021-05
2021-05-21,電気料,10E201040,水道光熱費,,,,,84438,0,10A100020,現金及び預金,30,三井 名古屋,,,1249830,2021-05
2021-05-21,水道料,10E201040,水道光熱費,,,,,5680,0,10A100020,現金及び預金,30,三井 名古屋,,,1255510,2021-05
2021-05-21,ガス代,10E201040,水道光熱費,,,,,5306,0,10A100020,現金及び預金,30,三井 名古屋,,,1260816,2021-05
2021-05-22,手土産代 五越百貨店,10A100020,現金及び預金,,,,,0,2650,10E200150,交際費,,,,,26857107,2021-05
2021-05-22,手土産代 五越百貨店,10E200150,交際費,,,,,2650,0,10A100020,現金及び預金,,,,,637248,2021-05
2021-05-22,ガソリン代,10A100020,現金及び預金,,,,,0,5650,10E201120,車両費,,,,,26851457,2021-05
2021-05-22,高速代,10A100020,現金及び預金,,,,,0,4896,10E201120,車両費,,,,,26846561,2021-05
2021-05-22,ガソリン代,10E201120,車両費,,,,,5650,0,10A100020,現金及び預金,,,,,742409,2021-05
2021-05-22,高速代,10E201120,車両費,,,,,4896,0,10A100020,現金及び預金,,,,,747305,2021-05
2021-05-22,トイレットペーパー代,10A100020,現金及び預金,,,,,0,2100,10E201270,雑費,,,,,26844461,2021-05
2021-05-22,トイレットペーパー代,10E201270,雑費,,,,,2100,0,10A100020,現金及び預金,,,,,603177,2021-05
2021-05-22,ダスキン代,10A100020,現金及び預金,,,,,0,1890,10E201270,雑費,,,,,26842571,2021-05
2021-05-22,ダスキン代,10E201270,雑費,,,,,1890,0,10A100020,現金及び預金,,,,,605067,2021-05
2021-05-22,宿泊費,10B100630,未払金,,,,,0,53000,10E200140,福利厚生費,,,,,705430,2021-05
2021-05-22,宿泊費,10E200140,福利厚生費,,,,,53000,0,10B100630,未払金,,,,,602316,2021-05
2021-05-22,食事代 打合せ昼食 2名,10A100020,現金及び預金,,,,,0,5239,10E200150,交際費,,,,,26837332,2021-05
2021-05-22,食事代 喫茶コーヒー代 4名,10A100020,現金及び預金,,,,,0,2096,10E200150,交際費,,,,,26835236,2021-05
2021-05-22,食事代 打合せ昼食 2名,10E200150,交際費,,,,,5239,0,10A100020,現金及び預金,,,,,642487,2021-05
2021-05-22,食事代 喫茶コーヒー代 4名,10E200150,交際費,,,,,2096,0,10A100020,現金及び預金,,,,,644583,2021-05
2021-05-22,ゴルフプレー代,10A100020,現金及び預金,,,,,0,9600,10E200150,交際費,,,,,26825636,2021-05
2021-05-22,ゴルフプレー代,10E200150,交際費,,,,,9600,0,10A100020,現金及び預金,,,,,654183,2021-05
2021-05-22,食事代 カナッシュ2名,10A100020,現金及び預金,,,,,0,5820,10E200150,交際費,,,,,26819816,2021-05
2021-05-22,食事代 カナッシュ2名,10E200150,交際費,,,,,5820,0,10A100020,現金及び預金,,,,,660003,2021-05
2021-05-22,ダスキン代,10A100020,現金及び預金,,,,,0,10500,10E201270,雑費,,,,,26809316,2021-05
2021-05-22,ダスキン代,10E201270,雑費,,,,,10500,0,10A100020,現金及び預金,,,,,615567,2021-05
2021-05-22,清掃料,10B100630,未払金,,,,,0,71675,10E201270,雑費,,,,,777105,2021-05
2021-05-22,清掃料,10E201270,雑費,,,,,71675,0,10B100630,未払金,,,,,687242,2021-05
2021-05-23,お茶代,10A100020,現金及び預金,,,,,0,12000,10E200140,福利厚生費,,,,,26797316,2021-05
2021-05-23,お茶代,10E200140,福利厚生費,,,,,12000,0,10A100020,現金及び預金,,,,,614316,2021-05
2021-05-23,旅費,10A100020,現金及び預金,,,,,0,3290,10E201230,旅費及び交通費,,,,,26794026,2021-05
2021-05-23,旅費,10E201230,旅費及び交通費,,,,,3290,0,10A100020,現金及び預金,,,,,2001146,2021-05
2021-05-23,旅費,10A100020,現金及び預金,,,,,0,18050,10E201230,旅費及び交通費,,,,,26775976,2021-05
2021-05-23,旅費,10E201230,旅費及び交通費,,,,,18050,0,10A100020,現金及び預金,,,,,2019196,2021-05
2021-05-23,旅費,10A100020,現金及び預金,,,,,0,11000,10E201230,旅費及び交通費,,,,,26764976,2021-05
2021-05-23,旅費,10E201230,旅費及び交通費,,,,,11000,0,10A100020,現金及び預金,,,,,2030196,2021-05
2021-05-23,タクシー代,10B100630,未払金,,,,,0,2420,10E201230,旅費及び交通費,,,,,779525,2021-05
2021-05-23,タクシー代,10E201230,旅費及び交通費,,,,,2420,0,10B100630,未払金,,,,,2032616,2021-05
2021-05-23,飲食代 ダイニング旬6名,10A100020,現金及び預金,,,,,0,20515,10E200150,交際費,,,,,26744461,2021-05
2021-05-23,バーレジェンド6名,10A100020,現金及び預金,,,,,0,44581,10E200150,交際費,,,,,26699880,2021-05
2021-05-23,飲食代 ダイニング旬6名,10E200150,交際費,,,,,20515,0,10A100020,現金及び預金,,,,,680518,2021-05
2021-05-23,バーレジェンド6名,10E200150,交際費,,,,,44581,0,10A100020,現金及び預金,,,,,725099,2021-05
2021-05-23,ガソリン代,10A100020,現金及び預金,,,,,0,6420,10E201120,車両費,,,,,26693460,2021-05
2021-05-23,ガソリン代,10E201120,車両費,,,,,6420,0,10A100020,現金及び預金,,,,,753725,2021-05
2021-05-24,ゴルフプレー代2名,10A100020,現金及び預金,,,,,0,23540,10E200150,交際費,,,,,26669920,2021-05
2021-05-24,ゴルフプレー代2名,10E200150,交際費,,,,,23540,0,10A100020,現金及び預金,,,,,748639,2021-05
2021-05-24,業務委託費,10B100630,未払金,,,,,0,420000,10E200020,販売手数料,,,,,1199525,2021-05
2021-05-24,業務委託費,10E200020,販売手数料,,,,,420000,0,10B100630,未払金,,,,,2686000,2021-05
2021-05-24,業務委託費,10B100630,未払金,,,,,0,1192500,10E200020,販売手数料,,,,,2392025,2021-05
2021-05-24,業務委託費,10E200020,販売手数料,,,,,1192500,0,10B100630,未払金,,,,,3878500,2021-05
2021-05-25,結婚祝い金,10A100020,現金及び預金,,,,,0,10000,10E200150,交際費,,,,,26659920,2021-05
2021-05-25,結婚祝い金,10E200150,交際費,,,,,10000,0,10A100020,現金及び預金,,,,,758639,2021-05
2021-05-25,5月25日伝票No221今井百貨店,10A100060,受取手形,,,,,13987871,0,10A100090,売掛金,2,今井百貨店,,,25920156,2021-05
2021-05-25,5月25日伝票No221今井百貨店,10A100090,売掛金,2,今井百貨店,,,0,13987871,10A100060,受取手形,,,,,-96792142,2021-05
2021-05-25,5月25日伝票No222株式会社 総合経営,10A100020,現金及び預金,30,三井 名古屋,,,1308153,0,10B100630,未払金,,,,,27968073,2021-05
2021-05-25,タクシー代,10B100630,未払金,,,,,0,14260,10E201230,旅費及び交通費,,,,,2406285,2021-05
2021-05-25,5月25日伝票No222株式会社 総合経営,10B100630,未払金,,,,,0,1308153,10A100020,現金及び預金,30,三井 名古屋,,,3714438,2021-05
2021-05-25,5月25日伝票No222株式会社 総合経営,10B100630,未払金,,,,,0,735,10E200690,支払手数料,,,,,3715173,2021-05
2021-05-25,5月25日伝票No222株式会社 総合経営,10E200690,支払手数料,,,,,735,0,10B100630,未払金,,,,,19004,2021-05
2021-05-25,タクシー代,10E201230,旅費及び交通費,,,,,14260,0,10B100630,未払金,,,,,2046876,2021-05
2021-05-25,5月25日伝票No223株式会社 鎌田商店,10A100020,現金及び預金,40,三菱東京 梅田,,,728932,0,10A100090,売掛金,23,㈱鎌田商店,,,28697005,2021-05
2021-05-25,5月25日伝票No223株式会社 鎌田商店,10A100090,売掛金,23,㈱鎌田商店,,,0,728932,10A100020,現金及び預金,40,三菱東京 梅田,,,-97521074,2021-05
2021-05-25,5月25日伝票No223株式会社 鎌田商店,10A100090,売掛金,23,㈱鎌田商店,,,0,630,10E200690,支払手数料,,,,,-97521704,2021-05
2021-05-25,5月25日伝票No223株式会社 鎌田商店,10E200690,支払手数料,,,,,630,0,10A100090,売掛金,23,㈱鎌田商店,,,19634,2021-05
2021-05-25,5月25日伝票No224株式会社 小林マーケット,10A100020,現金及び預金,10,北海道 駅前,,,3846784,0,10A100090,売掛金,25,㈱小林ﾏｰｹｯﾄ,,,32543789,2021-05
2021-05-25,5月25日伝票No224株式会社 小林マーケット,10A100090,売掛金,25,㈱小林ﾏｰｹｯﾄ,,,0,3846784,10A100020,現金及び預金,10,北海道 駅前,,,-101368488,2021-05
2021-05-25,5月25日伝票No224株式会社 小林マーケット,10A100090,売掛金,25,㈱小林ﾏｰｹｯﾄ,,,0,840,10E200690,支払手数料,,,,,-101369328,2021-05
2021-05-25,5月25日伝票No224株式会社 小林マーケット,10E200690,支払手数料,,,,,840,0,10A100090,売掛金,25,㈱小林ﾏｰｹｯﾄ,,,20474,2021-05
2021-05-25,会費,10A100020,現金及び預金,40,三菱東京 梅田,,,0,24000,10E201140,諸会費,,,,,32519789,2021-05
2021-05-25,会費,10E201140,諸会費,,,,,24000,0,10A100020,現金及び預金,40,三菱東京 梅田,,,202000,2021-05
2021-05-25,業務委託費支払い,10B100630,未払金,,,,,0,94000,10E200020,販売手数料,,,,,3809173,2021-05
2021-05-25,業務委託費支払い,10E200020,販売手数料,,,,,94000,0,10B100630,未払金,,,,,3972500,2021-05
2021-05-25,携帯電話代,10A100020,現金及び預金,10,北海道 駅前,,,0,64842,10E200180,通信費,,,,,32454947,2021-05
2021-05-25,携帯電話代,10E200180,通信費,,,,,64842,0,10A100020,現金及び預金,10,北海道 駅前,,,2243492,2021-05
2021-05-25,宿泊代,10B100630,未払金,,,,,0,38000,10E200140,福利厚生費,,,,,3847173,2021-05
2021-05-25,宿泊代,10E200140,福利厚生費,,,,,38000,0,10B100630,未払金,,,,,652316,2021-05
2021-05-25,飲食代,10A100020,現金及び預金,,,,,0,4250,10E200150,交際費,,,,,32450697,2021-05
2021-05-25,飲食代,10E200150,交際費,,,,,4250,0,10A100020,現金及び預金,,,,,762889,2021-05
2021-05-25,旅費,10A100020,現金及び預金,,,,,0,10800,10E201230,旅費及び交通費,,,,,32439897,2021-05
2021-05-25,旅費,10E201230,旅費及び交通費,,,,,10800,0,10A100020,現金及び預金,,,,,2057676,2021-05
2021-05-25,切手代,10A100020,現金及び預金,,,,,0,8000,10E200180,通信費,,,,,32431897,2021-05
2021-05-25,5月給与その他 0001 役員,10A100020,現金及び預金,,,,,0,1720000,10E200090,役員報酬,,,,,30711897,2021-05
2021-05-25,5月給与その他 0020 営業部,10A100020,現金及び預金,,,,,0,1993705,10E200370,給料及び手当,,,,,28718192,2021-05
2021-05-25,5月給与その他 1000 札幌営業所,10A100020,現金及び預金,,,,,0,857000,10E200370,給料及び手当,,,,,27861192,2021-05
2021-05-25,5月給与その他 3000 名古屋営業所,10A100020,現金及び預金,,,,,0,763200,10E200370,給料及び手当,,,,,27097992,2021-05
2021-05-25,5月給与その他 4000 大阪支店,10A100020,現金及び預金,,,,,0,1313199,10E200370,給料及び手当,,,,,25784793,2021-05
2021-05-25,5月給与その他 5000 九州営業所,10A100020,現金及び預金,,,,,0,588526,10E200370,給料及び手当,,,,,25196267,2021-05
2021-05-25,5月給与その他 0001 役員,10E200090,役員報酬,,,,,1720000,0,10A100020,現金及び預金,,,,,9142352,2021-05
2021-05-25,切手代,10E200180,通信費,,,,,8000,0,10A100020,現金及び預金,,,,,2251492,2021-05
2021-05-25,5月給与その他 0020 営業部,10E200370,給料及び手当,,,,,1993705,0,10A100020,現金及び預金,,,,,1993705,2021-05
2021-05-25,5月給与その他 1000 札幌営業所,10E200370,給料及び手当,,,,,857000,0,10A100020,現金及び預金,,,,,2850705,2021-05
2021-05-25,5月給与その他 3000 名古屋営業所,10E200370,給料及び手当,,,,,763200,0,10A100020,現金及び預金,,,,,3613905,2021-05
2021-05-25,5月給与その他 4000 大阪支店,10E200370,給料及び手当,,,,,1313199,0,10A100020,現金及び預金,,,,,4927104,2021-05
2021-05-25,5月給与その他 5000 九州営業所,10E200370,給料及び手当,,,,,588526,0,10A100020,現金及び預金,,,,,5515630,2021-05
2021-05-25,コピー機修繕,10B100630,未払金,,,,,0,105000,10E201000,修繕維持費,,,,,3952173,2021-05
2021-05-25,コピー機修繕,10E201000,修繕維持費,,,,,105000,0,10B100630,未払金,,,,,140850,2021-05
2021-05-26,携帯代,10A100020,現金及び預金,40,三菱東京 梅田,,,0,39254,10E200180,通信費,,,,,25157013,2021-05
2021-05-26,携帯代,10E200180,通信費,,,,,39254,0,10A100020,現金及び預金,40,三菱東京 梅田,,,2290746,2021-05
2021-05-26,ガソリン代,10A100020,現金及び預金,,,,,0,4200,10E201120,車両費,,,,,25152813,2021-05
2021-05-26,ガソリン代,10E201120,車両費,,,,,4200,0,10A100020,現金及び預金,,,,,757925,2021-05
2021-05-26,業務委託費,10B100630,未払金,,,,,0,147000,10E200020,販売手数料,,,,,4099173,2021-05
2021-05-26,業務委託費,10E200020,販売手数料,,,,,147000,0,10B100630,未払金,,,,,4119500,2021-05
2021-05-26,新聞代,10A100020,現金及び預金,,,,,0,3007,10E201160,図書費,,,,,25149806,2021-05
2021-05-26,新聞代,10E201160,図書費,,,,,3007,0,10A100020,現金及び預金,,,,,27989,2021-05
2021-05-26,携帯代,10A100020,現金及び預金,50,福岡 北九州,,,0,86498,10E200180,通信費,,,,,25063308,2021-05
2021-05-26,携帯代,10E200180,通信費,,,,,86498,0,10A100020,現金及び預金,50,福岡 北九州,,,2377244,2021-05
2021-05-26,旅費,10A100020,現金及び預金,,,,,0,27239,10E201230,旅費及び交通費,,,,,25036069,2021-05
2021-05-26,旅費,10A100020,現金及び預金,,,,,0,31429,10E201230,旅費及び交通費,,,,,25004640,2021-05
2021-05-26,旅費,10A100020,現金及び預金,,,,,0,21429,10E201230,旅費及び交通費,,,,,24983211,2021-05
2021-05-26,旅費,10E201230,旅費及び交通費,,,,,27239,0,10A100020,現金及び預金,,,,,2084915,2021-05
2021-05-26,旅費,10E201230,旅費及び交通費,,,,,31429,0,10A100020,現金及び預金,,,,,2116344,2021-05
2021-05-26,旅費,10E201230,旅費及び交通費,,,,,21429,0,10A100020,現金及び預金,,,,,2137773,2021-05
2021-05-26,新聞代,10A100020,現金及び預金,,,,,0,3925,10E201160,図書費,,,,,24979286,2021-05
2021-05-26,新聞代,10E201160,図書費,,,,,3925,0,10A100020,現金及び預金,,,,,31914,2021-05
2021-05-26,新聞代,10A100020,現金及び預金,,,,,0,2864,10E201160,図書費,,,,,24976422,2021-05
2021-05-26,新聞代,10A100020,現金及び預金,,,,,0,2815,10E201160,図書費,,,,,24973607,2021-05
2021-05-26,新聞代,10A100020,現金及び預金,,,,,0,3399,10E201160,図書費,,,,,24970208,2021-05
2021-05-26,新聞代,10E201160,図書費,,,,,2864,0,10A100020,現金及び預金,,,,,34778,2021-05
2021-05-26,新聞代,10E201160,図書費,,,,,2815,0,10A100020,現金及び預金,,,,,37593,2021-05
2021-05-26,新聞代,10E201160,図書費,,,,,3399,0,10A100020,現金及び預金,,,,,40992,2021-05
2021-05-26,業務委託費支払い,10B100630,未払金,,,,,0,189000,10E200020,販売手数料,,,,,4288173,2021-05
2021-05-26,業務委託費支払い,10E200020,販売手数料,,,,,189000,0,10B100630,未払金,,,,,4308500,2021-05
2021-05-26,車両管理費,10A100020,現金及び預金,,,,,0,45000,10E201120,車両費,,,,,24925208,2021-05
2021-05-26,車両管理費,10E201120,車両費,,,,,45000,0,10A100020,現金及び預金,,,,,802925,2021-05
2021-05-26,携帯代,10A100020,現金及び預金,30,三井 名古屋,,,0,42657,10E200180,通信費,,,,,24882551,2021-05
2021-05-26,携帯代,10E200180,通信費,,,,,42657,0,10A100020,現金及び預金,30,三井 名古屋,,,2419901,2021-05
2021-05-27,新聞代,10A100020,現金及び預金,,,,,0,2540,10E201160,図書費,,,,,24880011,2021-05
2021-05-27,新聞代,10A100020,現金及び預金,,,,,0,2864,10E201160,図書費,,,,,24877147,2021-05
2021-05-27,新聞代,10E201160,図書費,,,,,2540,0,10A100020,現金及び預金,,,,,43532,2021-05
2021-05-27,新聞代,10E201160,図書費,,,,,2864,0,10A100020,現金及び預金,,,,,46396,2021-05
2021-05-27,タイヤ交換,10A100020,現金及び預金,,,,,0,75000,10E201120,車両費,,,,,24802147,2021-05
2021-05-27,タイヤ交換,10E201120,車両費,,,,,75000,0,10A100020,現金及び預金,,,,,877925,2021-05
2021-05-27,保険料支払,10A100020,現金及び預金,10,北海道 駅前,,,0,54320,10E200240,保険料,,,,,24747827,2021-05
2021-05-27,保険料支払,10E200240,保険料,,,,,54320,0,10A100020,現金及び預金,10,北海道 駅前,,,373140,2021-05
2021-05-27,会費,10A100020,現金及び預金,,,,,0,13000,10E200140,福利厚生費,,,,,24734827,2021-05
2021-05-27,会費,10E200140,福利厚生費,,,,,13000,0,10A100020,現金及び預金,,,,,665316,2021-05
2021-05-27,ガソリン代,10A100020,現金及び預金,,,,,0,150000,10E201120,車両費,,,,,24584827,2021-05
2021-05-27,車両管理費,10A100020,現金及び預金,,,,,0,34200,10E201120,車両費,,,,,24550627,2021-05
2021-05-27,ガソリン代,10E201120,車両費,,,,,150000,0,10A100020,現金及び預金,,,,,1027925,2021-05
2021-05-27,車両管理費,10E201120,車両費,,,,,34200,0,10A100020,現金及び預金,,,,,1062125,2021-05
2021-05-27,携帯代,10A100020,現金及び預金,20,みずほ 本店,,,0,65404,10E200180,通信費,,,,,24485223,2021-05
2021-05-27,携帯代,10E200180,通信費,,,,,65404,0,10A100020,現金及び預金,20,みずほ 本店,,,2485305,2021-05
2021-05-27,ガソリン代,10A100020,現金及び預金,,,,,0,3714,10E201120,車両費,,,,,24481509,2021-05
2021-05-27,ガソリン代,10E201120,車両費,,,,,3714,0,10A100020,現金及び預金,,,,,1065839,2021-05
2021-05-27,新聞代,10A100020,現金及び預金,,,,,0,3568,10E201160,図書費,,,,,24477941,2021-05
2021-05-27,新聞代,10E201160,図書費,,,,,3568,0,10A100020,現金及び預金,,,,,49964,2021-05
2021-05-28,ＪＲ代,10A100020,現金及び預金,,,,,0,16420,10E201230,旅費及び交通費,,,,,24461521,2021-05
2021-05-28,ＪＲ代,10E201230,旅費及び交通費,,,,,16420,0,10A100020,現金及び預金,,,,,2154193,2021-05
2021-05-28,事務用品費,10B100630,未払金,,,,,0,3450,10E201110,事務用消耗品費,,,,,4291623,2021-05
2021-05-28,事務用品費,10E201110,事務用消耗品費,,,,,3450,0,10B100630,未払金,,,,,285543,2021-05
2021-05-28,修繕費,10B100630,未払金,,,,,0,17700,10E201000,修繕維持費,,,,,4309323,2021-05
2021-05-28,修繕費,10E201000,修繕維持費,,,,,17700,0,10B100630,未払金,,,,,158550,2021-05
2021-05-29,資金移動,10A100020,現金及び預金,20,みずほ 本店,,,7000000,0,10A100020,現金及び預金,10,北海道 駅前,,,31461521,2021-05
2021-05-29,資金移動,10A100020,現金及び預金,20,みずほ 本店,,,6500000,0,10A100020,現金及び預金,30,三井 名古屋,,,37961521,2021-05
2021-05-29,資金移動,10A100020,現金及び預金,20,みずほ 本店,,,5500000,0,10A100020,現金及び預金,40,三菱東京 梅田,,,43461521,2021-05
2021-05-29,資金移動,10A100020,現金及び預金,20,みずほ 本店,,,2000000,0,10A100020,現金及び預金,50,福岡 北九州,,,45461521,2021-05
2021-05-29,資金移動,10A100020,現金及び預金,10,北海道 駅前,,,0,7000000,10A100020,現金及び預金,20,みずほ 本店,,,38461521,2021-05
2021-05-29,資金移動,10A100020,現金及び預金,30,三井 名古屋,,,0,6500000,10A100020,現金及び預金,20,みずほ 本店,,,31961521,2021-05
2021-05-29,資金移動,10A100020,現金及び預金,40,三菱東京 梅田,,,0,5500000,10A100020,現金及び預金,20,みずほ 本店,,,26461521,2021-05
2021-05-29,資金移動,10A100020,現金及び預金,50,福岡 北九州,,,0,2000000,10A100020,現金及び預金,20,みずほ 本店,,,24461521,2021-05
2021-05-29,車両管理費,10A100020,現金及び預金,,,,,0,6486,10E201120,車両費,,,,,24455035,2021-05
2021-05-29,高速代,10A100020,現金及び預金,,,,,0,9715,10E201120,車両費,,,,,24445320,2021-05
2021-05-29,駐車代,10A100020,現金及び預金,,,,,0,1200,10E201120,車両費,,,,,24444120,2021-05
2021-05-29,車両管理費,10E201120,車両費,,,,,6486,0,10A100020,現金及び預金,,,,,1072325,2021-05
2021-05-29,高速代,10E201120,車両費,,,,,9715,0,10A100020,現金及び預金,,,,,1082040,2021-05
2021-05-29,駐車代,10E201120,車両費,,,,,1200,0,10A100020,現金及び預金,,,,,1083240,2021-05
2021-05-29,飲食代,10B100630,未払金,,,,,0,36054,10E200150,交際費,,,,,4345377,2021-05
2021-05-29,飲食代,10E200150,交際費,,,,,36054,0,10B100630,未払金,,,,,798943,2021-05
2021-05-29,会議 飲食代,10A100020,現金及び預金,,,,,0,23954,10E201130,会議費,,,,,24420166,2021-05
2021-05-29,会議 飲食代,10E201130,会議費,,,,,23954,0,10A100020,現金及び預金,,,,,80469,2021-05
2021-05-30,会費,10A100020,現金及び預金,,,,,0,14000,10E200140,福利厚生費,,,,,24406166,2021-05
2021-05-30,会費,10E200140,福利厚生費,,,,,14000,0,10A100020,現金及び預金,,,,,679316,2021-05
2021-05-30,保険料,10A100020,現金及び預金,40,三菱東京 梅田,,,0,64500,10E200240,保険料,,,,,24341666,2021-05
2021-05-30,保険料,10E200240,保険料,,,,,64500,0,10A100020,現金及び預金,40,三菱東京 梅田,,,437640,2021-05
2021-05-30,有線,10B100630,未払金,,,,,0,6000,10E201270,雑費,,,,,4351377,2021-05
2021-05-30,警備料,10B100630,未払金,,,,,0,42858,10E201270,雑費,,,,,4394235,2021-05
2021-05-30,高速料,10B100630,未払金,,,,,0,53315,10E201120,車両費,,,,,4447550,2021-05
2021-05-30,清掃料,10B100630,未払金,,,,,0,73500,10E201270,雑費,,,,,4521050,2021-05
2021-05-30,高速料,10E201120,車両費,,,,,53315,0,10B100630,未払金,,,,,1136555,2021-05
2021-05-30,有線,10E201270,雑費,,,,,6000,0,10B100630,未払金,,,,,693242,2021-05
2021-05-30,警備料,10E201270,雑費,,,,,42858,0,10B100630,未払金,,,,,736100,2021-05
2021-05-30,清掃料,10E201270,雑費,,,,,73500,0,10B100630,未払金,,,,,809600,2021-05
2021-05-30,ウォッシャー液他,10A100020,現金及び預金,,,,,0,630,10E201120,車両費,,,,,24341036,2021-05
2021-05-30,ウォッシャー液他,10E201120,車両費,,,,,630,0,10A100020,現金及び預金,,,,,1137185,2021-05
2021-05-30,事務用品,10A100020,現金及び預金,,,,,0,5320,10E201110,事務用消耗品費,,,,,24335716,2021-05
2021-05-30,事務用品,10E201110,事務用消耗品費,,,,,5320,0,10A100020,現金及び預金,,,,,290863,2021-05
2021-05-30,有線,10B100630,未払金,,,,,0,6000,10E201270,雑費,,,,,4527050,2021-05
2021-05-30,警備料,10B100630,未払金,,,,,0,52381,10E201270,雑費,,,,,4579431,2021-05
2021-05-30,高速料,10B100630,未払金,,,,,0,73315,10E201120,車両費,,,,,4652746,2021-05
2021-05-30,清掃料,10B100630,未払金,,,,,0,73500,10E201270,雑費,,,,,4726246,2021-05
2021-05-30,高速料,10E201120,車両費,,,,,73315,0,10B100630,未払金,,,,,1210500,2021-05
2021-05-30,有線,10E201270,雑費,,,,,6000,0,10B100630,未払金,,,,,815600,2021-05
2021-05-30,警備料,10E201270,雑費,,,,,52381,0,10B100630,未払金,,,,,867981,2021-05
2021-05-30,清掃料,10E201270,雑費,,,,,73500,0,10B100630,未払金,,,,,941481,2021-05
2021-05-30,警備料,10A100020,現金及び預金,30,三井 名古屋,,,0,22470,10E201270,雑費,,,,,24313246,2021-05
2021-05-30,警備料,10E201270,雑費,,,,,22470,0,10A100020,現金及び預金,30,三井 名古屋,,,963951,2021-05
2021-05-31,運賃 佐川急便,10B100630,未払金,,,,,0,89140,10E200870,運賃,,,,,4815386,2021-05
2021-05-31,運賃 佐川急便,10E200870,運賃,,,,,89140,0,10B100630,未払金,,,,,3669287,2021-05
2021-05-31,5月1日～5月31日分売上,10A100090,売掛金,5,㈱ABC,,,1245400,0,10D100102,電子取引以外総売上高,,,,,-100123928,2021-05
2021-05-31,5月1日～5月31日分売上,10A100090,売掛金,14,㈱藤田,,,1329984,0,10D100102,電子取引以外総売上高,,,,,-98793944,2021-05
2021-05-31,5月1日～5月31日分売上,10A100090,売掛金,25,㈱小林ﾏｰｹｯﾄ,,,3964716,0,10D100102,電子取引以外総売上高,,,,,-94829228,2021-05
2021-05-31,5月1日～5月31日分売上,10D100102,電子取引以外総売上高,,,,,0,1245400,10A100090,売掛金,5,㈱ABC,,,61750952,2021-05
2021-05-31,5月1日～5月31日分売上,10D100102,電子取引以外総売上高,,,,,0,1329984,10A100090,売掛金,14,㈱藤田,,,63080936,2021-05
2021-05-31,5月1日～5月31日分売上,10D100102,電子取引以外総売上高,,,,,0,3964716,10A100090,売掛金,25,㈱小林ﾏｰｹｯﾄ,,,67045652,2021-05
2021-05-31,5月1日～5月31日分売上,10D100102,電子取引以外総売上高,,,,,0,101952,10D100111,電子取引売上値引及び戻り高,,,,,67147604,2021-05
2021-05-31,5月1日～5月31日分売上,10D100102,電子取引以外総売上高,,,,,0,40800,10D100112,電子取引以外売上値引及び戻り高,,,,,67188404,2021-05
2021-05-31,5月1日～5月31日分売上,10D100111,電子取引売上値引及び戻り高,,,,,101952,0,10D100102,電子取引以外総売上高,,,,,126432,2021-05
2021-05-31,5月1日～5月31日分売上,10D100112,電子取引以外売上値引及び戻り高,,,,,40800,0,10D100102,電子取引以外総売上高,,,,,184256,2021-05
2021-05-31,5月1日～5月31日分売上,10A100090,売掛金,30,㈱YAG,,,1379070,0,10D100101,電子取引総売上高,,,,,-93450158,2021-05
2021-05-31,5月1日～5月31日分売上,10A100090,売掛金,2,今井百貨店,,,15044472,0,10D100101,電子取引総売上高,,,,,-78405686,2021-05
2021-05-31,5月1日～5月31日分売上,10A100090,売掛金,11,㈱斉藤,,,859668,0,10D100101,電子取引総売上高,,,,,-77546018,2021-05
2021-05-31,5月1日～5月31日分売上,10A100090,売掛金,12,もみじﾃﾞﾊﾟｰﾄ,,,8059094,0,10D100101,電子取引総売上高,,,,,-69486924,2021-05
2021-05-31,5月1日～5月31日分売上,10A100090,売掛金,13,阿部商事㈱,,,883097,0,10D100101,電子取引総売上高,,,,,-68603827,2021-05
2021-05-31,5月1日～5月31日分売上,10A100090,売掛金,14,㈱藤田,,,1587526,0,10D100101,電子取引総売上高,,,,,-67016301,2021-05
2021-05-31,5月1日～5月31日分売上,10A100090,売掛金,24,㈱畠山商事,,,730124,0,10D100101,電子取引総売上高,,,,,-66286177,2021-05
2021-05-31,5月1日～5月31日分売上,10A100090,売掛金,26,佐々木販売㈱,,,1163584,0,10D100101,電子取引総売上高,,,,,-65122593,2021-05
2021-05-31,5月1日～5月31日分売上,10A100090,売掛金,10,(同)ｴｲﾑ商事,,,560672,0,10D100101,電子取引総売上高,,,,,-64561921,2021-05
2021-05-31,5月1日～5月31日分売上,10D100101,電子取引総売上高,,,,,0,1379070,10A100090,売掛金,30,㈱YAG,,,1379070,2021-05
2021-05-31,5月1日～5月31日分売上,10D100101,電子取引総売上高,,,,,0,15044472,10A100090,売掛金,2,今井百貨店,,,16423542,2021-05
2021-05-31,5月1日～5月31日分売上,10D100101,電子取引総売上高,,,,,0,859668,10A100090,売掛金,11,㈱斉藤,,,17283210,2021-05
2021-05-31,5月1日～5月31日分売上,10D100101,電子取引総売上高,,,,,0,8059094,10A100090,売掛金,12,もみじﾃﾞﾊﾟｰﾄ,,,25342304,2021-05
2021-05-31,5月1日～5月31日分売上,10D100101,電子取引総売上高,,,,,0,883097,10A100090,売掛金,13,阿部商事㈱,,,26225401,2021-05
2021-05-31,5月1日～5月31日分売上,10D100101,電子取引総売上高,,,,,0,1587526,10A100090,売掛金,14,㈱藤田,,,27812927,2021-05
2021-05-31,5月1日～5月31日分売上,10D100101,電子取引総売上高,,,,,0,730124,10A100090,売掛金,24,㈱畠山商事,,,28543051,2021-05
2021-05-31,5月1日～5月31日分売上,10D100101,電子取引総売上高,,,,,0,1163584,10A100090,売掛金,26,佐々木販売㈱,,,29706635,2021-05
2021-05-31,5月1日～5月31日分売上,10D100101,電子取引総売上高,,,,,0,560672,10A100090,売掛金,10,(同)ｴｲﾑ商事,,,30267307,2021-05
2021-05-31,5月1日～5月31日分売上,10D100101,電子取引総売上高,,,,,0,32640,10D100111,電子取引売上値引及び戻り高,,,,,30299947,2021-05
2021-05-31,5月1日～5月31日分売上,10D100101,電子取引総売上高,,,,,0,26496,10D100112,電子取引以外売上値引及び戻り高,,,,,30326443,2021-05
2021-05-31,5月1日～5月31日分売上,10D100101,電子取引総売上高,,,,,0,38736,10D100112,電子取引以外売上値引及び戻り高,,,,,30365179,2021-05
2021-05-31,5月1日～5月31日分売上,10D100101,電子取引総売上高,,,,,0,58400,10D100112,電子取引以外売上値引及び戻り高,,,,,30423579,2021-05
2021-05-31,5月1日～5月31日分売上,10D100111,電子取引売上値引及び戻り高,,,,,32640,0,10D100101,電子取引総売上高,,,,,159072,2021-05
2021-05-31,5月1日～5月31日分売上,10D100112,電子取引以外売上値引及び戻り高,,,,,26496,0,10D100101,電子取引総売上高,,,,,210752,2021-05
2021-05-31,5月1日～5月31日分売上,10D100112,電子取引以外売上値引及び戻り高,,,,,38736,0,10D100101,電子取引総売上高,,,,,249488,2021-05
2021-05-31,5月1日～5月31日分売上,10D100112,電子取引以外売上値引及び戻り高,,,,,58400,0,10D100101,電子取引総売上高,,,,,307888,2021-05
2021-05-31,5月1日～5月31日分売上,10A100090,売掛金,7,㈱総合経営,,,1216464,0,10D100102,電子取引以外総売上高,,,,,-63345457,2021-05
2021-05-31,5月1日～5月31日分売上,10A100090,売掛金,14,㈱藤田,,,1192362,0,10D100102,電子取引以外総売上高,,,,,-62153095,2021-05
2021-05-31,5月1日～5月31日分売上,10A100090,売掛金,19,㈱ﾐﾅﾐ,,,1012572,0,10D100102,電子取引以外総売上高,,,,,-61140523,2021-05
2021-05-31,5月1日～5月31日分売上,10A100090,売掛金,27,岩下物産㈱,,,764268,0,10D100102,電子取引以外総売上高,,,,,-60376255,2021-05
2021-05-31,5月1日～5月31日分売上,10A100090,売掛金,6,㈱ｴﾝﾄﾘｰ,,,713868,0,10D100102,電子取引以外総売上高,,,,,-59662387,2021-05
2021-05-31,5月1日～5月31日分売上,10A100090,売掛金,21,(同)たかだ,,,750780,0,10D100102,電子取引以外総売上高,,,,,-58911607,2021-05
2021-05-31,5月1日～5月31日分売上,10D100102,電子取引以外総売上高,,,,,0,1216464,10A100090,売掛金,7,㈱総合経営,,,68404868,2021-05
2021-05-31,5月1日～5月31日分売上,10D100102,電子取引以外総売上高,,,,,0,1192362,10A100090,売掛金,14,㈱藤田,,,69597230,2021-05
2021-05-31,5月1日～5月31日分売上,10D100102,電子取引以外総売上高,,,,,0,1012572,10A100090,売掛金,19,㈱ﾐﾅﾐ,,,70609802,2021-05
2021-05-31,5月1日～5月31日分売上,10D100102,電子取引以外総売上高,,,,,0,764268,10A100090,売掛金,27,岩下物産㈱,,,71374070,2021-05
2021-05-31,5月1日～5月31日分売上,10D100102,電子取引以外総売上高,,,,,0,713868,10A100090,売掛金,6,㈱ｴﾝﾄﾘｰ,,,72087938,2021-05
2021-05-31,5月1日～5月31日分売上,10D100102,電子取引以外総売上高,,,,,0,750780,10A100090,売掛金,21,(同)たかだ,,,72838718,2021-05
2021-05-31,5月1日～5月31日分売上,10D100102,電子取引以外総売上高,,,,,0,74240,10D100112,電子取引以外売上値引及び戻り高,,,,,72912958,2021-05
2021-05-31,リース料,10D100102,電子取引以外総売上高,,,,,0,84000,10E200730,借地借家料,,,,,72996958,2021-05
2021-05-31,5月1日～5月31日分売上,10D100112,電子取引以外売上値引及び戻り高,,,,,74240,0,10D100102,電子取引以外総売上高,,,,,382128,2021-05
2021-05-31,リース料,10E200730,借地借家料,,,,,84000,0,10D100102,電子取引以外総売上高,,,,,377850,2021-05
2021-05-31,5月1日～5月31日分売上,10A100090,売掛金,3,㈱ﾁｪｯｸ,,,733365,0,10D100102,電子取引以外総売上高,,,,,-58178242,2021-05
2021-05-31,5月1日～5月31日分売上,10A100090,売掛金,9,高橋物産㈱,,,806520,0,10D100102,電子取引以外総売上高,,,,,-57371722,2021-05
2021-05-31,5月1日～5月31日分売上,10A100090,売掛金,20,㈱久城商事,,,871688,0,10D100102,電子取引以外総売上高,,,,,-56500034,2021-05
2021-05-31,5月1日～5月31日分売上,10A100090,売掛金,23,㈱鎌田商店,,,910136,0,10D100102,電子取引以外総売上高,,,,,-55589898,2021-05
2021-05-31,5月1日～5月31日分売上,10A100090,売掛金,28,かめだﾃﾞﾊﾟｰﾄ,,,6725128,0,10D100102,電子取引以外総売上高,,,,,-48864770,2021-05
2021-05-31,5月1日～5月31日分売上,10A100090,売掛金,8,ﾀﾜｰ㈱,,,428130,0,10D100102,電子取引以外総売上高,,,,,-48436640,2021-05
2021-05-31,5月1日～5月31日分売上,10A100090,売掛金,14,㈱藤田,,,2209402,0,10D100102,電子取引以外総売上高,,,,,-46227238,2021-05
2021-05-31,5月1日～5月31日分売上,10A100090,売掛金,4,ﾏｰｸﾏｰｹｯﾄ,,,1274640,0,10D100102,電子取引以外総売上高,,,,,-44952598,2021-05
2021-05-31,5月1日～5月31日分売上,10D100102,電子取引以外総売上高,,,,,0,733365,10A100090,売掛金,3,㈱ﾁｪｯｸ,,,73730323,2021-05
2021-05-31,5月1日～5月31日分売上,10D100102,電子取引以外総売上高,,,,,0,806520,10A100090,売掛金,9,高橋物産㈱,,,74536843,2021-05
2021-05-31,5月1日～5月31日分売上,10D100102,電子取引以外総売上高,,,,,0,871688,10A100090,売掛金,20,㈱久城商事,,,75408531,2021-05
2021-05-31,5月1日～5月31日分売上,10D100102,電子取引以外総売上高,,,,,0,910136,10A100090,売掛金,23,㈱鎌田商店,,,76318667,2021-05
2021-05-31,5月1日～5月31日分売上,10D100102,電子取引以外総売上高,,,,,0,6725128,10A100090,売掛金,28,かめだﾃﾞﾊﾟｰﾄ,,,83043795,2021-05
2021-05-31,5月1日～5月31日分売上,10D100102,電子取引以外総売上高,,,,,0,428130,10A100090,売掛金,8,ﾀﾜｰ㈱,,,83471925,2021-05
2021-05-31,5月1日～5月31日分売上,10D100102,電子取引以外総売上高,,,,,0,2209402,10A100090,売掛金,14,㈱藤田,,,85681327,2021-05
2021-05-31,5月1日～5月31日分売上,10D100102,電子取引以外総売上高,,,,,0,1274640,10A100090,売掛金,4,ﾏｰｸﾏｰｹｯﾄ,,,86955967,2021-05
2021-05-31,5月1日～5月31日分売上,10D100102,電子取引以外総売上高,,,,,0,31440,10D100112,電子取引以外売上値引及び戻り高,,,,,86987407,2021-05
2021-05-31,5月1日～5月31日分売上,10D100102,電子取引以外総売上高,,,,,0,21600,10D100111,電子取引売上値引及び戻り高,,,,,87009007,2021-05
2021-05-31,5月1日～5月31日分売上,10D100102,電子取引以外総売上高,,,,,0,18000,10D100111,電子取引売上値引及び戻り高,,,,,87027007,2021-05
2021-05-31,5月1日～5月31日分売上,10D100111,電子取引売上値引及び戻り高,,,,,21600,0,10D100102,電子取引以外総売上高,,,,,180672,2021-05
2021-05-31,5月1日～5月31日分売上,10D100111,電子取引売上値引及び戻り高,,,,,18000,0,10D100102,電子取引以外総売上高,,,,,198672,2021-05
2021-05-31,5月1日～5月31日分売上,10D100112,電子取引以外売上値引及び戻り高,,,,,31440,0,10D100102,電子取引以外総売上高,,,,,413568,2021-05
2021-05-31,5月1日～5月31日分売上,10A100090,売掛金,1,五越㈱,,,1642082,0,10D100102,電子取引以外総売上高,,,,,-43310516,2021-05
2021-05-31,5月1日～5月31日分売上,10A100090,売掛金,14,㈱藤田,,,991728,0,10D100102,電子取引以外総売上高,,,,,-42318788,2021-05
2021-05-31,5月1日～5月31日分売上,10A100090,売掛金,22,㈱渡辺産業,,,1295648,0,10D100102,電子取引以外総売上高,,,,,-41023140,2021-05
2021-05-31,5月1日～5月31日分売上,10A100090,売掛金,29,㈱千代ｻｰﾋﾞｽ,,,843660,0,10D100102,電子取引以外総売上高,,,,,-40179480,2021-05
2021-05-31,5月1日～5月31日分売上,10D100102,電子取引以外総売上高,,,,,0,1642082,10A100090,売掛金,1,五越㈱,,,88669089,2021-05
2021-05-31,5月1日～5月31日分売上,10D100102,電子取引以外総売上高,,,,,0,991728,10A100090,売掛金,14,㈱藤田,,,89660817,2021-05
2021-05-31,5月1日～5月31日分売上,10D100102,電子取引以外総売上高,,,,,0,1295648,10A100090,売掛金,22,㈱渡辺産業,,,90956465,2021-05
2021-05-31,5月1日～5月31日分売上,10D100102,電子取引以外総売上高,,,,,0,843660,10A100090,売掛金,29,㈱千代ｻｰﾋﾞｽ,,,91800125,2021-05
2021-05-31,5月1日～5月31日分売上,10D100102,電子取引以外総売上高,,,,,0,35200,10D100112,電子取引以外売上値引及び戻り高,,,,,91835325,2021-05
2021-05-31,5月1日～5月31日分売上,10D100102,電子取引以外総売上高,,,,,0,24960,10D100112,電子取引以外売上値引及び戻り高,,,,,91860285,2021-05
2021-05-31,5月1日～5月31日分売上,10D100112,電子取引以外売上値引及び戻り高,,,,,35200,0,10D100102,電子取引以外総売上高,,,,,448768,2021-05
2021-05-31,5月1日～5月31日分売上,10D100112,電子取引以外売上値引及び戻り高,,,,,24960,0,10D100102,電子取引以外総売上高,,,,,473728,2021-05
2021-05-31,5月31日伝票No225マークマーケット,10A100020,現金及び預金,40,三菱東京 梅田,,,1259966,0,10A100090,売掛金,4,ﾏｰｸﾏｰｹｯﾄ,,,25573212,2021-05
2021-05-31,5月31日伝票No225マークマーケット,10A100090,売掛金,4,ﾏｰｸﾏｰｹｯﾄ,,,0,1259966,10A100020,現金及び預金,40,三菱東京 梅田,,,-41439446,2021-05
2021-05-31,5月31日伝票No225マークマーケット,10A100090,売掛金,4,ﾏｰｸﾏｰｹｯﾄ,,,0,840,10E200690,支払手数料,,,,,-41440286,2021-05
2021-05-31,5月31日伝票No225マークマーケット,10E200690,支払手数料,,,,,840,0,10A100090,売掛金,4,ﾏｰｸﾏｰｹｯﾄ,,,21314,2021-05
2021-05-31,5月31日伝票No226株式会社 ＡＢＣ,10A100020,現金及び預金,10,北海道 駅前,,,1612363,0,10A100090,売掛金,5,㈱ABC,,,27185575,2021-05
2021-05-31,5月31日伝票No226株式会社 ＡＢＣ,10A100090,売掛金,5,㈱ABC,,,0,1612363,10A100020,現金及び預金,10,北海道 駅前,,,-43052649,2021-05
2021-05-31,5月31日伝票No226株式会社 ＡＢＣ,10A100090,売掛金,5,㈱ABC,,,0,840,10E200690,支払手数料,,,,,-43053489,2021-05
2021-05-31,5月31日伝票No226株式会社 ＡＢＣ,10E200690,支払手数料,,,,,840,0,10A100090,売掛金,5,㈱ABC,,,22154,2021-05
2021-05-31,5月31日伝票No227もみじデパート,10A100060,受取手形,,,,,11429498,0,10A100090,売掛金,12,もみじﾃﾞﾊﾟｰﾄ,,,37349654,2021-05
2021-05-31,5月31日伝票No227もみじデパート,10A100090,売掛金,12,もみじﾃﾞﾊﾟｰﾄ,,,0,11429498,10A100060,受取手形,,,,,-54482987,2021-05
2021-05-31,5月31日伝票No228株式会社 畠山商事,10A100020,現金及び預金,20,みずほ 本店,,,450903,0,10A100090,売掛金,24,㈱畠山商事,,,27636478,2021-05
2021-05-31,5月31日伝票No228株式会社 畠山商事,10A100090,売掛金,24,㈱畠山商事,,,0,450903,10A100020,現金及び預金,20,みずほ 本店,,,-54933890,2021-05
2021-05-31,5月31日伝票No228株式会社 畠山商事,10A100090,売掛金,24,㈱畠山商事,,,0,630,10E200690,支払手数料,,,,,-54934520,2021-05
2021-05-31,5月31日伝票No228株式会社 畠山商事,10E200690,支払手数料,,,,,630,0,10A100090,売掛金,24,㈱畠山商事,,,22784,2021-05
2021-05-31,5月31日伝票No229株式会社 千代サービス,10A100020,現金及び預金,50,福岡 北九州,,,479283,0,10A100090,売掛金,29,㈱千代ｻｰﾋﾞｽ,,,28115761,2021-05
2021-05-31,5月31日伝票No229株式会社 千代サービス,10A100090,売掛金,29,㈱千代ｻｰﾋﾞｽ,,,0,479283,10A100020,現金及び預金,50,福岡 北九州,,,-55413803,2021-05
2021-05-31,5月31日伝票No229株式会社 千代サービス,10A100090,売掛金,29,㈱千代ｻｰﾋﾞｽ,,,0,210,10E200690,支払手数料,,,,,-55414013,2021-05
2021-05-31,5月31日伝票No229株式会社 千代サービス,10E200690,支払手数料,,,,,210,0,10A100090,売掛金,29,㈱千代ｻｰﾋﾞｽ,,,22994,2021-05
2021-05-31,5月31日伝票No451合同会社 エイム商事,10A100020,現金及び預金,,,,,641884,0,10A100090,売掛金,10,(同)ｴｲﾑ商事,,,28757645,2021-05
2021-05-31,5月31日伝票No451合同会社 エイム商事,10A100090,売掛金,10,(同)ｴｲﾑ商事,,,0,641884,10A100020,現金及び預金,,,,,-56055897,2021-05
2021-05-31,5月1日～5月31日分仕入,10B100040,買掛金,8,㈱山下,,,0,72576,10E100132,電子取引以外当期商品仕入高,,,,,-34452888,2021-05
2021-05-31,5月1日～5月31日分仕入,10B100040,買掛金,8,㈱山下,,,0,135474,10E100132,電子取引以外当期商品仕入高,,,,,-34317414,2021-05
2021-05-31,5月1日～5月31日分仕入,10E100132,電子取引以外当期商品仕入高,,,,,72576,0,10B100040,買掛金,8,㈱山下,,,23278024,2021-05
2021-05-31,5月1日～5月31日分仕入,10E100132,電子取引以外当期商品仕入高,,,,,135474,0,10B100040,買掛金,8,㈱山下,,,23413498,2021-05
2021-05-31,5月1日～5月31日分仕入,10B100040,買掛金,11,㈱まつむら,,,42386,0,10B100040,買掛金,11,㈱まつむら,,,-34359800,2021-05
2021-05-31,5月1日～5月31日分仕入,10B100040,買掛金,3,㈱ﾁｪｯｸ,,,81144,0,10B100040,買掛金,11,㈱まつむら,,,-34440944,2021-05
2021-05-31,5月1日～5月31日分仕入,10B100040,買掛金,11,㈱まつむら,,,0,4270793,10E100131,電子取引当期商品仕入高,,,,,-30170151,2021-05
2021-05-31,5月1日～5月31日分仕入,10B100040,買掛金,11,㈱まつむら,,,0,6139435,10E100132,電子取引以外当期商品仕入高,,,,,-24030716,2021-05
2021-05-31,5月1日～5月31日分仕入,10B100040,買掛金,11,㈱まつむら,,,0,42386,10B100040,買掛金,11,㈱まつむら,,,-23988330,2021-05
2021-05-31,5月1日～5月31日分仕入,10B100040,買掛金,11,㈱まつむら,,,0,2895984,10E100131,電子取引当期商品仕入高,,,,,-21092346,2021-05
2021-05-31,5月1日～5月31日分仕入,10B100040,買掛金,11,㈱まつむら,,,0,3107835,10E100132,電子取引以外当期商品仕入高,,,,,-17984511,2021-05
2021-05-31,5月1日～5月31日分仕入,10B100040,買掛金,11,㈱まつむら,,,0,630800,10E100132,電子取引以外当期商品仕入高,,,,,-17353711,2021-05
2021-05-31,5月1日～5月31日分仕入,10B100040,買掛金,11,㈱まつむら,,,0,1291839,10E100131,電子取引当期商品仕入高,,,,,-16061872,2021-05
2021-05-31,5月1日～5月31日分仕入,10B100040,買掛金,11,㈱まつむら,,,0,330220,10E100131,電子取引当期商品仕入高,,,,,-15731652,2021-05
2021-05-31,5月1日～5月31日分仕入,10B100040,買掛金,11,㈱まつむら,,,0,140313,10E100132,電子取引以外当期商品仕入高,,,,,-15591339,2021-05
2021-05-31,5月1日～5月31日分仕入,10B100040,買掛金,11,㈱まつむら,,,0,81144,10B100040,買掛金,3,㈱ﾁｪｯｸ,,,-15510195,2021-05
2021-05-31,5月1日～5月31日分仕入,10E100131,電子取引当期商品仕入高,,,,,4270793,0,10B100040,買掛金,11,㈱まつむら,,,16557027,2021-05
2021-05-31,5月1日～5月31日分仕入,10E100131,電子取引当期商品仕入高,,,,,2895984,0,10B100040,買掛金,11,㈱まつむら,,,19453011,2021-05
2021-05-31,5月1日～5月31日分仕入,10E100131,電子取引当期商品仕入高,,,,,1291839,0,10B100040,買掛金,11,㈱まつむら,,,20744850,2021-05
2021-05-31,5月1日～5月31日分仕入,10E100131,電子取引当期商品仕入高,,,,,330220,0,10B100040,買掛金,11,㈱まつむら,,,21075070,2021-05
2021-05-31,5月1日～5月31日分仕入,10E100132,電子取引以外当期商品仕入高,,,,,6139435,0,10B100040,買掛金,11,㈱まつむら,,,29552933,2021-05
2021-05-31,5月1日～5月31日分仕入,10E100132,電子取引以外当期商品仕入高,,,,,3107835,0,10B100040,買掛金,11,㈱まつむら,,,32660768,2021-05
2021-05-31,5月1日～5月31日分仕入,10E100132,電子取引以外当期商品仕入高,,,,,630800,0,10B100040,買掛金,11,㈱まつむら,,,33291568,2021-05
2021-05-31,5月1日～5月31日分仕入,10E100132,電子取引以外当期商品仕入高,,,,,140313,0,10B100040,買掛金,11,㈱まつむら,,,33431881,2021-05
2021-05-31,5月1日～5月31日分仕入,10B100040,買掛金,9,斉藤産業㈱,,,12903,0,10B100040,買掛金,7,㈱ｻﾝｾｯﾄ,,,-15523098,2021-05
2021-05-31,5月1日～5月31日分仕入,10B100040,買掛金,7,㈱ｻﾝｾｯﾄ,,,17337,0,10B100040,買掛金,7,㈱ｻﾝｾｯﾄ,,,-15540435,2021-05
2021-05-31,5月1日～5月31日分仕入,10B100040,買掛金,7,㈱ｻﾝｾｯﾄ,,,0,3549759,10E100132,電子取引以外当期商品仕入高,,,,,-11990676,2021-05
2021-05-31,5月1日～5月31日分仕入,10B100040,買掛金,7,㈱ｻﾝｾｯﾄ,,,0,1772046,10E100132,電子取引以外当期商品仕入高,,,,,-10218630,2021-05
2021-05-31,5月1日～5月31日分仕入,10B100040,買掛金,7,㈱ｻﾝｾｯﾄ,,,0,1154355,10E100131,電子取引当期商品仕入高,,,,,-9064275,2021-05
2021-05-31,5月1日～5月31日分仕入,10B100040,買掛金,7,㈱ｻﾝｾｯﾄ,,,0,12903,10B100040,買掛金,9,斉藤産業㈱,,,-9051372,2021-05
2021-05-31,5月1日～5月31日分仕入,10B100040,買掛金,7,㈱ｻﾝｾｯﾄ,,,0,17337,10B100040,買掛金,7,㈱ｻﾝｾｯﾄ,,,-9034035,2021-05
2021-05-31,5月1日～5月31日分仕入,10B100040,買掛金,7,㈱ｻﾝｾｯﾄ,,,0,190510,10E100132,電子取引以外当期商品仕入高,,,,,-8843525,2021-05
2021-05-31,5月1日～5月31日分仕入,10E100131,電子取引当期商品仕入高,,,,,1154355,0,10B100040,買掛金,7,㈱ｻﾝｾｯﾄ,,,22229425,2021-05
2021-05-31,5月1日～5月31日分仕入,10E100132,電子取引以外当期商品仕入高,,,,,3549759,0,10B100040,買掛金,7,㈱ｻﾝｾｯﾄ,,,36981640,2021-05
2021-05-31,5月1日～5月31日分仕入,10E100132,電子取引以外当期商品仕入高,,,,,1772046,0,10B100040,買掛金,7,㈱ｻﾝｾｯﾄ,,,38753686,2021-05
2021-05-31,5月1日～5月31日分仕入,10E100132,電子取引以外当期商品仕入高,,,,,190510,0,10B100040,買掛金,7,㈱ｻﾝｾｯﾄ,,,38944196,2021-05
2021-05-31,5月1日～5月31日分仕入,10B100040,買掛金,10,鈴木販売㈱,,,56044,0,10B100040,買掛金,10,鈴木販売㈱,,,-8899569,2021-05
2021-05-31,5月1日～5月31日分仕入,10B100040,買掛金,5,小藤丸㈱,,,22176,0,10B100040,買掛金,10,鈴木販売㈱,,,-8921745,2021-05
2021-05-31,5月1日～5月31日分仕入,10B100040,買掛金,10,鈴木販売㈱,,,0,3030717,10E100131,電子取引当期商品仕入高,,,,,-5891028,2021-05
2021-05-31,5月1日～5月31日分仕入,10B100040,買掛金,10,鈴木販売㈱,,,0,3530262,10E100132,電子取引以外当期商品仕入高,,,,,-2360766,2021-05
2021-05-31,5月1日～5月31日分仕入,10B100040,買掛金,10,鈴木販売㈱,,,0,3744310,10E100132,電子取引以外当期商品仕入高,,,,,1383544,2021-05
2021-05-31,5月1日～5月31日分仕入,10B100040,買掛金,10,鈴木販売㈱,,,0,926133,10E100132,電子取引以外当期商品仕入高,,,,,2309677,2021-05
2021-05-31,5月1日～5月31日分仕入,10B100040,買掛金,10,鈴木販売㈱,,,0,169344,10E100132,電子取引以外当期商品仕入高,,,,,2479021,2021-05
2021-05-31,5月1日～5月31日分仕入,10B100040,買掛金,10,鈴木販売㈱,,,0,56044,10B100040,買掛金,10,鈴木販売㈱,,,2535065,2021-05
2021-05-31,5月1日～5月31日分仕入,10B100040,買掛金,10,鈴木販売㈱,,,0,283648,10E100132,電子取引以外当期商品仕入高,,,,,2818713,2021-05
2021-05-31,5月1日～5月31日分仕入,10B100040,買掛金,10,鈴木販売㈱,,,0,22176,10B100040,買掛金,5,小藤丸㈱,,,2840889,2021-05
2021-05-31,5月1日～5月31日分仕入,10E100131,電子取引当期商品仕入高,,,,,3030717,0,10B100040,買掛金,10,鈴木販売㈱,,,25260142,2021-05
2021-05-31,5月1日～5月31日分仕入,10E100132,電子取引以外当期商品仕入高,,,,,3530262,0,10B100040,買掛金,10,鈴木販売㈱,,,42474458,2021-05
2021-05-31,5月1日～5月31日分仕入,10E100132,電子取引以外当期商品仕入高,,,,,3744310,0,10B100040,買掛金,10,鈴木販売㈱,,,46218768,2021-05
2021-05-31,5月1日～5月31日分仕入,10E100132,電子取引以外当期商品仕入高,,,,,926133,0,10B100040,買掛金,10,鈴木販売㈱,,,47144901,2021-05
2021-05-31,5月1日～5月31日分仕入,10E100132,電子取引以外当期商品仕入高,,,,,169344,0,10B100040,買掛金,10,鈴木販売㈱,,,47314245,2021-05
2021-05-31,5月1日～5月31日分仕入,10E100132,電子取引以外当期商品仕入高,,,,,283648,0,10B100040,買掛金,10,鈴木販売㈱,,,47597893,2021-05
2021-05-31,5月1日～5月31日分仕入,10B100040,買掛金,8,㈱山下,,,0,24192,10E100132,電子取引以外当期商品仕入高,,,,,2865081,2021-05
2021-05-31,5月1日～5月31日分仕入,10B100040,買掛金,8,㈱山下,,,0,55036,10E100132,電子取引以外当期商品仕入高,,,,,2920117,2021-05
2021-05-31,5月1日～5月31日分仕入,10E100132,電子取引以外当期商品仕入高,,,,,24192,0,10B100040,買掛金,8,㈱山下,,,47622085,2021-05
2021-05-31,5月1日～5月31日分仕入,10E100132,電子取引以外当期商品仕入高,,,,,55036,0,10B100040,買掛金,8,㈱山下,,,47677121,2021-05
2021-05-31,5月31日伝票No146株式会社 Pole,10A100020,現金及び預金,20,みずほ 本店,,,0,1115850,10B100040,買掛金,2,㈱Pole,,,27641795,2021-05
2021-05-31,5月31日伝票No146株式会社 Pole,10B100040,買掛金,2,㈱Pole,,,1115850,0,10A100020,現金及び預金,20,みずほ 本店,,,1804267,2021-05
2021-05-31,5月31日伝票No147小藤丸株式会社,10B100030,支払手形,,,,,0,3467360,10B100040,買掛金,5,小藤丸㈱,,,1592086,2021-05
2021-05-31,5月31日伝票No147小藤丸株式会社,10B100040,買掛金,5,小藤丸㈱,,,3467360,0,10B100030,支払手形,,,,,-1663093,2021-05
2021-05-31,5月31日伝票No148株式会社 サンセット,10A100020,現金及び預金,20,みずほ 本店,,,0,3387545,10B100040,買掛金,7,㈱ｻﾝｾｯﾄ,,,24254250,2021-05
2021-05-31,5月31日伝票No148株式会社 サンセット,10B100040,買掛金,7,㈱ｻﾝｾｯﾄ,,,3387545,0,10A100020,現金及び預金,20,みずほ 本店,,,-5050638,2021-05
2021-05-31,5月31日伝票No149斉藤産業株式会社,10B100030,支払手形,,,,,0,1744898,10B100040,買掛金,9,斉藤産業㈱,,,3336984,2021-05
2021-05-31,5月31日伝票No149斉藤産業株式会社,10B100040,買掛金,9,斉藤産業㈱,,,1744898,0,10B100030,支払手形,,,,,-6795536,2021-05
2021-05-31,5月31日伝票No150鈴木販売株式会社,10A100020,現金及び預金,20,みずほ 本店,,,0,2926580,10B100040,買掛金,10,鈴木販売㈱,,,21327670,2021-05
2021-05-31,5月31日伝票No150鈴木販売株式会社,10B100040,買掛金,10,鈴木販売㈱,,,2926580,0,10A100020,現金及び預金,20,みずほ 本店,,,-9722116,2021-05
2021-05-31,5月31日伝票No151株式会社 有江,10A100020,現金及び預金,20,みずほ 本店,,,0,322812,10B100040,買掛金,12,㈱有江,,,21004858,2021-05
2021-05-31,5月31日伝票No151株式会社 有江,10B100040,買掛金,12,㈱有江,,,322812,0,10A100020,現金及び預金,20,みずほ 本店,,,-10044928,2021-05
2021-05-31,5月31日伝票No152ナカムラ産業株式会社,10A100020,現金及び預金,20,みずほ 本店,,,0,1985810,10B100040,買掛金,13,ﾅｶﾑﾗ産業㈱,,,19019048,2021-05
2021-05-31,5月31日伝票No152ナカムラ産業株式会社,10B100040,買掛金,13,ﾅｶﾑﾗ産業㈱,,,1985810,0,10A100020,現金及び預金,20,みずほ 本店,,,-12030738,2021-05
2021-05-31,5月31日伝票No153合同会社 ウェスト,10A100020,現金及び預金,20,みずほ 本店,,,0,2584863,10B100040,買掛金,14,(同)ｳｪｽﾄ,,,16434185,2021-05
2021-05-31,5月31日伝票No153合同会社 ウェスト,10B100040,買掛金,14,(同)ｳｪｽﾄ,,,2584863,0,10A100020,現金及び預金,20,みずほ 本店,,,-14615601,2021-05
2021-05-31,手形満期 今井百貨店,10A100020,現金及び預金,1,みずほ銀行,,,13153880,0,10A100020,現金及び預金,20,みずほ 本店,,,29588065,2021-05
2021-05-31,5月31日伝票No154株式会社 はなまる商事,10A100020,現金及び預金,20,みずほ 本店,,,0,1130334,10B100040,買掛金,15,㈱はなまる商事,,,28457731,2021-05
2021-05-31,手形満期 今井百貨店,10A100020,現金及び預金,20,みずほ 本店,,,0,13153880,10A100020,現金及び預金,1,みずほ銀行,,,15303851,2021-05
2021-05-31,5月31日伝票No154株式会社 はなまる商事,10B100040,買掛金,15,㈱はなまる商事,,,1130334,0,10A100020,現金及び預金,20,みずほ 本店,,,-15745935,2021-05
2021-05-31,手形満期 かめだデパート,10A100020,現金及び預金,1,みずほ銀行,,,7756692,0,10A100060,受取手形,,,,,23060543,2021-05
2021-05-31,手形満期 かめだデパート,10A100060,受取手形,,,,,0,7756692,10A100020,現金及び預金,1,みずほ銀行,,,29592962,2021-05
2021-05-31,手形期日落日 小藤丸,10A100020,現金及び預金,1,みずほ銀行,,,0,3512659,10B100030,支払手形,,,,,19547884,2021-05
2021-05-31,手形期日落日 斉藤産業,10A100020,現金及び預金,1,みずほ銀行,,,0,1647815,10B100030,支払手形,,,,,17900069,2021-05
2021-05-31,手形期日落日 鈴木販売,10A100020,現金及び預金,1,みずほ銀行,,,0,3005608,10B100030,支払手形,,,,,14894461,2021-05
2021-05-31,手形期日落日 小藤丸,10B100030,支払手形,,,,,3512659,0,10A100020,現金及び預金,1,みずほ銀行,,,-175675,2021-05
2021-05-31,手形期日落日 斉藤産業,10B100030,支払手形,,,,,1647815,0,10A100020,現金及び預金,1,みずほ銀行,,,-1823490,2021-05
2021-05-31,手形期日落日 鈴木販売,10B100030,支払手形,,,,,3005608,0,10A100020,現金及び預金,1,みずほ銀行,,,-4829098,2021-05
2021-05-31,運賃,10B100630,未払金,,,,,0,170900,10E200870,運賃,,,,,4986286,2021-05
2021-05-31,運賃,10E200870,運賃,,,,,170900,0,10B100630,未払金,,,,,3840187,2021-05
2021-05-31,貸付金返済,10A100020,現金及び預金,20,みずほ 本店,,,40000,0,10A100610,短期貸付金,,,,,14934461,2021-05
2021-05-31,貸付金返済,10A100610,短期貸付金,,,,,0,40000,10A100020,現金及び預金,20,みずほ 本店,,,-80000,2021-05
2021-05-31,事業税等支払,10A100020,現金及び預金,20,みずほ 本店,,,0,1862000,10B100650,未払事業所税,,,,,13072461,2021-05
2021-05-31,法人税支払,10A100020,現金及び預金,20,みずほ 本店,,,0,2864378,10B100640,未払法人税等,,,,,10208083,2021-05
2021-05-31,消費税支払,10A100020,現金及び預金,20,みずほ 本店,,,0,4947100,10B100660,未払消費税等,,,,,5260983,2021-05
2021-05-31,法人税支払,10B100640,未払法人税等,,,,,2864378,0,10A100020,現金及び預金,20,みずほ 本店,,,-2864378,2021-05
2021-05-31,事業税等支払,10B100650,未払事業所税,,,,,1862000,0,10A100020,現金及び預金,20,みずほ 本店,,,-1862000,2021-05
2021-05-31,消費税支払,10B100660,未払消費税等,,,,,4947100,0,10A100020,現金及び預金,20,みずほ 本店,,,-4947100,2021-05
2021-05-31,定期積立金,10A100020,現金及び預金,,,,,500000,0,10A100020,現金及び預金,20,みずほ 本店,,,5760983,2021-05
2021-05-31,定期積立金,10A100020,現金及び預金,20,みずほ 本店,,,0,500000,10A100020,現金及び預金,,,,,5260983,2021-05
2021-05-31,保険積立金,10A100020,現金及び預金,20,みずほ 本店,,,0,125000,10A230570,保険積立金,,,,,5135983,2021-05
2021-05-31,保険積立金,10A230570,保険積立金,,,,,125000,0,10A100020,現金及び預金,20,みずほ 本店,,,250000,2021-05
2021-05-31,借入金返済,10A100020,現金及び預金,1,みずほ銀行,,,0,653500,10B100790,短期借入金,,,,,4482483,2021-05
2021-05-31,利息,10A100020,現金及び預金,1,みずほ銀行,,,0,32675,10E300020,支払利息,,,,,4449808,2021-05
2021-05-31,借入金返済,10B100790,短期借入金,,,,,653500,0,10A100020,現金及び預金,1,みずほ銀行,,,-1307000,2021-05
2021-05-31,利息,10E300020,支払利息,,,,,32675,0,10A100020,現金及び預金,1,みずほ銀行,,,209401,2021-05
2021-05-31,お花代,10B100630,未払金,,,,,0,12000,10E200150,交際費,,,,,4998286,2021-05
2021-05-31,香典代,10B100630,未払金,,,,,0,10000,10E200150,交際費,,,,,5008286,2021-05
2021-05-31,お花代,10E200150,交際費,,,,,12000,0,10B100630,未払金,,,,,810943,2021-05
2021-05-31,香典代,10E200150,交際費,,,,,10000,0,10B100630,未払金,,,,,820943,2021-05
2021-05-31,資金移動,10A100020,現金及び預金,20,みずほ 本店,,,3000000,0,10A100020,現金及び預金,1,みずほ銀行,,,7449808,2021-05
2021-05-31,資金移動,10A100020,現金及び預金,1,みずほ銀行,,,0,3000000,10A100020,現金及び預金,20,みずほ 本店,,,4449808,2021-05
2021-05-31,保険料預かり分,10A100020,現金及び預金,20,みずほ 本店,,,0,754807,10B100690,預り金,1,保険料,,,3695001,2021-05
2021-05-31,保険料 事業主負担分,10A100020,現金及び預金,20,みずほ 本店,,,0,111192,10E200540,法定福利費,,,,,3583809,2021-05
2021-05-31,保険料 事業主負担分,10A100020,現金及び預金,20,みずほ 本店,,,0,236635,10E200540,法定福利費,,,,,3347174,2021-05
2021-05-31,保険料 事業主負担分,10A100020,現金及び預金,20,みずほ 本店,,,0,100704,10E200540,法定福利費,,,,,3246470,2021-05
2021-05-31,保険料 事業主負担分,10A100020,現金及び預金,20,みずほ 本店,,,0,92652,10E200540,法定福利費,,,,,3153818,2021-05
2021-05-31,保険料 事業主負担分,10A100020,現金及び預金,20,みずほ 本店,,,0,147385,10E200540,法定福利費,,,,,3006433,2021-05
2021-05-31,保険料 事業主負担分,10A100020,現金及び預金,20,みずほ 本店,,,0,66245,10E200540,法定福利費,,,,,2940188,2021-05
2021-05-31,児童拠出金 事業主負担分,10A100020,現金及び預金,20,みずほ 本店,,,0,9672,10E200540,法定福利費,,,,,2930516,2021-05
2021-05-31,保険料預かり分,10B100690,預り金,1,保険料,,,754807,0,10A100020,現金及び預金,20,みずほ 本店,,,-901034,2021-05
2021-05-31,保険料 事業主負担分,10E200540,法定福利費,,,,,111192,0,10A100020,現金及び預金,20,みずほ 本店,,,855118,2021-05
2021-05-31,保険料 事業主負担分,10E200540,法定福利費,,,,,236635,0,10A100020,現金及び預金,20,みずほ 本店,,,1091753,2021-05
2021-05-31,保険料 事業主負担分,10E200540,法定福利費,,,,,100704,0,10A100020,現金及び預金,20,みずほ 本店,,,1192457,2021-05
2021-05-31,保険料 事業主負担分,10E200540,法定福利費,,,,,92652,0,10A100020,現金及び預金,20,みずほ 本店,,,1285109,2021-05
2021-05-31,保険料 事業主負担分,10E200540,法定福利費,,,,,147385,0,10A100020,現金及び預金,20,みずほ 本店,,,1432494,2021-05
2021-05-31,保険料 事業主負担分,10E200540,法定福利費,,,,,66245,0,10A100020,現金及び預金,20,みずほ 本店,,,1498739,2021-05
2021-05-31,児童拠出金 事業主負担分,10E200540,法定福利費,,,,,9672,0,10A100020,現金及び預金,20,みずほ 本店,,,1508411,2021-05
2021-05-31,運賃 ヤマト運輸,10B100630,未払金,,,,,0,1456324,10E200870,運賃,,,,,6464610,2021-05
2021-05-31,運賃 佐川急便,10B100630,未払金,,,,,0,952915,10E200870,運賃,,,,,7417525,2021-05
2021-05-31,運賃 ヤマト運輸,10E200870,運賃,,,,,1456324,0,10B100630,未払金,,,,,5296511,2021-05
2021-05-31,運賃 佐川急便,10E200870,運賃,,,,,952915,0,10B100630,未払金,,,,,6249426,2021-05
2021-05-31,広告掲載,10B100630,未払金,,,,,0,50000,10E200050,広告宣伝費,,,,,7467525,2021-05
2021-05-31,広告掲載,10E200050,広告宣伝費,,,,,50000,0,10B100630,未払金,,,,,368700,2021-05
2021-05-31,高速代,10A100020,現金及び預金,,,,,0,9700,10E201120,車両費,,,,,2920816,2021-05
2021-05-31,高速代,10E201120,車両費,,,,,9700,0,10A100020,現金及び預金,,,,,1220200,2021-05
2021-05-31,旅費,10A100020,現金及び預金,,,,,0,18750,10E201230,旅費及び交通費,,,,,2902066,2021-05
2021-05-31,旅費,10E201230,旅費及び交通費,,,,,18750,0,10A100020,現金及び預金,,,,,2172943,2021-05
2021-05-31,保険料,10A100020,現金及び預金,20,みずほ 本店,,,0,81000,10E200240,保険料,,,,,2821066,2021-05
2021-05-31,保険料,10E200240,保険料,,,,,81000,0,10A100020,現金及び預金,20,みずほ 本店,,,518640,2021-05
2021-05-31,リース料,10A100020,現金及び預金,20,みずほ 本店,,,0,209850,10E200730,借地借家料,,,,,2611216,2021-05
2021-05-31,リース料,10E200730,借地借家料,,,,,209850,0,10A100020,現金及び預金,20,みずほ 本店,,,587700,2021-05
2021-05-31,会費支払い,10A100020,現金及び預金,,,,,0,30000,10E201140,諸会費,,,,,2581216,2021-05
2021-05-31,会費支払い,10E201140,諸会費,,,,,30000,0,10A100020,現金及び預金,,,,,232000,2021-05
2021-05-31,保険料,10A100020,現金及び預金,30,三井 名古屋,,,0,62000,10E200240,保険料,,,,,2519216,2021-05
2021-05-31,保険料,10E200240,保険料,,,,,62000,0,10A100020,現金及び預金,30,三井 名古屋,,,580640,2021-05
2021-05-31,保険料支払い,10A100020,現金及び預金,50,福岡 北九州,,,0,57000,10E200240,保険料,,,,,2462216,2021-05
2021-05-31,保険料支払い,10E200240,保険料,,,,,57000,0,10A100020,現金及び預金,50,福岡 北九州,,,637640,2021-05
2021-05-31,消耗品費 部門配賦,10E200200,消耗品費,,,,,29721,0,10E200200,消耗品費,,,,,651990,2021-05
2021-05-31,消耗品費 部門配賦,10E200200,消耗品費,,,,,129693,0,10E200200,消耗品費,,,,,781683,2021-05
2021-05-31,消耗品費 部門配賦,10E200200,消耗品費,,,,,27019,0,10E200200,消耗品費,,,,,808702,2021-05
2021-05-31,消耗品費 部門配賦,10E200200,消耗品費,,,,,64846,0,10E200200,消耗品費,,,,,873548,2021-05
2021-05-31,消耗品費 部門配賦,10E200200,消耗品費,,,,,18913,0,10E200200,消耗品費,,,,,892461,2021-05
2021-05-31,消耗品費 部門配賦,10E200200,消耗品費,,,,,0,29721,10E200200,消耗品費,,,,,862740,2021-05
2021-05-31,消耗品費 部門配賦,10E200200,消耗品費,,,,,0,129693,10E200200,消耗品費,,,,,733047,2021-05
2021-05-31,消耗品費 部門配賦,10E200200,消耗品費,,,,,0,27019,10E200200,消耗品費,,,,,706028,2021-05
2021-05-31,消耗品費 部門配賦,10E200200,消耗品費,,,,,0,64846,10E200200,消耗品費,,,,,641182,2021-05
2021-05-31,消耗品費 部門配賦,10E200200,消耗品費,,,,,0,18913,10E200200,消耗品費,,,,,622269,2021-05
2021-05-31,運賃 ヤマト運輸,10E200200,消耗品費,,,,,0,152525,10E200870,運賃,,,,,469744,2021-05
2021-05-31,運賃 ヤマト運輸,10E200870,運賃,,,,,152525,0,10E200200,消耗品費,,,,,6401951,2021-05
2021-05-31,お茶代,10B100630,未払金,,,,,0,26300,10E200140,福利厚生費,,,,,7493825,2021-05
2021-05-31,お茶代,10E200140,福利厚生費,,,,,26300,0,10B100630,未払金,,,,,705616,2021-05
2021-05-31,4月分支払,10A100020,現金及び預金,20,みずほ 本店,,,0,7529245,10B100630,未払金,,,,,-5067029,2021-05
2021-05-31,4月分支払,10B100630,未払金,,,,,7529245,0,10A100020,現金及び預金,20,みずほ 本店,,,-35420,2021-05
2021-05-31,運賃,10B100630,未払金,,,,,0,748350,10E200870,運賃,,,,,712930,2021-05
2021-05-31,運賃,10E200870,運賃,,,,,748350,0,10B100630,未払金,,,,,7150301,2021-05
