schema_id,direction,structured_column,ordinal,role,sequence,level,type,name_ja,name_en,datatype,multiplicity,semantic_path,binding_path,occurrence_rule,source_binding_id,source_column,transformation,required,note
xbrl-gl-next-ae-cn-v1,structured-output,C1,1,value,0138,3,A,転記済日付,Date Posted,Date Time,0..1,$.cor_AccountingEntries.cor_EntryHeader.cor_DatePosted,$.cor_AccountingEntries.cor_EntryHeader.cor_DatePosted,repeat-on-detail-row,PCA_Cn_SEMANTIC_PATH_BINDING,C1,identity,true,EntryHeader value repeated on each explicit EntryDetail occurrence
xbrl-gl-next-ae-cn-v1,structured-output,C2,2,value,0150,3,A,仕訳識別子,Entry ID,String,0..1,$.cor_AccountingEntries.cor_EntryHeader.cor_EntryID,$.cor_AccountingEntries.cor_EntryHeader.cor_EntryID,repeat-on-detail-row,PCA_Cn_SEMANTIC_PATH_BINDING,C2,identity,true,Stable journal voucher identifier
xbrl-gl-next-ae-cn-v1,structured-output,C3,3,occurrence,0176,3,C,【仕訳明細】,Entry Detail,String,0..*,$.cor_AccountingEntries.cor_EntryHeader.cor_EntryDetail,$.cor_AccountingEntries.cor_EntryHeader.cor_EntryDetail,explicit-occurrence-id,PCA_Cn_SEMANTIC_PATH_BINDING,,derive-entry-detail-occurrence,true,Occurrence identity is distinct from semantic values
xbrl-gl-next-ae-cn-v1,structured-output,C4,4,value,0385,4,A,貸借区分コード,Debit/Credit Indicator,Token,0..1,$.cor_AccountingEntries.cor_EntryHeader.cor_EntryDetail.cor_DebitCreditIndicator,$.cor_AccountingEntries.cor_EntryHeader.cor_EntryDetail[C4].cor_DebitCreditIndicator,detail-selector,PCA_Cn_SEMANTIC_PATH_BINDING,,identity,true,D or C selects the EntryDetail occurrence
xbrl-gl-next-ae-cn-v1,structured-output,C5,5,value,0361,5,A,主勘定科目コード,Account Number,String,0..1,$.cor_AccountingEntries.cor_EntryHeader.cor_EntryDetail.cor_DetailAccountIdentifier.cor_AccountNumber,$.cor_AccountingEntries.cor_EntryHeader.cor_EntryDetail[C4].cor_DetailAccountIdentifier.cor_AccountNumber,detail-selector,PCA_Cn_SEMANTIC_PATH_BINDING,"C8|C19",side-aware,true,Debit and credit PCA columns map by the C4 selector
xbrl-gl-next-ae-cn-v1,structured-output,C6,6,value,0362,5,A,主勘定科目説明,Account Description,String,0..1,$.cor_AccountingEntries.cor_EntryHeader.cor_EntryDetail.cor_DetailAccountIdentifier.cor_AccountDescription,$.cor_AccountingEntries.cor_EntryHeader.cor_EntryDetail[C4].cor_DetailAccountIdentifier.cor_AccountDescription,detail-selector,PCA_Cn_SEMANTIC_PATH_BINDING,"C9|C20",side-aware,false,Display label remains separate from account identity
xbrl-gl-next-ae-cn-v1,structured-output,C7,7,value,0377,6,A,補助勘定科目コード,Subaccount ID,String,0..1,$.cor_AccountingEntries.cor_EntryHeader.cor_EntryDetail.cor_DetailAccountIdentifier.cor_Subaccount.cor_SubaccountID,$.cor_AccountingEntries.cor_EntryHeader.cor_EntryDetail[C4].cor_DetailAccountIdentifier.cor_Subaccount[cor_Type='department'].cor_SubaccountID,department-occurrence,PCA_Cn_SEMANTIC_PATH_BINDING,"C6|C17",side-aware,false,Department occurrence selected explicitly
xbrl-gl-next-ae-cn-v1,structured-output,C8,8,value,0376,6,A,補助勘定科目説明,Subaccount Description,String,0..1,$.cor_AccountingEntries.cor_EntryHeader.cor_EntryDetail.cor_DetailAccountIdentifier.cor_Subaccount.cor_SubaccountDescription,$.cor_AccountingEntries.cor_EntryHeader.cor_EntryDetail[C4].cor_DetailAccountIdentifier.cor_Subaccount[cor_Type='department'].cor_SubaccountDescription,department-occurrence,PCA_Cn_SEMANTIC_PATH_BINDING,"C7|C18",side-aware,false,Department description
xbrl-gl-next-ae-cn-v1,structured-output,C9,9,value,0377,6,A,補助勘定科目コード,Subaccount ID,String,0..1,$.cor_AccountingEntries.cor_EntryHeader.cor_EntryDetail.cor_DetailAccountIdentifier.cor_Subaccount.cor_SubaccountID,$.cor_AccountingEntries.cor_EntryHeader.cor_EntryDetail[C4].cor_DetailAccountIdentifier.cor_Subaccount[cor_Type='auxiliary-account'].cor_SubaccountID,auxiliary-account-occurrence,PCA_Cn_SEMANTIC_PATH_BINDING,"C10|C21",side-aware,false,Auxiliary-account occurrence selected explicitly
xbrl-gl-next-ae-cn-v1,structured-output,C10,10,value,0376,6,A,補助勘定科目説明,Subaccount Description,String,0..1,$.cor_AccountingEntries.cor_EntryHeader.cor_EntryDetail.cor_DetailAccountIdentifier.cor_Subaccount.cor_SubaccountDescription,$.cor_AccountingEntries.cor_EntryHeader.cor_EntryDetail[C4].cor_DetailAccountIdentifier.cor_Subaccount[cor_Type='auxiliary-account'].cor_SubaccountDescription,auxiliary-account-occurrence,PCA_Cn_SEMANTIC_PATH_BINDING,"C11|C22",side-aware,false,Auxiliary-account description
xbrl-gl-next-ae-cn-v1,structured-output,C11,11,value,0338,5,A,税区分,Tax Category,String,0..1,$.cor_AccountingEntries.cor_EntryHeader.cor_EntryDetail.cor_DetailTax.cor_TaxCategory,$.cor_AccountingEntries.cor_EntryHeader.cor_EntryDetail[C4].cor_DetailTax.cor_TaxCategory,detail-tax-occurrence,PCA_Cn_SEMANTIC_PATH_BINDING,"C12|C23",side-aware,false,Tax occurrence belongs to the selected detail
xbrl-gl-next-ae-cn-v1,structured-output,C12,12,value,0335,5,A,税額,Amount of Taxes,Monetary,0..1,$.cor_AccountingEntries.cor_EntryHeader.cor_EntryDetail.cor_DetailTax.cor_AmountofTaxes,$.cor_AccountingEntries.cor_EntryHeader.cor_EntryDetail[C4].cor_DetailTax.cor_AmountofTaxes,detail-tax-occurrence,PCA_Cn_SEMANTIC_PATH_BINDING,"C15|C26",side-aware,false,Blank when no tax amount is present
xbrl-gl-next-ae-cn-v1,structured-output,C13,13,value,0382,4,A,金額,Monetary Amount,Monetary,0..1,$.cor_AccountingEntries.cor_EntryHeader.cor_EntryDetail.cor_MonetaryAmount,$.cor_AccountingEntries.cor_EntryHeader.cor_EntryDetail[C4].cor_MonetaryAmount,detail-selector,PCA_Cn_SEMANTIC_PATH_BINDING,"C14|C25",side-aware,true,Posting amount
xbrl-gl-next-ae-cn-v1,structured-output,C14,14,value,0381,4,A,説明,Detail Description,String,0..1,$.cor_AccountingEntries.cor_EntryHeader.cor_EntryDetail.cor_DetailDescription,$.cor_AccountingEntries.cor_EntryHeader.cor_EntryDetail[C4].cor_DetailDescription,detail-selector,PCA_Cn_SEMANTIC_PATH_BINDING,C27,repeat-header-description,false,Shared source description is materialized per detail occurrence
