Open_Item_ID,Ledger_Type,Invoice_Document_ID,Invoice_Document_Number,Partner_Type,Partner_Code,Recognition_Date,Due_Date,Original_Amount,Applied_Amount,Open_Amount,Currency,Recognition_Basis,Journal_Transaction_ID,Journal_Line_ID,Status
OI-000001,AR,DOC-20210228-0001,,C,1,2021-02-28,2021-04-15,3267499,3267499,0,JPY,INVOICE_BASIS,4000,1,CLOSED
OI-000002,AR,DOC-20210228-0002,,C,1,2021-02-28,2021-04-15,1985,1985,0,JPY,INVOICE_BASIS,4001,1,CLOSED
OI-000003,AR,DOC-20210328-0001,,C,1,2021-03-28,2021-05-15,4442938,4442938,0,JPY,INVOICE_BASIS,4002,1,CLOSED
OI-000004,AR,DOC-20210328-0002,,C,1,2021-03-28,2021-05-15,1985,1985,0,JPY,INVOICE_BASIS,4003,1,CLOSED
OI-000005,AR,DOC-20210328-0003,,C,1,2021-03-28,2021-05-31,58972,58972,0,JPY,INVOICE_BASIS,4004,1,CLOSED
OI-000006,AR,DOC-20210228-0003,,C,2,2021-02-28,2021-04-25,13483517,13483517,0,JPY,INVOICE_BASIS,4005,1,CLOSED
OI-000007,AR,DOC-20210328-0004,,C,2,2021-03-28,2021-05-25,9248822,9248822,0,JPY,INVOICE_BASIS,4006,1,CLOSED
OI-000008,AR,DOC-20210328-0005,,C,2,2021-03-28,2021-05-31,17519,17519,0,JPY,INVOICE_BASIS,4007,1,CLOSED
OI-000009,AR,DOC-20210228-0004,,C,3,2021-02-28,2021-04-30,1585979,1585979,0,JPY,INVOICE_BASIS,4008,1,CLOSED
OI-000010,AR,DOC-20210328-0006,,C,3,2021-03-28,2021-05-31,1585978,1585978,0,JPY,INVOICE_BASIS,4009,1,CLOSED
OI-000011,AR,DOC-20210228-0005,,C,4,2021-02-28,2021-04-30,2226774,2226774,0,JPY,INVOICE_BASIS,4010,1,CLOSED
OI-000012,AR,DOC-20210228-0006,,C,4,2021-02-28,2021-04-30,651,651,0,JPY,INVOICE_BASIS,4011,1,CLOSED
OI-000013,AR,DOC-20210328-0007,,C,4,2021-03-28,2021-05-31,975963,975963,0,JPY,INVOICE_BASIS,4012,1,CLOSED
OI-000014,AR,DOC-20210328-0008,,C,4,2021-03-28,2021-05-31,651,651,0,JPY,INVOICE_BASIS,4013,1,CLOSED
OI-000015,AR,DOC-20210228-0007,,C,5,2021-02-28,2021-04-30,2999742,2999742,0,JPY,INVOICE_BASIS,4014,1,CLOSED
OI-000016,AR,DOC-20210228-0008,,C,5,2021-02-28,2021-04-30,628,628,0,JPY,INVOICE_BASIS,4015,1,CLOSED
OI-000017,AR,DOC-20210328-0009,,C,5,2021-03-28,2021-05-31,30487,30487,0,JPY,INVOICE_BASIS,4016,1,CLOSED
OI-000018,AR,DOC-20210328-0010,,C,5,2021-03-28,2021-05-31,1204807,1204807,0,JPY,INVOICE_BASIS,4017,1,CLOSED
OI-000019,AR,DOC-20210328-0011,,C,5,2021-03-28,2021-05-31,628,628,0,JPY,INVOICE_BASIS,4018,1,CLOSED
OI-000020,AR,DOC-20210228-0009,,C,6,2021-02-28,2021-04-15,1020783,1020783,0,JPY,INVOICE_BASIS,4019,1,CLOSED
OI-000021,AR,DOC-20210228-0010,,C,6,2021-02-28,2021-04-15,675,675,0,JPY,INVOICE_BASIS,4020,1,CLOSED
OI-000022,AR,DOC-20210228-0011,,C,6,2021-02-28,2021-04-30,27339,27339,0,JPY,INVOICE_BASIS,4021,1,CLOSED
OI-000023,AR,DOC-20210328-0012,,C,6,2021-03-28,2021-05-15,1803863,1803863,0,JPY,INVOICE_BASIS,4022,1,CLOSED
OI-000024,AR,DOC-20210328-0013,,C,6,2021-03-28,2021-05-15,675,675,0,JPY,INVOICE_BASIS,4023,1,CLOSED
OI-000025,AR,DOC-20210228-0012,,C,7,2021-02-28,2021-04-25,1534105,1534105,0,JPY,INVOICE_BASIS,4024,1,CLOSED
OI-000026,AR,DOC-20210228-0013,,C,7,2021-02-28,2021-04-25,516,516,0,JPY,INVOICE_BASIS,4025,1,CLOSED
OI-000027,AR,DOC-20210328-0014,,C,7,2021-03-28,2021-05-25,917979,917979,0,JPY,INVOICE_BASIS,4026,1,CLOSED
OI-000028,AR,DOC-20210328-0015,,C,7,2021-03-28,2021-05-25,516,516,0,JPY,INVOICE_BASIS,4027,1,CLOSED
OI-000029,AR,DOC-20210328-0016,,C,7,2021-03-28,2021-05-31,52097,52097,0,JPY,INVOICE_BASIS,4028,1,CLOSED
OI-000030,AR,DOC-20210228-0014,,C,9,2021-02-28,2021-04-15,2584696,2584696,0,JPY,INVOICE_BASIS,4029,1,CLOSED
OI-000031,AR,DOC-20210228-0015,,C,9,2021-02-28,2021-04-15,642,642,0,JPY,INVOICE_BASIS,4030,1,CLOSED
OI-000032,AR,DOC-20210328-0017,,C,9,2021-03-28,2021-05-15,964992,964992,0,JPY,INVOICE_BASIS,4031,1,CLOSED
OI-000033,AR,DOC-20210328-0018,,C,9,2021-03-28,2021-05-15,642,642,0,JPY,INVOICE_BASIS,4032,1,CLOSED
OI-000034,AR,DOC-20210328-0019,,C,10,2021-03-28,2021-05-31,79746,79746,0,JPY,INVOICE_BASIS,4033,1,CLOSED
OI-000035,AR,DOC-20210328-0020,,C,11,2021-03-28,2021-05-20,7692848,7692848,0,JPY,INVOICE_BASIS,4034,1,CLOSED
OI-000036,AR,DOC-20210328-0021,,C,11,2021-03-28,2021-05-31,457392,457392,0,JPY,INVOICE_BASIS,4035,1,CLOSED
OI-000037,AR,DOC-20210228-0016,,C,12,2021-02-28,2021-04-30,30547,30547,0,JPY,INVOICE_BASIS,4036,1,CLOSED
OI-000038,AR,DOC-20210228-0017,,C,12,2021-02-28,2021-04-30,9017603,9017603,0,JPY,INVOICE_BASIS,4037,1,CLOSED
OI-000039,AR,DOC-20210328-0022,,C,12,2021-03-28,2021-05-31,46053,46053,0,JPY,INVOICE_BASIS,4038,1,CLOSED
OI-000040,AR,DOC-20210328-0023,,C,12,2021-03-28,2021-05-31,9013134,9013134,0,JPY,INVOICE_BASIS,4039,1,CLOSED
OI-000041,AR,DOC-20210228-0018,,C,13,2021-02-28,2021-04-15,2114596,2114596,0,JPY,INVOICE_BASIS,4040,1,CLOSED
OI-000042,AR,DOC-20210228-0019,,C,13,2021-02-28,2021-04-30,53041,53041,0,JPY,INVOICE_BASIS,4041,1,CLOSED
OI-000043,AR,DOC-20210328-0024,,C,13,2021-03-28,2021-05-15,1416402,1416402,0,JPY,INVOICE_BASIS,4042,1,CLOSED
OI-000044,AR,DOC-20210228-0020,,C,14,2021-02-28,2021-04-10,13888575,13888575,0,JPY,INVOICE_BASIS,4043,1,CLOSED
OI-000045,AR,DOC-20210228-0021,,C,14,2021-02-28,2021-04-10,633,633,0,JPY,INVOICE_BASIS,4044,1,CLOSED
OI-000046,AR,DOC-20210328-0025,,C,14,2021-03-28,2021-05-10,10891695,10891695,0,JPY,INVOICE_BASIS,4045,1,CLOSED
OI-000047,AR,DOC-20210328-0026,,C,14,2021-03-28,2021-05-10,633,633,0,JPY,INVOICE_BASIS,4046,1,CLOSED
OI-000048,AR,DOC-20210328-0027,,C,14,2021-03-28,2021-05-31,23708,23708,0,JPY,INVOICE_BASIS,4047,1,CLOSED
OI-000049,AR,DOC-20210328-0028,,C,14,2021-03-28,2021-05-31,26544,26544,0,JPY,INVOICE_BASIS,4048,1,CLOSED
OI-000050,AR,DOC-20210228-0022,,C,19,2021-02-28,2021-04-10,1080093,1080093,0,JPY,INVOICE_BASIS,4049,1,CLOSED
OI-000051,AR,DOC-20210228-0023,,C,19,2021-02-28,2021-04-10,556,556,0,JPY,INVOICE_BASIS,4050,1,CLOSED
OI-000052,AR,DOC-20210328-0029,,C,19,2021-03-28,2021-05-10,1420826,1420826,0,JPY,INVOICE_BASIS,4051,1,CLOSED
OI-000053,AR,DOC-20210328-0030,,C,19,2021-03-28,2021-05-10,556,556,0,JPY,INVOICE_BASIS,4052,1,CLOSED
OI-000054,AR,DOC-20210228-0024,,C,20,2021-02-28,2021-04-15,1770912,1770912,0,JPY,INVOICE_BASIS,4053,1,CLOSED
OI-000055,AR,DOC-20210228-0025,,C,20,2021-02-28,2021-04-15,492,492,0,JPY,INVOICE_BASIS,4054,1,CLOSED
OI-000056,AR,DOC-20210328-0031,,C,20,2021-03-28,2021-05-15,1237604,1237604,0,JPY,INVOICE_BASIS,4055,1,CLOSED
OI-000057,AR,DOC-20210328-0032,,C,20,2021-03-28,2021-05-15,246,246,0,JPY,INVOICE_BASIS,4056,1,CLOSED
OI-000058,AR,DOC-20210328-0033,,C,20,2021-03-28,2021-05-31,16860,16860,0,JPY,INVOICE_BASIS,4057,1,CLOSED
OI-000059,AR,DOC-20210328-0034,,C,21,2021-03-28,2021-05-20,3431500,3431500,0,JPY,INVOICE_BASIS,4058,1,CLOSED
OI-000060,AR,DOC-20210328-0035,,C,21,2021-03-28,2021-05-20,3910,3910,0,JPY,INVOICE_BASIS,4059,1,CLOSED
OI-000061,AR,DOC-20210228-0026,,C,22,2021-02-28,2021-04-05,2380294,2380294,0,JPY,INVOICE_BASIS,4060,1,CLOSED
OI-000062,AR,DOC-20210228-0027,,C,22,2021-02-28,2021-04-05,507,507,0,JPY,INVOICE_BASIS,4061,1,CLOSED
OI-000063,AR,DOC-20210328-0036,,C,22,2021-03-28,2021-05-05,879279,879279,0,JPY,INVOICE_BASIS,4062,1,CLOSED
OI-000064,AR,DOC-20210328-0037,,C,22,2021-03-28,2021-05-05,380,380,0,JPY,INVOICE_BASIS,4063,1,CLOSED
OI-000065,AR,DOC-20210328-0038,,C,24,2021-03-28,2021-05-31,45710,45710,0,JPY,INVOICE_BASIS,4064,1,CLOSED
OI-000066,AR,DOC-20210328-0039,,C,24,2021-03-28,2021-05-31,64,64,0,JPY,INVOICE_BASIS,4065,1,CLOSED
OI-000067,AR,DOC-20210228-0028,,C,25,2021-02-28,2021-04-25,4660833,4660833,0,JPY,INVOICE_BASIS,4066,1,CLOSED
OI-000068,AR,DOC-20210228-0029,,C,25,2021-02-28,2021-04-25,590,590,0,JPY,INVOICE_BASIS,4067,1,CLOSED
OI-000069,AR,DOC-20210328-0040,,C,25,2021-03-28,2021-05-25,2701441,2701441,0,JPY,INVOICE_BASIS,4068,1,CLOSED
OI-000070,AR,DOC-20210328-0041,,C,25,2021-03-28,2021-05-25,590,590,0,JPY,INVOICE_BASIS,4069,1,CLOSED
OI-000071,AR,DOC-20210328-0042,,C,25,2021-03-28,2021-05-31,71597,71597,0,JPY,INVOICE_BASIS,4070,1,CLOSED
OI-000072,AR,DOC-20210228-0030,,C,26,2021-02-28,2021-04-05,1206280,1206280,0,JPY,INVOICE_BASIS,4071,1,CLOSED
OI-000073,AR,DOC-20210228-0031,,C,26,2021-02-28,2021-04-05,377,377,0,JPY,INVOICE_BASIS,4072,1,CLOSED
OI-000074,AR,DOC-20210328-0043,,C,26,2021-03-28,2021-05-05,2111325,2111325,0,JPY,INVOICE_BASIS,4073,1,CLOSED
OI-000075,AR,DOC-20210328-0044,,C,26,2021-03-28,2021-05-05,504,504,0,JPY,INVOICE_BASIS,4074,1,CLOSED
OI-000076,AR,DOC-20210328-0045,,C,26,2021-03-28,2021-05-31,26104,26104,0,JPY,INVOICE_BASIS,4075,1,CLOSED
OI-000077,AR,DOC-20210228-0032,,C,27,2021-02-28,2021-04-05,1419759,1419759,0,JPY,INVOICE_BASIS,4076,1,CLOSED
OI-000078,AR,DOC-20210228-0033,,C,27,2021-02-28,2021-04-05,481,481,0,JPY,INVOICE_BASIS,4077,1,CLOSED
OI-000079,AR,DOC-20210328-0046,,C,27,2021-03-28,2021-05-05,888509,888509,0,JPY,INVOICE_BASIS,4078,1,CLOSED
OI-000080,AR,DOC-20210228-0034,,C,28,2021-02-28,2021-04-10,6441963,6441963,0,JPY,INVOICE_BASIS,4079,1,CLOSED
OI-000081,AR,DOC-20210228-0035,,C,28,2021-02-28,2021-04-30,20058,20058,0,JPY,INVOICE_BASIS,4080,1,CLOSED
OI-000082,AR,DOC-20210328-0047,,C,28,2021-03-28,2021-05-10,6856797,6856797,0,JPY,INVOICE_BASIS,4081,1,CLOSED
OI-000083,AR,DOC-20210328-0048,,C,28,2021-03-28,2021-05-31,14749,14749,0,JPY,INVOICE_BASIS,4082,1,CLOSED
OI-000084,AR,DOC-20210228-0036,,C,30,2021-02-28,2021-04-20,2497755,2497755,0,JPY,INVOICE_BASIS,4083,1,CLOSED
OI-000085,AR,DOC-20210228-0037,,C,30,2021-02-28,2021-04-20,575,575,0,JPY,INVOICE_BASIS,4084,1,CLOSED
OI-000086,AR,DOC-20210328-0049,,C,30,2021-03-28,2021-05-20,2012328,2012328,0,JPY,INVOICE_BASIS,4085,1,CLOSED
OI-000087,AR,DOC-20210328-0050,,C,30,2021-03-28,2021-05-20,575,575,0,JPY,INVOICE_BASIS,4086,1,CLOSED
OI-000088,AP,DOC-20210228-0038,,S,1,2021-02-28,2021-04-15,3557473,3557473,0,JPY,INVOICE_BASIS,4087,1,CLOSED
OI-000089,AP,DOC-20210228-0039,,S,1,2021-02-28,2021-04-30,73207,73207,0,JPY,INVOICE_BASIS,4088,1,CLOSED
OI-000090,AP,DOC-20210328-0051,,S,1,2021-03-28,2021-05-15,4297106,4297106,0,JPY,INVOICE_BASIS,4089,1,CLOSED
OI-000091,AP,DOC-20210228-0040,,S,2,2021-02-28,2021-04-30,1829520,1829520,0,JPY,INVOICE_BASIS,4090,1,CLOSED
OI-000092,AP,DOC-20210328-0052,,S,2,2021-03-28,2021-05-31,1115850,1115850,0,JPY,INVOICE_BASIS,4091,1,CLOSED
OI-000093,AP,DOC-20210228-0041,,S,3,2021-02-28,2021-04-10,10297986,10297986,0,JPY,INVOICE_BASIS,4092,1,CLOSED
OI-000094,AP,DOC-20210228-0042,,S,3,2021-02-28,2021-04-30,30289,30289,0,JPY,INVOICE_BASIS,4093,1,CLOSED
OI-000095,AP,DOC-20210328-0053,,S,3,2021-03-28,2021-05-10,1928189,1928189,0,JPY,INVOICE_BASIS,4094,1,CLOSED
OI-000096,AP,DOC-20210328-0054,,S,3,2021-03-28,2021-05-31,113407,113407,0,JPY,INVOICE_BASIS,4095,1,CLOSED
OI-000097,AP,DOC-20210228-0043,,S,4,2021-02-28,2021-04-20,1416910,1416910,0,JPY,INVOICE_BASIS,4096,1,CLOSED
OI-000098,AP,DOC-20210328-0055,,S,4,2021-03-28,2021-05-20,905555,905555,0,JPY,INVOICE_BASIS,4097,1,CLOSED
OI-000099,AP,DOC-20210228-0044,,S,5,2021-02-28,2021-04-30,21674,21674,0,JPY,INVOICE_BASIS,4098,1,CLOSED
OI-000100,AP,DOC-20210228-0045,,S,5,2021-02-28,2021-04-30,5237507,5237507,0,JPY,INVOICE_BASIS,4099,1,CLOSED
OI-000101,AP,DOC-20210328-0056,,S,5,2021-03-28,2021-05-31,22176,22176,0,JPY,INVOICE_BASIS,4100,1,CLOSED
OI-000102,AP,DOC-20210328-0057,,S,5,2021-03-28,2021-05-31,3467360,3467360,0,JPY,INVOICE_BASIS,4101,1,CLOSED
OI-000103,AP,DOC-20210228-0046,,S,6,2021-02-28,2021-04-20,3596039,3596039,0,JPY,INVOICE_BASIS,4102,1,CLOSED
OI-000104,AP,DOC-20210228-0047,,S,6,2021-02-28,2021-04-30,22478,22478,0,JPY,INVOICE_BASIS,4103,1,CLOSED
OI-000105,AP,DOC-20210328-0058,,S,6,2021-03-28,2021-05-20,5204428,5204428,0,JPY,INVOICE_BASIS,4104,1,CLOSED
OI-000106,AP,DOC-20210228-0048,,S,7,2021-02-28,2021-04-30,5522383,5522383,0,JPY,INVOICE_BASIS,4105,1,CLOSED
OI-000107,AP,DOC-20210328-0059,,S,7,2021-03-28,2021-05-31,17337,17337,0,JPY,INVOICE_BASIS,4106,1,CLOSED
OI-000108,AP,DOC-20210328-0060,,S,7,2021-03-28,2021-05-31,3387545,3387545,0,JPY,INVOICE_BASIS,4107,1,CLOSED
OI-000109,AP,DOC-20210228-0049,,S,8,2021-02-28,2021-04-10,402696,402696,0,JPY,INVOICE_BASIS,4108,1,CLOSED
OI-000110,AP,DOC-20210328-0061,,S,8,2021-03-28,2021-05-10,634838,634838,0,JPY,INVOICE_BASIS,4109,1,CLOSED
OI-000111,AP,DOC-20210228-0050,,S,9,2021-02-28,2021-04-30,11793,11793,0,JPY,INVOICE_BASIS,4110,1,CLOSED
OI-000112,AP,DOC-20210228-0051,,S,9,2021-02-28,2021-04-30,2599235,2599235,0,JPY,INVOICE_BASIS,4111,1,CLOSED
OI-000113,AP,DOC-20210328-0062,,S,9,2021-03-28,2021-05-31,12903,12903,0,JPY,INVOICE_BASIS,4112,1,CLOSED
OI-000114,AP,DOC-20210328-0063,,S,9,2021-03-28,2021-05-31,1744898,1744898,0,JPY,INVOICE_BASIS,4113,1,CLOSED
OI-000115,AP,DOC-20210228-0052,,S,10,2021-02-28,2021-04-30,34587,34587,0,JPY,INVOICE_BASIS,4114,1,CLOSED
OI-000116,AP,DOC-20210228-0053,,S,10,2021-02-28,2021-04-30,4640751,4640751,0,JPY,INVOICE_BASIS,4115,1,CLOSED
OI-000117,AP,DOC-20210328-0064,,S,10,2021-03-28,2021-05-31,56044,56044,0,JPY,INVOICE_BASIS,4116,1,CLOSED
OI-000118,AP,DOC-20210328-0065,,S,10,2021-03-28,2021-05-31,2926580,2926580,0,JPY,INVOICE_BASIS,4117,1,CLOSED
OI-000119,AP,DOC-20210228-0054,,S,11,2021-02-28,2021-04-20,6181724,6181724,0,JPY,INVOICE_BASIS,4118,1,CLOSED
OI-000120,AP,DOC-20210328-0066,,S,11,2021-03-28,2021-05-20,4109548,4109548,0,JPY,INVOICE_BASIS,4119,1,CLOSED
OI-000121,AP,DOC-20210328-0067,,S,11,2021-03-28,2021-05-31,42386,42386,0,JPY,INVOICE_BASIS,4120,1,CLOSED
OI-000122,AP,DOC-20210228-0055,,S,12,2021-02-28,2021-04-30,497372,497372,0,JPY,INVOICE_BASIS,4121,1,CLOSED
OI-000123,AP,DOC-20210328-0068,,S,12,2021-03-28,2021-05-31,322812,322812,0,JPY,INVOICE_BASIS,4122,1,CLOSED
OI-000124,AP,DOC-20210228-0056,,S,13,2021-02-28,2021-04-30,1370598,1370598,0,JPY,INVOICE_BASIS,4123,1,CLOSED
OI-000125,AP,DOC-20210328-0069,,S,13,2021-03-28,2021-05-31,1985810,1985810,0,JPY,INVOICE_BASIS,4124,1,CLOSED
OI-000126,AP,DOC-20210228-0057,,S,14,2021-02-28,2021-04-30,4036321,4036321,0,JPY,INVOICE_BASIS,4125,1,CLOSED
OI-000127,AP,DOC-20210328-0070,,S,14,2021-03-28,2021-05-31,2584863,2584863,0,JPY,INVOICE_BASIS,4126,1,CLOSED
OI-000128,AP,DOC-20210228-0058,,S,15,2021-02-28,2021-04-30,16968,16968,0,JPY,INVOICE_BASIS,4127,1,CLOSED
OI-000129,AP,DOC-20210228-0059,,S,15,2021-02-28,2021-04-30,1710087,1710087,0,JPY,INVOICE_BASIS,4128,1,CLOSED
OI-000130,AP,DOC-20210328-0071,,S,15,2021-03-28,2021-05-31,1130334,1130334,0,JPY,INVOICE_BASIS,4129,1,CLOSED
OI-000131,AR,DOC-20210430-0027,,C,1,2021-04-30,2021-06-15,1476232,1476232,0,JPY,INVOICE_BASIS,223,1,CLOSED
OI-000132,AR,DOC-20210430-0004,,C,2,2021-04-30,2021-06-25,13321782,13321782,0,JPY,INVOICE_BASIS,220,1,CLOSED
OI-000133,AR,DOC-20210430-0019,,C,3,2021-04-30,2021-06-30,736072,736072,0,JPY,INVOICE_BASIS,222,1,CLOSED
OI-000134,AR,DOC-20210430-0020,,C,4,2021-04-30,2021-06-30,1200768,1200768,0,JPY,INVOICE_BASIS,222,2,CLOSED
OI-000135,AR,DOC-20210430-0001,,C,5,2021-04-30,2021-06-30,1536384,1536384,0,JPY,INVOICE_BASIS,219,1,CLOSED
OI-000136,AR,DOC-20210430-0013,,C,6,2021-04-30,2021-06-15,1054408,1054408,0,JPY,INVOICE_BASIS,221,1,CLOSED
OI-000137,AR,DOC-20210430-0014,,C,7,2021-04-30,2021-06-25,1246560,1246560,0,JPY,INVOICE_BASIS,221,2,CLOSED
OI-000138,AR,DOC-20210430-0021,,C,8,2021-04-30,2021-06-15,942912,942912,0,JPY,INVOICE_BASIS,222,3,CLOSED
OI-000139,AR,DOC-20210430-0022,,C,9,2021-04-30,2021-06-15,1202528,1202528,0,JPY,INVOICE_BASIS,222,4,CLOSED
OI-000140,AR,DOC-20210430-0011,,C,10,2021-04-30,2021-06-30,359744,359744,0,JPY,INVOICE_BASIS,220,9,CLOSED
OI-000141,AR,DOC-20210430-0006,,C,11,2021-04-30,2021-06-20,620476,620476,0,JPY,INVOICE_BASIS,220,3,CLOSED
OI-000142,AR,DOC-20210430-0005,,C,12,2021-04-30,2021-06-30,10846514,10846514,0,JPY,INVOICE_BASIS,220,2,CLOSED
OI-000143,AR,DOC-20210430-0007,,C,13,2021-04-30,2021-06-15,1671612,1671612,0,JPY,INVOICE_BASIS,220,4,CLOSED
OI-000144,AR,DOC-20210430-0003,,C,14,2021-04-30,2021-06-10,1418200,1418200,0,JPY,INVOICE_BASIS,219,3,CLOSED
OI-000145,AR,DOC-20210430-0008,,C,14,2021-04-30,2021-06-10,2064894,2064894,0,JPY,INVOICE_BASIS,220,5,CLOSED
OI-000146,AR,DOC-20210430-0015,,C,14,2021-04-30,2021-06-30,1260302,1260302,0,JPY,INVOICE_BASIS,221,3,CLOSED
OI-000147,AR,DOC-20210430-0023,,C,14,2021-04-30,2021-06-30,1526316,1526316,0,JPY,INVOICE_BASIS,222,5,CLOSED
OI-000148,AR,DOC-20210430-0028,,C,14,2021-04-30,2021-06-30,1081720,1081720,0,JPY,INVOICE_BASIS,223,2,CLOSED
OI-000149,AR,DOC-20210430-0016,,C,19,2021-04-30,2021-06-10,818910,818910,0,JPY,INVOICE_BASIS,221,4,CLOSED
OI-000150,AR,DOC-20210430-0024,,C,20,2021-04-30,2021-06-15,1136086,1136086,0,JPY,INVOICE_BASIS,222,6,CLOSED
OI-000151,AR,DOC-20210430-0017,,C,21,2021-04-30,2021-06-20,845757,845757,0,JPY,INVOICE_BASIS,221,5,CLOSED
OI-000152,AR,DOC-20210430-0029,,C,22,2021-04-30,2021-06-05,1041464,1041464,0,JPY,INVOICE_BASIS,223,3,CLOSED
OI-000153,AR,DOC-20210430-0025,,C,23,2021-04-30,2021-06-25,694821,694821,0,JPY,INVOICE_BASIS,222,7,CLOSED
OI-000154,AR,DOC-20210430-0012,,C,24,2021-04-30,2021-06-30,430032,430032,0,JPY,INVOICE_BASIS,220,11,CLOSED
OI-000155,AR,DOC-20210430-0002,,C,25,2021-04-30,2021-06-25,3664410,3664410,0,JPY,INVOICE_BASIS,219,2,CLOSED
OI-000156,AR,DOC-20210430-0009,,C,26,2021-04-30,2021-06-05,976504,976504,0,JPY,INVOICE_BASIS,220,6,CLOSED
OI-000157,AR,DOC-20210430-0018,,C,27,2021-04-30,2021-06-05,883909,883909,0,JPY,INVOICE_BASIS,221,6,CLOSED
OI-000158,AR,DOC-20210430-0026,,C,28,2021-04-30,2021-06-10,4716787,4716787,0,JPY,INVOICE_BASIS,222,8,CLOSED
OI-000159,AR,DOC-20210430-0030,,C,29,2021-04-30,2021-06-30,456660,456660,0,JPY,INVOICE_BASIS,223,4,CLOSED
OI-000160,AR,DOC-20210430-0010,,C,30,2021-04-30,2021-06-20,1104852,1104852,0,JPY,INVOICE_BASIS,220,7,CLOSED
OI-000161,AP,DOC-20210430-0034,,S,1,2021-04-30,2021-06-15,6031869,6031869,0,JPY,INVOICE_BASIS,228,2,CLOSED
OI-000162,AP,DOC-20210430-0031,,S,2,2021-04-30,2021-06-30,185975,185975,0,JPY,INVOICE_BASIS,227,1,CLOSED
OI-000163,AP,DOC-20210430-0039,,S,2,2021-04-30,2021-06-30,409145,409145,0,JPY,INVOICE_BASIS,228,7,CLOSED
OI-000164,AP,DOC-20210430-0044,,S,2,2021-04-30,2021-06-30,152913,152913,0,JPY,INVOICE_BASIS,229,4,CLOSED
OI-000165,AP,DOC-20210430-0051,,S,2,2021-04-30,2021-06-30,293427,293427,0,JPY,INVOICE_BASIS,230,7,CLOSED
OI-000166,AP,DOC-20210430-0052,,S,2,2021-04-30,2021-06-30,74390,74390,0,JPY,INVOICE_BASIS,231,1,CLOSED
OI-000167,AP,DOC-20210430-0037,,S,3,2021-04-30,2021-06-10,2915080,2915080,0,JPY,INVOICE_BASIS,228,5,CLOSED
OI-000168,AP,DOC-20210430-0046,,S,4,2021-04-30,2021-06-20,905555,905555,0,JPY,INVOICE_BASIS,230,1,CLOSED
OI-000169,AP,DOC-20210430-0049,,S,5,2021-04-30,2021-06-30,3445686,3445686,0,JPY,INVOICE_BASIS,230,5,CLOSED
OI-000170,AP,DOC-20210430-0048,,S,6,2021-04-30,2021-06-20,3320176,3320176,0,JPY,INVOICE_BASIS,230,4,CLOSED
OI-000171,AP,DOC-20210430-0043,,S,7,2021-04-30,2021-06-30,3387545,3387545,0,JPY,INVOICE_BASIS,229,3,CLOSED
OI-000172,AP,DOC-20210430-0032,,S,8,2021-04-30,2021-06-10,23688,23688,0,JPY,INVOICE_BASIS,227,2,CLOSED
OI-000173,AP,DOC-20210430-0040,,S,8,2021-04-30,2021-06-30,189504,189504,0,JPY,INVOICE_BASIS,228,9,CLOSED
OI-000174,AP,DOC-20210430-0045,,S,8,2021-04-30,2021-06-30,42638,42638,0,JPY,INVOICE_BASIS,229,6,CLOSED
OI-000175,AP,DOC-20210430-0050,,S,8,2021-04-30,2021-06-30,71064,71064,0,JPY,INVOICE_BASIS,230,6,CLOSED
OI-000176,AP,DOC-20210430-0053,,S,8,2021-04-30,2021-06-30,23688,23688,0,JPY,INVOICE_BASIS,231,2,CLOSED
OI-000177,AP,DOC-20210430-0041,,S,9,2021-04-30,2021-06-30,1733105,1733105,0,JPY,INVOICE_BASIS,229,1,CLOSED
OI-000178,AP,DOC-20210430-0047,,S,10,2021-04-30,2021-06-30,2891993,2891993,0,JPY,INVOICE_BASIS,230,2,CLOSED
OI-000179,AP,DOC-20210430-0035,,S,11,2021-04-30,2021-06-20,4109548,4109548,0,JPY,INVOICE_BASIS,228,3,CLOSED
OI-000180,AP,DOC-20210430-0036,,S,12,2021-04-30,2021-06-30,322812,322812,0,JPY,INVOICE_BASIS,228,4,CLOSED
OI-000181,AP,DOC-20210430-0033,,S,13,2021-04-30,2021-06-30,1263652,1263652,0,JPY,INVOICE_BASIS,228,1,CLOSED
OI-000182,AP,DOC-20210430-0038,,S,14,2021-04-30,2021-06-30,2584863,2584863,0,JPY,INVOICE_BASIS,228,6,CLOSED
OI-000183,AP,DOC-20210430-0042,,S,15,2021-04-30,2021-06-30,1113366,1113366,0,JPY,INVOICE_BASIS,229,2,CLOSED
OI-000184,AR,DOC-20210531-0027,,C,1,2021-05-31,2021-07-15,1642082,1642082,0,JPY,INVOICE_BASIS,456,1,CLOSED
OI-000185,AR,DOC-20210531-0005,,C,2,2021-05-31,2021-07-25,15044472,15044472,0,JPY,INVOICE_BASIS,453,2,CLOSED
OI-000186,AR,DOC-20210531-0019,,C,3,2021-05-31,2021-07-31,733365,733365,0,JPY,INVOICE_BASIS,455,1,CLOSED
OI-000187,AR,DOC-20210531-0026,,C,4,2021-05-31,2021-07-31,1274640,1274640,0,JPY,INVOICE_BASIS,455,8,CLOSED
OI-000188,AR,DOC-20210531-0001,,C,5,2021-05-31,2021-07-31,1245400,1245400,0,JPY,INVOICE_BASIS,452,1,CLOSED
OI-000189,AR,DOC-20210531-0017,,C,6,2021-05-31,2021-07-15,713868,713868,0,JPY,INVOICE_BASIS,454,5,CLOSED
OI-000190,AR,DOC-20210531-0013,,C,7,2021-05-31,2021-07-25,1216464,1216464,0,JPY,INVOICE_BASIS,454,1,CLOSED
OI-000191,AR,DOC-20210531-0024,,C,8,2021-05-31,2021-07-15,428130,428130,0,JPY,INVOICE_BASIS,455,6,CLOSED
OI-000192,AR,DOC-20210531-0020,,C,9,2021-05-31,2021-07-15,806520,806520,0,JPY,INVOICE_BASIS,455,2,CLOSED
OI-000193,AR,DOC-20210531-0012,,C,10,2021-05-31,2021-07-31,560672,560672,0,JPY,INVOICE_BASIS,453,9,CLOSED
OI-000194,AR,DOC-20210531-0006,,C,11,2021-05-31,2021-07-20,859668,859668,0,JPY,INVOICE_BASIS,453,3,CLOSED
OI-000195,AR,DOC-20210531-0007,,C,12,2021-05-31,2021-07-31,8059094,8059094,0,JPY,INVOICE_BASIS,453,4,CLOSED
OI-000196,AR,DOC-20210531-0008,,C,13,2021-05-31,2021-07-15,883097,883097,0,JPY,INVOICE_BASIS,453,5,CLOSED
OI-000197,AR,DOC-20210531-0002,,C,14,2021-05-31,2021-07-10,1329984,1329984,0,JPY,INVOICE_BASIS,452,2,CLOSED
OI-000198,AR,DOC-20210531-0009,,C,14,2021-05-31,2021-07-10,1587526,1587526,0,JPY,INVOICE_BASIS,453,6,CLOSED
OI-000199,AR,DOC-20210531-0014,,C,14,2021-05-31,2021-07-31,1192362,1192362,0,JPY,INVOICE_BASIS,454,2,CLOSED
OI-000200,AR,DOC-20210531-0025,,C,14,2021-05-31,2021-07-31,2209402,2209402,0,JPY,INVOICE_BASIS,455,7,CLOSED
OI-000201,AR,DOC-20210531-0028,,C,14,2021-05-31,2021-07-31,991728,991728,0,JPY,INVOICE_BASIS,456,2,CLOSED
OI-000202,AR,DOC-20210531-0015,,C,19,2021-05-31,2021-07-10,1012572,1012572,0,JPY,INVOICE_BASIS,454,3,CLOSED
OI-000203,AR,DOC-20210531-0021,,C,20,2021-05-31,2021-07-15,871688,871688,0,JPY,INVOICE_BASIS,455,3,CLOSED
OI-000204,AR,DOC-20210531-0018,,C,21,2021-05-31,2021-07-20,750780,750780,0,JPY,INVOICE_BASIS,454,6,CLOSED
OI-000205,AR,DOC-20210531-0029,,C,22,2021-05-31,2021-07-05,1295648,1295648,0,JPY,INVOICE_BASIS,456,3,CLOSED
OI-000206,AR,DOC-20210531-0022,,C,23,2021-05-31,2021-07-25,910136,910136,0,JPY,INVOICE_BASIS,455,4,CLOSED
OI-000207,AR,DOC-20210531-0010,,C,24,2021-05-31,2021-07-31,730124,730124,0,JPY,INVOICE_BASIS,453,7,CLOSED
OI-000208,AR,DOC-20210531-0003,,C,25,2021-05-31,2021-07-25,3964716,3964716,0,JPY,INVOICE_BASIS,452,3,CLOSED
OI-000209,AR,DOC-20210531-0011,,C,26,2021-05-31,2021-07-05,1163584,1163584,0,JPY,INVOICE_BASIS,453,8,CLOSED
OI-000210,AR,DOC-20210531-0016,,C,27,2021-05-31,2021-07-05,764268,764268,0,JPY,INVOICE_BASIS,454,4,CLOSED
OI-000211,AR,DOC-20210531-0023,,C,28,2021-05-31,2021-07-10,6725128,6725128,0,JPY,INVOICE_BASIS,455,5,CLOSED
OI-000212,AR,DOC-20210531-0030,,C,29,2021-05-31,2021-07-31,843660,843660,0,JPY,INVOICE_BASIS,456,4,CLOSED
OI-000213,AR,DOC-20210531-0004,,C,30,2021-05-31,2021-07-20,1379070,1379070,0,JPY,INVOICE_BASIS,453,1,CLOSED
OI-000214,AP,DOC-20210531-0034,,S,1,2021-05-31,2021-07-15,6139435,6139435,0,JPY,INVOICE_BASIS,464,2,CLOSED
OI-000215,AP,DOC-20210531-0032,,S,2,2021-05-31,2021-07-31,135474,135474,0,JPY,INVOICE_BASIS,463,2,CLOSED
OI-000216,AP,DOC-20210531-0037,,S,2,2021-05-31,2021-07-31,630800,630800,0,JPY,INVOICE_BASIS,464,6,CLOSED
OI-000217,AP,DOC-20210531-0044,,S,2,2021-05-31,2021-07-31,190510,190510,0,JPY,INVOICE_BASIS,465,6,CLOSED
OI-000218,AP,DOC-20210531-0050,,S,2,2021-05-31,2021-07-31,283648,283648,0,JPY,INVOICE_BASIS,466,7,CLOSED
OI-000219,AP,DOC-20210531-0052,,S,2,2021-05-31,2021-07-31,55036,55036,0,JPY,INVOICE_BASIS,467,2,CLOSED
OI-000220,AP,DOC-20210531-0036,,S,3,2021-05-31,2021-07-10,3107835,3107835,0,JPY,INVOICE_BASIS,464,5,CLOSED
OI-000221,AP,DOC-20210531-0048,,S,4,2021-05-31,2021-07-20,926133,926133,0,JPY,INVOICE_BASIS,466,4,CLOSED
OI-000222,AP,DOC-20210531-0047,,S,5,2021-05-31,2021-07-31,3744310,3744310,0,JPY,INVOICE_BASIS,466,3,CLOSED
OI-000223,AP,DOC-20210531-0046,,S,6,2021-05-31,2021-07-20,3530262,3530262,0,JPY,INVOICE_BASIS,466,2,CLOSED
OI-000224,AP,DOC-20210531-0041,,S,7,2021-05-31,2021-07-31,3549759,3549759,0,JPY,INVOICE_BASIS,465,1,CLOSED
OI-000225,AP,DOC-20210531-0031,,S,8,2021-05-31,2021-07-10,72576,72576,0,JPY,INVOICE_BASIS,463,1,CLOSED
OI-000226,AP,DOC-20210531-0040,,S,8,2021-05-31,2021-07-31,140313,140313,0,JPY,INVOICE_BASIS,464,9,CLOSED
OI-000227,AP,DOC-20210531-0049,,S,8,2021-05-31,2021-07-31,169344,169344,0,JPY,INVOICE_BASIS,466,5,CLOSED
OI-000228,AP,DOC-20210531-0051,,S,8,2021-05-31,2021-07-31,24192,24192,0,JPY,INVOICE_BASIS,467,1,CLOSED
OI-000229,AP,DOC-20210531-0042,,S,9,2021-05-31,2021-07-31,1772046,1772046,0,JPY,INVOICE_BASIS,465,2,CLOSED
OI-000230,AP,DOC-20210531-0045,,S,10,2021-05-31,2021-07-31,3030717,3030717,0,JPY,INVOICE_BASIS,466,1,CLOSED
OI-000231,AP,DOC-20210531-0033,,S,11,2021-05-31,2021-07-20,4270793,4270793,0,JPY,INVOICE_BASIS,464,1,CLOSED
OI-000232,AP,DOC-20210531-0039,,S,12,2021-05-31,2021-07-31,330220,330220,0,JPY,INVOICE_BASIS,464,8,CLOSED
OI-000233,AP,DOC-20210531-0038,,S,13,2021-05-31,2021-07-31,1291839,1291839,0,JPY,INVOICE_BASIS,464,7,CLOSED
OI-000234,AP,DOC-20210531-0035,,S,14,2021-05-31,2021-07-31,2895984,2895984,0,JPY,INVOICE_BASIS,464,4,CLOSED
OI-000235,AP,DOC-20210531-0043,,S,15,2021-05-31,2021-07-31,1154355,1154355,0,JPY,INVOICE_BASIS,465,3,CLOSED
OI-000236,AR,DOC-20210630-0029,,C,1,2021-06-30,2021-08-15,1221480,1221480,0,JPY,INVOICE_BASIS,686,3,CLOSED
OI-000237,AR,DOC-20210630-0005,,C,2,2021-06-30,2021-08-25,14067110,14067110,0,JPY,INVOICE_BASIS,683,2,CLOSED
OI-000238,AR,DOC-20210630-0025,,C,3,2021-06-30,2021-08-31,335052,335052,0,JPY,INVOICE_BASIS,685,7,CLOSED
OI-000239,AR,DOC-20210630-0021,,C,4,2021-06-30,2021-08-31,908128,908128,0,JPY,INVOICE_BASIS,685,3,CLOSED
OI-000240,AR,DOC-20210630-0001,,C,5,2021-06-30,2021-08-31,904048,904048,0,JPY,INVOICE_BASIS,682,1,CLOSED
OI-000241,AR,DOC-20210630-0015,,C,6,2021-06-30,2021-08-15,893412,893412,0,JPY,INVOICE_BASIS,684,3,CLOSED
OI-000242,AR,DOC-20210630-0014,,C,7,2021-06-30,2021-08-25,1108544,1108544,0,JPY,INVOICE_BASIS,684,2,CLOSED
OI-000243,AR,DOC-20210630-0024,,C,8,2021-06-30,2021-08-15,746892,746892,0,JPY,INVOICE_BASIS,685,6,CLOSED
OI-000244,AR,DOC-20210630-0026,,C,9,2021-06-30,2021-08-15,746304,746304,0,JPY,INVOICE_BASIS,685,8,CLOSED
OI-000245,AR,DOC-20210630-0011,,C,10,2021-06-30,2021-08-31,372176,372176,0,JPY,INVOICE_BASIS,683,8,CLOSED
OI-000246,AR,DOC-20210630-0008,,C,11,2021-06-30,2021-08-20,603296,603296,0,JPY,INVOICE_BASIS,683,5,CLOSED
OI-000247,AR,DOC-20210630-0004,,C,12,2021-06-30,2021-08-31,10195015,10195015,0,JPY,INVOICE_BASIS,683,1,CLOSED
OI-000248,AR,DOC-20210630-0009,,C,13,2021-06-30,2021-08-15,1101380,1101380,0,JPY,INVOICE_BASIS,683,6,CLOSED
OI-000249,AR,DOC-20210630-0003,,C,14,2021-06-30,2021-08-10,1536704,1536704,0,JPY,INVOICE_BASIS,682,3,CLOSED
OI-000250,AR,DOC-20210630-0010,,C,14,2021-06-30,2021-08-10,1903676,1903676,0,JPY,INVOICE_BASIS,683,7,CLOSED
OI-000251,AR,DOC-20210630-0016,,C,14,2021-06-30,2021-08-31,1472424,1472424,0,JPY,INVOICE_BASIS,684,4,CLOSED
OI-000252,AR,DOC-20210630-0022,,C,14,2021-06-30,2021-08-31,2319041,2319041,0,JPY,INVOICE_BASIS,685,4,CLOSED
OI-000253,AR,DOC-20210630-0027,,C,14,2021-06-30,2021-08-31,1335240,1335240,0,JPY,INVOICE_BASIS,686,1,CLOSED
OI-000254,AR,DOC-20210630-0017,,C,19,2021-06-30,2021-08-10,804060,804060,0,JPY,INVOICE_BASIS,684,5,CLOSED
OI-000255,AR,DOC-20210630-0019,,C,20,2021-06-30,2021-08-15,1016210,1016210,0,JPY,INVOICE_BASIS,685,1,CLOSED
OI-000256,AR,DOC-20210630-0018,,C,21,2021-06-30,2021-08-20,504450,504450,0,JPY,INVOICE_BASIS,684,6,CLOSED
OI-000257,AR,DOC-20210630-0030,,C,22,2021-06-30,2021-08-05,915480,915480,0,JPY,INVOICE_BASIS,686,4,CLOSED
OI-000258,AR,DOC-20210630-0023,,C,23,2021-06-30,2021-08-25,859929,859929,0,JPY,INVOICE_BASIS,685,5,CLOSED
OI-000259,AR,DOC-20210630-0007,,C,24,2021-06-30,2021-08-31,602808,602808,0,JPY,INVOICE_BASIS,683,4,CLOSED
OI-000260,AR,DOC-20210630-0002,,C,25,2021-06-30,2021-08-25,2998818,2998818,0,JPY,INVOICE_BASIS,682,2,CLOSED
OI-000261,AR,DOC-20210630-0012,,C,26,2021-06-30,2021-08-05,763160,763160,0,JPY,INVOICE_BASIS,683,9,CLOSED
OI-000262,AR,DOC-20210630-0013,,C,27,2021-06-30,2021-08-05,799276,799276,0,JPY,INVOICE_BASIS,684,1,CLOSED
OI-000263,AR,DOC-20210630-0020,,C,28,2021-06-30,2021-08-10,5645572,5645572,0,JPY,INVOICE_BASIS,685,2,CLOSED
OI-000264,AR,DOC-20210630-0028,,C,29,2021-06-30,2021-08-31,404352,404352,0,JPY,INVOICE_BASIS,686,2,CLOSED
OI-000265,AR,DOC-20210630-0006,,C,30,2021-06-30,2021-08-20,1019738,1019738,0,JPY,INVOICE_BASIS,683,3,CLOSED
OI-000266,AP,DOC-20210630-0034,,S,1,2021-06-30,2021-08-15,5813524,5813524,0,JPY,INVOICE_BASIS,694,2,CLOSED
OI-000267,AP,DOC-20210630-0031,,S,2,2021-06-30,2021-08-31,77565,77565,0,JPY,INVOICE_BASIS,693,1,CLOSED
OI-000268,AP,DOC-20210630-0040,,S,2,2021-06-30,2021-08-31,616209,616209,0,JPY,INVOICE_BASIS,694,11,CLOSED
OI-000269,AP,DOC-20210630-0044,,S,2,2021-06-30,2021-08-31,116346,116346,0,JPY,INVOICE_BASIS,695,4,CLOSED
OI-000270,AP,DOC-20210630-0050,,S,2,2021-06-30,2021-08-31,349042,349042,0,JPY,INVOICE_BASIS,696,5,CLOSED
OI-000271,AP,DOC-20210630-0052,,S,2,2021-06-30,2021-08-31,137893,137893,0,JPY,INVOICE_BASIS,697,1,CLOSED
OI-000272,AP,DOC-20210630-0036,,S,3,2021-06-30,2021-08-10,3136658,3136658,0,JPY,INVOICE_BASIS,694,4,CLOSED
OI-000273,AP,DOC-20210630-0049,,S,4,2021-06-30,2021-08-20,888656,888656,0,JPY,INVOICE_BASIS,696,4,CLOSED
OI-000274,AP,DOC-20210630-0048,,S,5,2021-06-30,2021-08-31,3702978,3702978,0,JPY,INVOICE_BASIS,696,3,CLOSED
OI-000275,AP,DOC-20210630-0047,,S,6,2021-06-30,2021-08-20,3482789,3482789,0,JPY,INVOICE_BASIS,696,2,CLOSED
OI-000276,AP,DOC-20210630-0041,,S,7,2021-06-30,2021-08-31,3490290,3490290,0,JPY,INVOICE_BASIS,695,1,CLOSED
OI-000277,AP,DOC-20210630-0032,,S,8,2021-06-30,2021-08-10,49392,49392,0,JPY,INVOICE_BASIS,693,2,CLOSED
OI-000278,AP,DOC-20210630-0039,,S,8,2021-06-30,2021-08-31,222264,222264,0,JPY,INVOICE_BASIS,694,9,CLOSED
OI-000279,AP,DOC-20210630-0045,,S,8,2021-06-30,2021-08-31,24696,24696,0,JPY,INVOICE_BASIS,695,5,CLOSED
OI-000280,AP,DOC-20210630-0051,,S,8,2021-06-30,2021-08-31,44452,44452,0,JPY,INVOICE_BASIS,696,7,CLOSED
OI-000281,AP,DOC-20210630-0053,,S,8,2021-06-30,2021-08-31,49392,49392,0,JPY,INVOICE_BASIS,697,2,CLOSED
OI-000282,AP,DOC-20210630-0042,,S,9,2021-06-30,2021-08-31,1712425,1712425,0,JPY,INVOICE_BASIS,695,2,CLOSED
OI-000283,AP,DOC-20210630-0046,,S,10,2021-06-30,2021-08-31,3040340,3040340,0,JPY,INVOICE_BASIS,696,1,CLOSED
OI-000284,AP,DOC-20210630-0033,,S,11,2021-06-30,2021-08-20,4187544,4187544,0,JPY,INVOICE_BASIS,694,1,CLOSED
OI-000285,AP,DOC-20210630-0038,,S,12,2021-06-30,2021-08-31,316537,316537,0,JPY,INVOICE_BASIS,694,7,CLOSED
OI-000286,AP,DOC-20210630-0037,,S,13,2021-06-30,2021-08-31,1224976,1224976,0,JPY,INVOICE_BASIS,694,5,CLOSED
OI-000287,AP,DOC-20210630-0035,,S,14,2021-06-30,2021-08-31,2864586,2864586,0,JPY,INVOICE_BASIS,694,3,CLOSED
OI-000288,AP,DOC-20210630-0043,,S,15,2021-06-30,2021-08-31,1109128,1109128,0,JPY,INVOICE_BASIS,695,3,CLOSED
OI-000289,AR,DOC-20210731-0029,,C,1,2021-07-31,2021-09-12,1369532,1369532,0,JPY,INVOICE_BASIS,920,3,CLOSED
OI-000290,AR,DOC-20210731-0005,,C,2,2021-07-31,2021-09-25,16459173,16459173,0,JPY,INVOICE_BASIS,917,2,CLOSED
OI-000291,AR,DOC-20210731-0026,,C,3,2021-07-31,2021-09-30,588672,588672,0,JPY,INVOICE_BASIS,919,8,CLOSED
OI-000292,AR,DOC-20210731-0022,,C,4,2021-07-31,2021-09-30,1186200,1186200,0,JPY,INVOICE_BASIS,919,4,CLOSED
OI-000293,AR,DOC-20210731-0002,,C,5,2021-07-31,2021-09-30,1299624,1299624,0,JPY,INVOICE_BASIS,916,2,CLOSED
OI-000294,AR,DOC-20210731-0018,,C,6,2021-07-31,2021-09-15,911211,911211,0,JPY,INVOICE_BASIS,918,6,CLOSED
OI-000295,AR,DOC-20210731-0014,,C,7,2021-07-31,2021-09-25,925880,925880,0,JPY,INVOICE_BASIS,918,2,CLOSED
OI-000296,AR,DOC-20210731-0023,,C,8,2021-07-31,2021-09-15,560430,560430,0,JPY,INVOICE_BASIS,919,5,CLOSED
OI-000297,AR,DOC-20210731-0024,,C,9,2021-07-31,2021-09-15,1013480,1013480,0,JPY,INVOICE_BASIS,919,6,CLOSED
OI-000298,AR,DOC-20210731-0012,,C,10,2021-07-31,2021-09-30,305388,305388,0,JPY,INVOICE_BASIS,917,11,CLOSED
OI-000299,AR,DOC-20210731-0010,,C,11,2021-07-31,2021-09-20,366976,366976,0,JPY,INVOICE_BASIS,917,7,CLOSED
OI-000300,AR,DOC-20210731-0004,,C,12,2021-07-31,2021-09-30,9706318,9706318,0,JPY,INVOICE_BASIS,917,1,CLOSED
OI-000301,AR,DOC-20210731-0007,,C,13,2021-07-31,2021-09-15,862193,862193,0,JPY,INVOICE_BASIS,917,4,CLOSED
OI-000302,AR,DOC-20210731-0003,,C,14,2021-07-31,2021-09-10,1052584,1052584,0,JPY,INVOICE_BASIS,916,3,CLOSED
OI-000303,AR,DOC-20210731-0008,,C,14,2021-07-31,2021-09-10,1678938,1678938,0,JPY,INVOICE_BASIS,917,5,CLOSED
OI-000304,AR,DOC-20210731-0015,,C,14,2021-07-31,2021-09-30,928386,928386,0,JPY,INVOICE_BASIS,918,3,CLOSED
OI-000305,AR,DOC-20210731-0021,,C,14,2021-07-31,2021-09-30,2487704,2487704,0,JPY,INVOICE_BASIS,919,3,CLOSED
OI-000306,AR,DOC-20210731-0027,,C,14,2021-07-31,2021-09-30,943160,943160,0,JPY,INVOICE_BASIS,920,1,CLOSED
OI-000307,AR,DOC-20210731-0016,,C,19,2021-07-31,2021-09-10,378495,378495,0,JPY,INVOICE_BASIS,918,4,CLOSED
OI-000308,AR,DOC-20210731-0025,,C,20,2021-07-31,2021-09-15,942360,942360,0,JPY,INVOICE_BASIS,919,7,CLOSED
OI-000309,AR,DOC-20210731-0017,,C,21,2021-07-31,2021-09-20,610974,610974,0,JPY,INVOICE_BASIS,918,5,CLOSED
OI-000310,AR,DOC-20210731-0028,,C,22,2021-07-31,2021-09-05,1402208,1402208,0,JPY,INVOICE_BASIS,920,2,CLOSED
OI-000311,AR,DOC-20210731-0020,,C,23,2021-07-31,2021-09-25,1135138,1135138,0,JPY,INVOICE_BASIS,919,2,CLOSED
OI-000312,AR,DOC-20210731-0011,,C,24,2021-07-31,2021-09-30,376504,376504,0,JPY,INVOICE_BASIS,917,10,CLOSED
OI-000313,AR,DOC-20210731-0001,,C,25,2021-07-31,2021-09-25,4665496,4665496,0,JPY,INVOICE_BASIS,916,1,CLOSED
OI-000314,AR,DOC-20210731-0009,,C,26,2021-07-31,2021-09-05,1056864,1056864,0,JPY,INVOICE_BASIS,917,6,CLOSED
OI-000315,AR,DOC-20210731-0013,,C,27,2021-07-31,2021-09-05,1184900,1184900,0,JPY,INVOICE_BASIS,918,1,CLOSED
OI-000316,AR,DOC-20210731-0019,,C,28,2021-07-31,2021-09-10,6131174,6131174,0,JPY,INVOICE_BASIS,919,1,CLOSED
OI-000317,AR,DOC-20210731-0030,,C,29,2021-07-31,2021-09-30,963720,963720,0,JPY,INVOICE_BASIS,920,4,CLOSED
OI-000318,AR,DOC-20210731-0006,,C,30,2021-07-31,2021-09-20,1740812,1740812,0,JPY,INVOICE_BASIS,917,3,CLOSED
OI-000319,AP,DOC-20210731-0036,,S,1,2021-07-31,2021-09-15,6120204,6120204,0,JPY,INVOICE_BASIS,928,5,CLOSED
OI-000320,AP,DOC-20210731-0032,,S,2,2021-07-31,2021-09-30,176676,176676,0,JPY,INVOICE_BASIS,927,2,CLOSED
OI-000321,AP,DOC-20210731-0039,,S,2,2021-07-31,2021-09-30,650681,650681,0,JPY,INVOICE_BASIS,928,8,CLOSED
OI-000322,AP,DOC-20210731-0044,,S,2,2021-07-31,2021-09-30,77565,77565,0,JPY,INVOICE_BASIS,929,5,CLOSED
OI-000323,AP,DOC-20210731-0051,,S,2,2021-07-31,2021-09-30,215458,215458,0,JPY,INVOICE_BASIS,930,7,CLOSED
OI-000324,AP,DOC-20210731-0053,,S,2,2021-07-31,2021-09-30,198221,198221,0,JPY,INVOICE_BASIS,931,2,CLOSED
OI-000325,AP,DOC-20210731-0034,,S,3,2021-07-31,2021-09-10,3216642,3216642,0,JPY,INVOICE_BASIS,928,2,CLOSED
OI-000326,AP,DOC-20210731-0047,,S,4,2021-07-31,2021-09-20,929328,929328,0,JPY,INVOICE_BASIS,930,2,CLOSED
OI-000327,AP,DOC-20210731-0046,,S,5,2021-07-31,2021-09-30,3841014,3841014,0,JPY,INVOICE_BASIS,930,1,CLOSED
OI-000328,AP,DOC-20210731-0049,,S,6,2021-07-31,2021-09-20,3600809,3600809,0,JPY,INVOICE_BASIS,930,4,CLOSED
OI-000329,AP,DOC-20210731-0043,,S,7,2021-07-31,2021-09-30,3639444,3639444,0,JPY,INVOICE_BASIS,929,3,CLOSED
OI-000330,AP,DOC-20210731-0031,,S,8,2021-07-31,2021-09-10,49392,49392,0,JPY,INVOICE_BASIS,927,1,CLOSED
OI-000331,AP,DOC-20210731-0040,,S,8,2021-07-31,2021-09-30,167932,167932,0,JPY,INVOICE_BASIS,928,9,CLOSED
OI-000332,AP,DOC-20210731-0045,,S,8,2021-07-31,2021-09-30,24696,24696,0,JPY,INVOICE_BASIS,929,6,CLOSED
OI-000333,AP,DOC-20210731-0050,,S,8,2021-07-31,2021-09-30,148176,148176,0,JPY,INVOICE_BASIS,930,6,CLOSED
OI-000334,AP,DOC-20210731-0052,,S,8,2021-07-31,2021-09-30,24696,24696,0,JPY,INVOICE_BASIS,931,1,CLOSED
OI-000335,AP,DOC-20210731-0041,,S,9,2021-07-31,2021-09-30,1819272,1819272,0,JPY,INVOICE_BASIS,929,1,CLOSED
OI-000336,AP,DOC-20210731-0048,,S,10,2021-07-31,2021-09-30,3148603,3148603,0,JPY,INVOICE_BASIS,930,3,CLOSED
OI-000337,AP,DOC-20210731-0037,,S,11,2021-07-31,2021-09-20,4398969,4398969,0,JPY,INVOICE_BASIS,928,6,CLOSED
OI-000338,AP,DOC-20210731-0038,,S,12,2021-07-31,2021-09-30,336571,336571,0,JPY,INVOICE_BASIS,928,7,CLOSED
OI-000339,AP,DOC-20210731-0035,,S,13,2021-07-31,2021-09-30,1317476,1317476,0,JPY,INVOICE_BASIS,928,4,CLOSED
OI-000340,AP,DOC-20210731-0033,,S,14,2021-07-31,2021-09-30,2953512,2953512,0,JPY,INVOICE_BASIS,928,1,CLOSED
OI-000341,AP,DOC-20210731-0042,,S,15,2021-07-31,2021-09-30,1159628,1159628,0,JPY,INVOICE_BASIS,929,2,CLOSED
OI-000342,AR,DOC-20210831-0027,,C,1,2021-08-31,2021-10-15,1096420,1096420,0,JPY,INVOICE_BASIS,1151,1,CLOSED
OI-000343,AR,DOC-20210831-0004,,C,2,2021-08-31,2021-10-25,13866393,13866393,0,JPY,INVOICE_BASIS,1148,1,CLOSED
OI-000344,AR,DOC-20210831-0025,,C,3,2021-08-31,2021-10-31,558315,558315,0,JPY,INVOICE_BASIS,1150,7,CLOSED
OI-000345,AR,DOC-20210831-0024,,C,4,2021-08-31,2021-10-31,698808,698808,0,JPY,INVOICE_BASIS,1150,6,CLOSED
OI-000346,AR,DOC-20210831-0003,,C,5,2021-08-31,2021-10-31,971864,971864,0,JPY,INVOICE_BASIS,1147,3,CLOSED
OI-000347,AR,DOC-20210831-0013,,C,6,2021-08-31,2021-10-15,1018045,1018045,0,JPY,INVOICE_BASIS,1149,1,CLOSED
OI-000348,AR,DOC-20210831-0014,,C,7,2021-08-31,2021-10-25,1120992,1120992,0,JPY,INVOICE_BASIS,1149,2,CLOSED
OI-000349,AR,DOC-20210831-0021,,C,8,2021-08-31,2021-10-15,710064,710064,0,JPY,INVOICE_BASIS,1150,3,CLOSED
OI-000350,AR,DOC-20210831-0019,,C,9,2021-08-31,2021-10-15,673120,673120,0,JPY,INVOICE_BASIS,1150,1,CLOSED
OI-000351,AR,DOC-20210831-0009,,C,10,2021-08-31,2021-10-31,666376,666376,0,JPY,INVOICE_BASIS,1148,6,CLOSED
OI-000352,AR,DOC-20210831-0005,,C,11,2021-08-31,2021-10-20,692628,692628,0,JPY,INVOICE_BASIS,1148,2,CLOSED
OI-000353,AR,DOC-20210831-0006,,C,12,2021-08-31,2021-10-31,10599606,10599606,0,JPY,INVOICE_BASIS,1148,3,CLOSED
OI-000354,AR,DOC-20210831-0007,,C,13,2021-08-31,2021-10-15,1088296,1088296,0,JPY,INVOICE_BASIS,1148,4,CLOSED
OI-000355,AR,DOC-20210831-0001,,C,14,2021-08-31,2021-10-10,1577184,1577184,0,JPY,INVOICE_BASIS,1147,1,CLOSED
OI-000356,AR,DOC-20210831-0008,,C,14,2021-08-31,2021-10-10,2070096,2070096,0,JPY,INVOICE_BASIS,1148,5,CLOSED
OI-000357,AR,DOC-20210831-0016,,C,14,2021-08-31,2021-10-31,1108960,1108960,0,JPY,INVOICE_BASIS,1149,4,CLOSED
OI-000358,AR,DOC-20210831-0022,,C,14,2021-08-31,2021-10-31,2583057,2583057,0,JPY,INVOICE_BASIS,1150,4,CLOSED
OI-000359,AR,DOC-20210831-0028,,C,14,2021-08-31,2021-10-31,747840,747840,0,JPY,INVOICE_BASIS,1151,2,CLOSED
OI-000360,AR,DOC-20210831-0015,,C,19,2021-08-31,2021-10-10,5817092,5817092,0,JPY,INVOICE_BASIS,1149,3,CLOSED
OI-000361,AR,DOC-20210831-0020,,C,20,2021-08-31,2021-10-15,1128590,1128590,0,JPY,INVOICE_BASIS,1150,2,CLOSED
OI-000362,AR,DOC-20210831-0017,,C,21,2021-08-31,2021-10-20,2661680,2661680,0,JPY,INVOICE_BASIS,1149,5,CLOSED
OI-000363,AR,DOC-20210831-0030,,C,22,2021-08-31,2021-10-05,746944,746944,0,JPY,INVOICE_BASIS,1151,4,CLOSED
OI-000364,AR,DOC-20210831-0026,,C,23,2021-08-31,2021-10-25,659000,659000,0,JPY,INVOICE_BASIS,1150,8,CLOSED
OI-000365,AR,DOC-20210831-0012,,C,24,2021-08-31,2021-10-31,544580,544580,0,JPY,INVOICE_BASIS,1148,9,CLOSED
OI-000366,AR,DOC-20210831-0002,,C,25,2021-08-31,2021-10-25,3658726,3658726,0,JPY,INVOICE_BASIS,1147,2,CLOSED
OI-000367,AR,DOC-20210831-0010,,C,26,2021-08-31,2021-10-05,919640,919640,0,JPY,INVOICE_BASIS,1148,7,CLOSED
OI-000368,AR,DOC-20210831-0018,,C,27,2021-08-31,2021-10-05,1695610,1695610,0,JPY,INVOICE_BASIS,1149,6,CLOSED
OI-000369,AR,DOC-20210831-0023,,C,28,2021-08-31,2021-10-10,6477499,6477499,0,JPY,INVOICE_BASIS,1150,5,CLOSED
OI-000370,AR,DOC-20210831-0029,,C,29,2021-08-31,2021-10-31,554400,554400,0,JPY,INVOICE_BASIS,1151,3,CLOSED
OI-000371,AR,DOC-20210831-0011,,C,30,2021-08-31,2021-10-20,914454,914454,0,JPY,INVOICE_BASIS,1148,8,CLOSED
OI-000372,AP,DOC-20210831-0036,,S,1,2021-08-31,2021-10-15,6139436,6139436,0,JPY,INVOICE_BASIS,1159,4,CLOSED
OI-000373,AP,DOC-20210831-0031,,S,2,2021-08-31,2021-10-31,90491,90491,0,JPY,INVOICE_BASIS,1158,1,CLOSED
OI-000374,AP,DOC-20210831-0040,,S,2,2021-08-31,2021-10-31,818740,818740,0,JPY,INVOICE_BASIS,1159,8,CLOSED
OI-000375,AP,DOC-20210831-0045,,S,2,2021-08-31,2021-10-31,271477,271477,0,JPY,INVOICE_BASIS,1160,5,CLOSED
OI-000376,AP,DOC-20210831-0051,,S,2,2021-08-31,2021-10-31,77565,77565,0,JPY,INVOICE_BASIS,1161,6,CLOSED
OI-000377,AP,DOC-20210831-0052,,S,2,2021-08-31,2021-10-31,60328,60328,0,JPY,INVOICE_BASIS,1162,1,CLOSED
OI-000378,AP,DOC-20210831-0034,,S,3,2021-08-31,2021-10-10,3251165,3251165,0,JPY,INVOICE_BASIS,1159,2,CLOSED
OI-000379,AP,DOC-20210831-0047,,S,4,2021-08-31,2021-10-20,944145,944145,0,JPY,INVOICE_BASIS,1161,2,CLOSED
OI-000380,AP,DOC-20210831-0046,,S,5,2021-08-31,2021-10-31,3841014,3841014,0,JPY,INVOICE_BASIS,1161,1,CLOSED
OI-000381,AP,DOC-20210831-0049,,S,6,2021-08-31,2021-10-20,3600809,3600809,0,JPY,INVOICE_BASIS,1161,4,CLOSED
OI-000382,AP,DOC-20210831-0043,,S,7,2021-08-31,2021-10-31,3639444,3639444,0,JPY,INVOICE_BASIS,1160,3,CLOSED
OI-000383,AP,DOC-20210831-0032,,S,8,2021-08-31,2021-10-10,74088,74088,0,JPY,INVOICE_BASIS,1158,2,CLOSED
OI-000384,AP,DOC-20210831-0039,,S,8,2021-08-31,2021-10-31,148176,148176,0,JPY,INVOICE_BASIS,1159,7,CLOSED
OI-000385,AP,DOC-20210831-0044,,S,8,2021-08-31,2021-10-31,44452,44452,0,JPY,INVOICE_BASIS,1160,4,CLOSED
OI-000386,AP,DOC-20210831-0050,,S,8,2021-08-31,2021-10-31,123480,123480,0,JPY,INVOICE_BASIS,1161,5,CLOSED
OI-000387,AP,DOC-20210831-0041,,S,9,2021-08-31,2021-10-31,1819272,1819272,0,JPY,INVOICE_BASIS,1160,1,CLOSED
OI-000388,AP,DOC-20210831-0048,,S,10,2021-08-31,2021-10-31,3148603,3148603,0,JPY,INVOICE_BASIS,1161,3,CLOSED
OI-000389,AP,DOC-20210831-0037,,S,11,2021-08-31,2021-10-20,4398969,4398969,0,JPY,INVOICE_BASIS,1159,5,CLOSED
OI-000390,AP,DOC-20210831-0038,,S,12,2021-08-31,2021-10-31,336571,336571,0,JPY,INVOICE_BASIS,1159,6,CLOSED
OI-000391,AP,DOC-20210831-0035,,S,13,2021-08-31,2021-10-31,1317476,1317476,0,JPY,INVOICE_BASIS,1159,3,CLOSED
OI-000392,AP,DOC-20210831-0033,,S,14,2021-08-31,2021-10-31,2953512,2953512,0,JPY,INVOICE_BASIS,1159,1,CLOSED
OI-000393,AP,DOC-20210831-0042,,S,15,2021-08-31,2021-10-31,1178376,1178376,0,JPY,INVOICE_BASIS,1160,2,CLOSED
OI-000394,AR,DOC-20210930-0028,,C,1,2021-09-30,2021-11-15,1370644,1370644,0,JPY,INVOICE_BASIS,1382,2,CLOSED
OI-000395,AR,DOC-20210930-0004,,C,2,2021-09-30,2021-11-25,16028828,16028828,0,JPY,INVOICE_BASIS,1379,1,CLOSED
OI-000396,AR,DOC-20210930-0024,,C,3,2021-09-30,2021-11-30,282780,282780,0,JPY,INVOICE_BASIS,1381,6,CLOSED
OI-000397,AR,DOC-20210930-0025,,C,4,2021-09-30,2021-11-30,703968,703968,0,JPY,INVOICE_BASIS,1381,7,CLOSED
OI-000398,AR,DOC-20210930-0003,,C,5,2021-09-30,2021-11-30,1129600,1129600,0,JPY,INVOICE_BASIS,1378,3,CLOSED
OI-000399,AR,DOC-20210930-0017,,C,6,2021-09-30,2021-11-15,1023876,1023876,0,JPY,INVOICE_BASIS,1380,5,CLOSED
OI-000400,AR,DOC-20210930-0018,,C,7,2021-09-30,2021-11-25,1209600,1209600,0,JPY,INVOICE_BASIS,1380,6,CLOSED
OI-000401,AR,DOC-20210930-0020,,C,8,2021-09-30,2021-11-15,988155,988155,0,JPY,INVOICE_BASIS,1381,2,CLOSED
OI-000402,AR,DOC-20210930-0021,,C,9,2021-09-30,2021-11-15,1104280,1104280,0,JPY,INVOICE_BASIS,1381,3,CLOSED
OI-000403,AR,DOC-20210930-0012,,C,10,2021-09-30,2021-11-30,342468,342468,0,JPY,INVOICE_BASIS,1379,9,CLOSED
OI-000404,AR,DOC-20210930-0007,,C,11,2021-09-30,2021-11-20,311649,311649,0,JPY,INVOICE_BASIS,1379,4,CLOSED
OI-000405,AR,DOC-20210930-0005,,C,12,2021-09-30,2021-11-30,9607109,9607109,0,JPY,INVOICE_BASIS,1379,2,CLOSED
OI-000406,AR,DOC-20210930-0011,,C,13,2021-09-30,2021-11-15,652365,652365,0,JPY,INVOICE_BASIS,1379,8,CLOSED
OI-000407,AR,DOC-20210930-0002,,C,14,2021-09-30,2021-11-10,1121960,1121960,0,JPY,INVOICE_BASIS,1378,2,CLOSED
OI-000408,AR,DOC-20210930-0008,,C,14,2021-09-30,2021-11-10,1733186,1733186,0,JPY,INVOICE_BASIS,1379,5,CLOSED
OI-000409,AR,DOC-20210930-0014,,C,14,2021-09-30,2021-11-30,1356786,1356786,0,JPY,INVOICE_BASIS,1380,2,CLOSED
OI-000410,AR,DOC-20210930-0022,,C,14,2021-09-30,2021-11-30,2538474,2538474,0,JPY,INVOICE_BASIS,1381,4,CLOSED
OI-000411,AR,DOC-20210930-0029,,C,14,2021-09-30,2021-11-30,964280,964280,0,JPY,INVOICE_BASIS,1382,3,CLOSED
OI-000412,AR,DOC-20210930-0015,,C,19,2021-09-30,2021-11-10,853605,853605,0,JPY,INVOICE_BASIS,1380,3,CLOSED
OI-000413,AR,DOC-20210930-0023,,C,20,2021-09-30,2021-11-15,754274,754274,0,JPY,INVOICE_BASIS,1381,5,CLOSED
OI-000414,AR,DOC-20210930-0016,,C,21,2021-09-30,2021-11-20,438255,438255,0,JPY,INVOICE_BASIS,1380,4,CLOSED
OI-000415,AR,DOC-20210930-0027,,C,22,2021-09-30,2021-11-05,570784,570784,0,JPY,INVOICE_BASIS,1382,1,CLOSED
OI-000416,AR,DOC-20210930-0026,,C,23,2021-09-30,2021-11-25,542236,542236,0,JPY,INVOICE_BASIS,1381,8,CLOSED
OI-000417,AR,DOC-20210930-0006,,C,24,2021-09-30,2021-11-30,670364,670364,0,JPY,INVOICE_BASIS,1379,3,CLOSED
OI-000418,AR,DOC-20210930-0001,,C,25,2021-09-30,2021-11-25,4531280,4531280,0,JPY,INVOICE_BASIS,1378,1,CLOSED
OI-000419,AR,DOC-20210930-0010,,C,26,2021-09-30,2021-11-05,695408,695408,0,JPY,INVOICE_BASIS,1379,7,CLOSED
OI-000420,AR,DOC-20210930-0013,,C,27,2021-09-30,2021-11-05,893184,893184,0,JPY,INVOICE_BASIS,1380,1,CLOSED
OI-000421,AR,DOC-20210930-0019,,C,28,2021-09-30,2021-11-10,5964649,5964649,0,JPY,INVOICE_BASIS,1381,1,CLOSED
OI-000422,AR,DOC-20210930-0030,,C,29,2021-09-30,2021-11-30,496980,496980,0,JPY,INVOICE_BASIS,1382,4,CLOSED
OI-000423,AR,DOC-20210930-0009,,C,30,2021-09-30,2021-11-20,1044756,1044756,0,JPY,INVOICE_BASIS,1379,6,CLOSED
OI-000424,AP,DOC-20210930-0035,,S,1,2021-09-30,2021-11-15,5934799,5934799,0,JPY,INVOICE_BASIS,1390,4,CLOSED
OI-000425,AP,DOC-20210930-0031,,S,2,2021-09-30,2021-11-30,232695,232695,0,JPY,INVOICE_BASIS,1389,2,CLOSED
OI-000426,AP,DOC-20210930-0039,,S,2,2021-09-30,2021-11-30,392134,392134,0,JPY,INVOICE_BASIS,1390,8,CLOSED
OI-000427,AP,DOC-20210930-0043,,S,2,2021-09-30,2021-11-30,116347,116347,0,JPY,INVOICE_BASIS,1391,4,CLOSED
OI-000428,AP,DOC-20210930-0049,,S,2,2021-09-30,2021-11-30,405060,405060,0,JPY,INVOICE_BASIS,1392,5,CLOSED
OI-000429,AP,DOC-20210930-0051,,S,2,2021-09-30,2021-11-30,94801,94801,0,JPY,INVOICE_BASIS,1393,1,CLOSED
OI-000430,AP,DOC-20210930-0033,,S,3,2021-09-30,2021-11-10,3153847,3153847,0,JPY,INVOICE_BASIS,1390,2,CLOSED
OI-000431,AP,DOC-20210930-0046,,S,4,2021-09-30,2021-11-20,944145,944145,0,JPY,INVOICE_BASIS,1392,2,CLOSED
OI-000432,AP,DOC-20210930-0045,,S,5,2021-09-30,2021-11-30,3730512,3730512,0,JPY,INVOICE_BASIS,1392,1,CLOSED
OI-000433,AP,DOC-20210930-0048,,S,6,2021-09-30,2021-11-20,3484984,3484984,0,JPY,INVOICE_BASIS,1392,4,CLOSED
OI-000434,AP,DOC-20210930-0042,,S,7,2021-09-30,2021-11-30,3447035,3447035,0,JPY,INVOICE_BASIS,1391,3,CLOSED
OI-000435,AP,DOC-20210930-0038,,S,8,2021-09-30,2021-11-10,316108,316108,0,JPY,INVOICE_BASIS,1390,7,CLOSED
OI-000436,AP,DOC-20210930-0044,,S,8,2021-09-30,2021-11-30,74088,74088,0,JPY,INVOICE_BASIS,1391,5,CLOSED
OI-000437,AP,DOC-20210930-0050,,S,8,2021-09-30,2021-11-30,24696,24696,0,JPY,INVOICE_BASIS,1392,6,CLOSED
OI-000438,AP,DOC-20210930-0040,,S,9,2021-09-30,2021-11-30,1819272,1819272,0,JPY,INVOICE_BASIS,1391,1,CLOSED
OI-000439,AP,DOC-20210930-0047,,S,10,2021-09-30,2021-11-30,3051222,3051222,0,JPY,INVOICE_BASIS,1392,3,CLOSED
OI-000440,AP,DOC-20210930-0036,,S,11,2021-09-30,2021-11-20,4284585,4284585,0,JPY,INVOICE_BASIS,1390,5,CLOSED
OI-000441,AP,DOC-20210930-0037,,S,12,2021-09-30,2021-11-30,316537,316537,0,JPY,INVOICE_BASIS,1390,6,CLOSED
OI-000442,AP,DOC-20210930-0034,,S,13,2021-09-30,2021-11-30,1317476,1317476,0,JPY,INVOICE_BASIS,1390,3,CLOSED
OI-000443,AP,DOC-20210930-0032,,S,14,2021-09-30,2021-11-30,2868702,2868702,0,JPY,INVOICE_BASIS,1390,1,CLOSED
OI-000444,AP,DOC-20210930-0041,,S,15,2021-09-30,2021-11-30,1178376,1178376,0,JPY,INVOICE_BASIS,1391,2,CLOSED
OI-000445,AR,DOC-20211031-0029,,C,1,2021-10-31,2021-12-15,1023604,1023604,0,JPY,INVOICE_BASIS,1615,3,CLOSED
OI-000446,AR,DOC-20211031-0004,,C,2,2021-10-31,2021-12-25,14382264,14382264,0,JPY,INVOICE_BASIS,1612,1,CLOSED
OI-000447,AR,DOC-20211031-0026,,C,3,2021-10-31,2021-12-31,509535,509535,0,JPY,INVOICE_BASIS,1614,16,CLOSED
OI-000448,AR,DOC-20211031-0023,,C,4,2021-10-31,2021-12-31,1087224,1087224,0,JPY,INVOICE_BASIS,1614,13,CLOSED
OI-000449,AR,DOC-20211031-0002,,C,5,2021-10-31,2021-12-31,1281568,1281568,0,JPY,INVOICE_BASIS,1611,2,CLOSED
OI-000450,AR,DOC-20211031-0014,,C,6,2021-10-31,2021-12-15,1269677,1269677,0,JPY,INVOICE_BASIS,1613,2,CLOSED
OI-000451,AR,DOC-20211031-0015,,C,7,2021-10-31,2021-12-25,1134104,1134104,0,JPY,INVOICE_BASIS,1613,3,CLOSED
OI-000452,AR,DOC-20211031-0024,,C,8,2021-10-31,2021-12-15,398115,398115,0,JPY,INVOICE_BASIS,1614,14,CLOSED
OI-000453,AR,DOC-20211031-0025,,C,9,2021-10-31,2021-12-15,798840,798840,0,JPY,INVOICE_BASIS,1614,15,CLOSED
OI-000454,AR,DOC-20211031-0010,,C,10,2021-10-31,2021-12-31,203996,203996,0,JPY,INVOICE_BASIS,1612,7,CLOSED
OI-000455,AR,DOC-20211031-0007,,C,11,2021-10-31,2021-12-20,543350,543350,0,JPY,INVOICE_BASIS,1612,4,CLOSED
OI-000456,AR,DOC-20211031-0006,,C,12,2021-10-31,2021-12-31,10808171,10808171,0,JPY,INVOICE_BASIS,1612,3,CLOSED
OI-000457,AR,DOC-20211031-0008,,C,13,2021-10-31,2021-12-15,730040,730040,0,JPY,INVOICE_BASIS,1612,5,CLOSED
OI-000458,AR,DOC-20211031-0003,,C,14,2021-10-31,2021-12-10,1444608,1444608,0,JPY,INVOICE_BASIS,1611,3,CLOSED
OI-000459,AR,DOC-20211031-0009,,C,14,2021-10-31,2021-12-10,1675244,1675244,0,JPY,INVOICE_BASIS,1612,6,CLOSED
OI-000460,AR,DOC-20211031-0016,,C,14,2021-10-31,2021-12-31,1680864,1680864,0,JPY,INVOICE_BASIS,1613,4,CLOSED
OI-000461,AR,DOC-20211031-0021,,C,14,2021-10-31,2021-12-31,2247210,2247210,0,JPY,INVOICE_BASIS,1614,11,CLOSED
OI-000462,AR,DOC-20211031-0030,,C,14,2021-10-31,2021-12-31,777184,777184,0,JPY,INVOICE_BASIS,1615,4,CLOSED
OI-000463,AR,DOC-20211031-0018,,C,19,2021-10-31,2021-12-10,590832,590832,0,JPY,INVOICE_BASIS,1613,6,CLOSED
OI-000464,AR,DOC-20211031-0022,,C,20,2021-10-31,2021-12-15,1254356,1254356,0,JPY,INVOICE_BASIS,1614,12,CLOSED
OI-000465,AR,DOC-20211031-0017,,C,21,2021-10-31,2021-12-20,475740,475740,0,JPY,INVOICE_BASIS,1613,5,CLOSED
OI-000466,AR,DOC-20211031-0028,,C,22,2021-10-31,2021-12-05,923680,923680,0,JPY,INVOICE_BASIS,1615,2,CLOSED
OI-000467,AR,DOC-20211031-0020,,C,23,2021-10-31,2021-12-25,482504,482504,0,JPY,INVOICE_BASIS,1614,10,CLOSED
OI-000468,AR,DOC-20211031-0012,,C,24,2021-10-31,2021-12-31,497872,497872,0,JPY,INVOICE_BASIS,1612,9,CLOSED
OI-000469,AR,DOC-20211031-0001,,C,25,2021-10-31,2021-12-25,4489738,4489738,0,JPY,INVOICE_BASIS,1611,1,CLOSED
OI-000470,AR,DOC-20211031-0005,,C,26,2021-10-31,2021-12-05,1018824,1018824,0,JPY,INVOICE_BASIS,1612,2,CLOSED
OI-000471,AR,DOC-20211031-0013,,C,27,2021-10-31,2021-12-05,814613,814613,0,JPY,INVOICE_BASIS,1613,1,CLOSED
OI-000472,AR,DOC-20211031-0019,,C,28,2021-10-31,2021-12-10,6921367,6921367,0,JPY,INVOICE_BASIS,1614,9,CLOSED
OI-000473,AR,DOC-20211031-0027,,C,29,2021-10-31,2021-12-31,708660,708660,0,JPY,INVOICE_BASIS,1615,1,CLOSED
OI-000474,AR,DOC-20211031-0011,,C,30,2021-10-31,2021-12-20,1390498,1390498,0,JPY,INVOICE_BASIS,1612,8,CLOSED
OI-000475,AP,DOC-20211031-0034,,S,1,2021-10-31,2021-12-15,6139437,6139437,0,JPY,INVOICE_BASIS,1623,2,CLOSED
OI-000476,AP,DOC-20211031-0032,,S,2,2021-10-31,2021-12-31,119070,119070,0,JPY,INVOICE_BASIS,1622,2,CLOSED
OI-000477,AP,DOC-20211031-0038,,S,2,2021-10-31,2021-12-31,912870,912870,0,JPY,INVOICE_BASIS,1623,6,CLOSED
OI-000478,AP,DOC-20211031-0044,,S,2,2021-10-31,2021-12-31,158760,158760,0,JPY,INVOICE_BASIS,1624,4,CLOSED
OI-000479,AP,DOC-20211031-0050,,S,2,2021-10-31,2021-12-31,79380,79380,0,JPY,INVOICE_BASIS,1625,6,CLOSED
OI-000480,AP,DOC-20211031-0051,,S,2,2021-10-31,2021-12-31,79380,79380,0,JPY,INVOICE_BASIS,1626,1,CLOSED
OI-000481,AP,DOC-20211031-0037,,S,3,2021-10-31,2021-12-10,3323313,3323313,0,JPY,INVOICE_BASIS,1623,5,CLOSED
OI-000482,AP,DOC-20211031-0048,,S,4,2021-10-31,2021-12-20,964740,964740,0,JPY,INVOICE_BASIS,1625,4,CLOSED
OI-000483,AP,DOC-20211031-0047,,S,5,2021-10-31,2021-12-31,3923430,3923430,0,JPY,INVOICE_BASIS,1625,3,CLOSED
OI-000484,AP,DOC-20211031-0045,,S,6,2021-10-31,2021-12-20,3677354,3677354,0,JPY,INVOICE_BASIS,1625,1,CLOSED
OI-000485,AP,DOC-20211031-0041,,S,7,2021-10-31,2021-12-31,3715740,3715740,0,JPY,INVOICE_BASIS,1624,1,CLOSED
OI-000486,AP,DOC-20211031-0031,,S,8,2021-10-31,2021-12-10,50400,50400,0,JPY,INVOICE_BASIS,1622,1,CLOSED
OI-000487,AP,DOC-20211031-0040,,S,8,2021-10-31,2021-12-31,226800,226800,0,JPY,INVOICE_BASIS,1623,8,CLOSED
OI-000488,AP,DOC-20211031-0049,,S,8,2021-10-31,2021-12-31,126000,126000,0,JPY,INVOICE_BASIS,1625,5,CLOSED
OI-000489,AP,DOC-20211031-0052,,S,8,2021-10-31,2021-12-31,20160,20160,0,JPY,INVOICE_BASIS,1626,2,CLOSED
OI-000490,AP,DOC-20211031-0042,,S,9,2021-10-31,2021-12-31,1859340,1859340,0,JPY,INVOICE_BASIS,1624,2,CLOSED
OI-000491,AP,DOC-20211031-0046,,S,10,2021-10-31,2021-12-31,3215415,3215415,0,JPY,INVOICE_BASIS,1625,2,CLOSED
OI-000492,AP,DOC-20211031-0035,,S,11,2021-10-31,2021-12-20,4492889,4492889,0,JPY,INVOICE_BASIS,1623,3,CLOSED
OI-000493,AP,DOC-20211031-0033,,S,12,2021-10-31,2021-12-31,343980,343980,0,JPY,INVOICE_BASIS,1623,1,CLOSED
OI-000494,AP,DOC-20211031-0039,,S,13,2021-10-31,2021-12-31,1345680,1345680,0,JPY,INVOICE_BASIS,1623,7,CLOSED
OI-000495,AP,DOC-20211031-0036,,S,14,2021-10-31,2021-12-31,3016650,3016650,0,JPY,INVOICE_BASIS,1623,4,CLOSED
OI-000496,AP,DOC-20211031-0043,,S,15,2021-10-31,2021-12-31,1204980,1204980,0,JPY,INVOICE_BASIS,1624,3,CLOSED
OI-000497,AR,DOC-20211130-0028,,C,1,2021-11-30,2022-01-15,1615320,1615320,0,JPY,INVOICE_BASIS,1852,2,CLOSED
OI-000498,AR,DOC-20211130-0005,,C,2,2021-11-30,2022-01-25,17254140,17254140,0,JPY,INVOICE_BASIS,1849,2,CLOSED
OI-000499,AR,DOC-20211130-0025,,C,3,2021-11-30,2022-01-31,1074280,1074280,0,JPY,INVOICE_BASIS,1851,7,CLOSED
OI-000500,AR,DOC-20211130-0022,,C,4,2021-11-30,2022-01-31,1300832,1300832,0,JPY,INVOICE_BASIS,1851,4,CLOSED
OI-000501,AR,DOC-20211130-0003,,C,5,2021-11-30,2022-01-31,2041948,2041948,0,JPY,INVOICE_BASIS,1848,3,CLOSED
OI-000502,AR,DOC-20211130-0014,,C,6,2021-11-30,2022-01-15,2099052,2099052,0,JPY,INVOICE_BASIS,1850,2,CLOSED
OI-000503,AR,DOC-20211130-0016,,C,7,2021-11-30,2022-01-25,1748532,1748532,0,JPY,INVOICE_BASIS,1850,4,CLOSED
OI-000504,AR,DOC-20211130-0019,,C,8,2021-11-30,2022-01-15,1448504,1448504,0,JPY,INVOICE_BASIS,1851,1,CLOSED
OI-000505,AR,DOC-20211130-0023,,C,9,2021-11-30,2022-01-15,1303424,1303424,0,JPY,INVOICE_BASIS,1851,5,CLOSED
OI-000506,AR,DOC-20211130-0012,,C,10,2021-11-30,2022-01-31,320480,320480,0,JPY,INVOICE_BASIS,1849,9,CLOSED
OI-000507,AR,DOC-20211130-0010,,C,11,2021-11-30,2022-01-20,1158996,1158996,0,JPY,INVOICE_BASIS,1849,7,CLOSED
OI-000508,AR,DOC-20211130-0004,,C,12,2021-11-30,2022-01-31,10629137,10629137,0,JPY,INVOICE_BASIS,1849,1,CLOSED
OI-000509,AR,DOC-20211130-0011,,C,13,2021-11-30,2022-01-15,1108516,1108516,0,JPY,INVOICE_BASIS,1849,8,CLOSED
OI-000510,AR,DOC-20211130-0001,,C,14,2021-11-30,2022-01-10,1398520,1398520,0,JPY,INVOICE_BASIS,1848,1,CLOSED
OI-000511,AR,DOC-20211130-0006,,C,14,2021-11-30,2022-01-10,2167946,2167946,0,JPY,INVOICE_BASIS,1849,3,CLOSED
OI-000512,AR,DOC-20211130-0015,,C,14,2021-11-30,2022-01-31,1446278,1446278,0,JPY,INVOICE_BASIS,1850,3,CLOSED
OI-000513,AR,DOC-20211130-0020,,C,14,2021-11-30,2022-01-31,2901037,2901037,0,JPY,INVOICE_BASIS,1851,2,CLOSED
OI-000514,AR,DOC-20211130-0027,,C,14,2021-11-30,2022-01-31,682664,682664,0,JPY,INVOICE_BASIS,1852,1,CLOSED
OI-000515,AR,DOC-20211130-0017,,C,19,2021-11-30,2022-01-10,727515,727515,0,JPY,INVOICE_BASIS,1850,5,CLOSED
OI-000516,AR,DOC-20211130-0024,,C,20,2021-11-30,2022-01-15,1210614,1210614,0,JPY,INVOICE_BASIS,1851,6,CLOSED
OI-000517,AR,DOC-20211130-0018,,C,21,2021-11-30,2022-01-20,571347,571347,0,JPY,INVOICE_BASIS,1850,6,CLOSED
OI-000518,AR,DOC-20211130-0029,,C,22,2021-11-30,2022-01-05,986824,986824,0,JPY,INVOICE_BASIS,1852,3,CLOSED
OI-000519,AR,DOC-20211130-0026,,C,23,2021-11-30,2022-01-25,835689,835689,0,JPY,INVOICE_BASIS,1851,8,CLOSED
OI-000520,AR,DOC-20211130-0009,,C,24,2021-11-30,2022-01-31,459212,459212,0,JPY,INVOICE_BASIS,1849,6,CLOSED
OI-000521,AR,DOC-20211130-0002,,C,25,2021-11-30,2022-01-25,4567306,4567306,0,JPY,INVOICE_BASIS,1848,2,CLOSED
OI-000522,AR,DOC-20211130-0007,,C,26,2021-11-30,2022-01-05,778520,778520,0,JPY,INVOICE_BASIS,1849,4,CLOSED
OI-000523,AR,DOC-20211130-0013,,C,27,2021-11-30,2022-01-05,1176124,1176124,0,JPY,INVOICE_BASIS,1850,1,CLOSED
OI-000524,AR,DOC-20211130-0021,,C,28,2021-11-30,2022-01-10,6004022,6004022,0,JPY,INVOICE_BASIS,1851,3,CLOSED
OI-000525,AR,DOC-20211130-0030,,C,29,2021-11-30,2022-01-31,488898,488898,0,JPY,INVOICE_BASIS,1852,4,CLOSED
OI-000526,AR,DOC-20211130-0008,,C,30,2021-11-30,2022-01-20,1327677,1327677,0,JPY,INVOICE_BASIS,1849,5,CLOSED
OI-000527,AP,DOC-20211130-0034,,S,1,2021-11-30,2022-01-15,7285614,7285614,0,JPY,INVOICE_BASIS,1860,2,CLOSED
OI-000528,AP,DOC-20211130-0031,,S,2,2021-11-30,2022-01-31,183908,183908,0,JPY,INVOICE_BASIS,1859,1,CLOSED
OI-000529,AP,DOC-20211130-0039,,S,2,2021-11-30,2022-01-31,322960,322960,0,JPY,INVOICE_BASIS,1860,7,CLOSED
OI-000530,AP,DOC-20211130-0045,,S,2,2021-11-30,2022-01-31,103168,103168,0,JPY,INVOICE_BASIS,1861,5,CLOSED
OI-000531,AP,DOC-20211130-0049,,S,2,2021-11-30,2022-01-31,502382,502382,0,JPY,INVOICE_BASIS,1862,4,CLOSED
OI-000532,AP,DOC-20211130-0053,,S,2,2021-11-30,2022-01-31,202050,202050,0,JPY,INVOICE_BASIS,1863,2,CLOSED
OI-000533,AP,DOC-20211130-0037,,S,3,2021-11-30,2022-01-10,4077586,4077586,0,JPY,INVOICE_BASIS,1860,5,CLOSED
OI-000534,AP,DOC-20211130-0050,,S,4,2021-11-30,2022-01-20,1155555,1155555,0,JPY,INVOICE_BASIS,1862,5,CLOSED
OI-000535,AP,DOC-20211130-0048,,S,5,2021-11-30,2022-01-31,4897778,4897778,0,JPY,INVOICE_BASIS,1862,3,CLOSED
OI-000536,AP,DOC-20211130-0047,,S,6,2021-11-30,2022-01-20,4043244,4043244,0,JPY,INVOICE_BASIS,1862,2,CLOSED
OI-000537,AP,DOC-20211130-0041,,S,7,2021-11-30,2022-01-31,4597303,4597303,0,JPY,INVOICE_BASIS,1861,1,CLOSED
OI-000538,AP,DOC-20211130-0032,,S,8,2021-11-30,2022-01-10,25704,25704,0,JPY,INVOICE_BASIS,1859,2,CLOSED
OI-000539,AP,DOC-20211130-0040,,S,8,2021-11-30,2022-01-31,179928,179928,0,JPY,INVOICE_BASIS,1860,8,CLOSED
OI-000540,AP,DOC-20211130-0044,,S,8,2021-11-30,2022-01-31,51408,51408,0,JPY,INVOICE_BASIS,1861,4,CLOSED
OI-000541,AP,DOC-20211130-0051,,S,8,2021-11-30,2022-01-31,102816,102816,0,JPY,INVOICE_BASIS,1862,6,CLOSED
OI-000542,AP,DOC-20211130-0052,,S,8,2021-11-30,2022-01-31,46267,46267,0,JPY,INVOICE_BASIS,1863,1,CLOSED
OI-000543,AP,DOC-20211130-0042,,S,9,2021-11-30,2022-01-31,2224739,2224739,0,JPY,INVOICE_BASIS,1861,2,CLOSED
OI-000544,AP,DOC-20211130-0046,,S,10,2021-11-30,2022-01-31,3791833,3791833,0,JPY,INVOICE_BASIS,1862,1,CLOSED
OI-000545,AP,DOC-20211130-0035,,S,11,2021-11-30,2022-01-20,5286009,5286009,0,JPY,INVOICE_BASIS,1860,3,CLOSED
OI-000546,AP,DOC-20211130-0033,,S,12,2021-11-30,2022-01-31,433742,433742,0,JPY,INVOICE_BASIS,1860,1,CLOSED
OI-000547,AP,DOC-20211130-0038,,S,13,2021-11-30,2022-01-31,1802651,1802651,0,JPY,INVOICE_BASIS,1860,6,CLOSED
OI-000548,AP,DOC-20211130-0036,,S,14,2021-11-30,2022-01-31,3875434,3875434,0,JPY,INVOICE_BASIS,1860,4,CLOSED
OI-000549,AP,DOC-20211130-0043,,S,15,2021-11-30,2022-01-31,1543059,1543059,0,JPY,INVOICE_BASIS,1861,3,CLOSED
OI-000550,AR,DOC-20211231-0029,,C,1,2021-12-31,2022-02-15,1949895,1949895,0,JPY,INVOICE_BASIS,2098,3,CLOSED
OI-000551,AR,DOC-20211231-0004,,C,2,2021-12-31,2022-02-25,20467436,20467436,0,JPY,INVOICE_BASIS,2095,1,CLOSED
OI-000552,AR,DOC-20211231-0024,,C,3,2021-12-31,2022-02-28,12141144,12141144,0,JPY,INVOICE_BASIS,2097,6,CLOSED
OI-000553,AR,DOC-20211231-0026,,C,4,2021-12-31,2022-02-28,1435084,1435084,0,JPY,INVOICE_BASIS,2097,8,CLOSED
OI-000554,AR,DOC-20211231-0003,,C,5,2021-12-31,2022-02-28,1585172,1585172,0,JPY,INVOICE_BASIS,2094,3,CLOSED
OI-000555,AR,DOC-20211231-0016,,C,6,2021-12-31,2022-02-15,1852360,1852360,0,JPY,INVOICE_BASIS,2096,4,CLOSED
OI-000556,AR,DOC-20211231-0014,,C,7,2021-12-31,2022-02-25,1478159,1478159,0,JPY,INVOICE_BASIS,2096,2,CLOSED
OI-000557,AR,DOC-20211231-0019,,C,8,2021-12-31,2022-02-15,1218968,1218968,0,JPY,INVOICE_BASIS,2097,1,CLOSED
OI-000558,AR,DOC-20211231-0020,,C,9,2021-12-31,2022-02-15,1347272,1347272,0,JPY,INVOICE_BASIS,2097,2,CLOSED
OI-000559,AR,DOC-20211231-0012,,C,10,2021-12-31,2022-02-28,458172,458172,0,JPY,INVOICE_BASIS,2095,9,CLOSED
OI-000560,AR,DOC-20211231-0010,,C,11,2021-12-31,2022-02-20,1182012,1182012,0,JPY,INVOICE_BASIS,2095,7,CLOSED
OI-000561,AR,DOC-20211231-0005,,C,12,2021-12-31,2022-02-28,17510543,17510543,0,JPY,INVOICE_BASIS,2095,2,CLOSED
OI-000562,AR,DOC-20211231-0006,,C,13,2021-12-31,2022-02-15,1632272,1632272,0,JPY,INVOICE_BASIS,2095,3,CLOSED
OI-000563,AR,DOC-20211231-0001,,C,14,2021-12-31,2022-02-10,2823042,2823042,0,JPY,INVOICE_BASIS,2094,1,CLOSED
OI-000564,AR,DOC-20211231-0008,,C,14,2021-12-31,2022-02-10,3452470,3452470,0,JPY,INVOICE_BASIS,2095,5,CLOSED
OI-000565,AR,DOC-20211231-0013,,C,14,2021-12-31,2022-02-28,3544224,3544224,0,JPY,INVOICE_BASIS,2096,1,CLOSED
OI-000566,AR,DOC-20211231-0021,,C,14,2021-12-31,2022-02-28,14867459,14867459,0,JPY,INVOICE_BASIS,2097,3,CLOSED
OI-000567,AR,DOC-20211231-0027,,C,14,2021-12-31,2022-02-28,2089558,2089558,0,JPY,INVOICE_BASIS,2098,1,CLOSED
OI-000568,AR,DOC-20211231-0017,,C,19,2021-12-31,2022-02-10,906784,906784,0,JPY,INVOICE_BASIS,2096,5,CLOSED
OI-000569,AR,DOC-20211231-0025,,C,20,2021-12-31,2022-02-15,2361484,2361484,0,JPY,INVOICE_BASIS,2097,7,CLOSED
OI-000570,AR,DOC-20211231-0018,,C,21,2021-12-31,2022-02-20,1839420,1839420,0,JPY,INVOICE_BASIS,2096,6,CLOSED
OI-000571,AR,DOC-20211231-0028,,C,22,2021-12-31,2022-02-05,2036596,2036596,0,JPY,INVOICE_BASIS,2098,2,CLOSED
OI-000572,AR,DOC-20211231-0023,,C,23,2021-12-31,2022-02-25,1420364,1420364,0,JPY,INVOICE_BASIS,2097,5,CLOSED
OI-000573,AR,DOC-20211231-0011,,C,24,2021-12-31,2022-02-28,600724,600724,0,JPY,INVOICE_BASIS,2095,8,CLOSED
OI-000574,AR,DOC-20211231-0002,,C,25,2021-12-31,2022-02-25,6207618,6207618,0,JPY,INVOICE_BASIS,2094,2,CLOSED
OI-000575,AR,DOC-20211231-0009,,C,26,2021-12-31,2022-02-05,2366012,2366012,0,JPY,INVOICE_BASIS,2095,6,CLOSED
OI-000576,AR,DOC-20211231-0015,,C,27,2021-12-31,2022-02-05,1655306,1655306,0,JPY,INVOICE_BASIS,2096,3,CLOSED
OI-000577,AR,DOC-20211231-0022,,C,28,2021-12-31,2022-02-10,11930631,11930631,0,JPY,INVOICE_BASIS,2097,4,CLOSED
OI-000578,AR,DOC-20211231-0030,,C,29,2021-12-31,2022-02-28,1633676,1633676,0,JPY,INVOICE_BASIS,2098,4,CLOSED
OI-000579,AR,DOC-20211231-0007,,C,30,2021-12-31,2022-02-20,2107935,2107935,0,JPY,INVOICE_BASIS,2095,4,CLOSED
OI-000580,AP,DOC-20211231-0036,,S,1,2021-12-31,2022-02-15,10823612,10823612,0,JPY,INVOICE_BASIS,2106,4,CLOSED
OI-000581,AP,DOC-20211231-0032,,S,2,2021-12-31,2022-02-28,363331,363331,0,JPY,INVOICE_BASIS,2105,2,CLOSED
OI-000582,AP,DOC-20211231-0038,,S,2,2021-12-31,2022-02-28,1085505,1085505,0,JPY,INVOICE_BASIS,2106,6,CLOSED
OI-000583,AP,DOC-20211231-0044,,S,2,2021-12-31,2022-02-28,183908,183908,0,JPY,INVOICE_BASIS,2107,4,CLOSED
OI-000584,AP,DOC-20211231-0051,,S,2,2021-12-31,2022-02-28,183908,183908,0,JPY,INVOICE_BASIS,2108,6,CLOSED
OI-000585,AP,DOC-20211231-0053,,S,2,2021-12-31,2022-02-28,80740,80740,0,JPY,INVOICE_BASIS,2109,2,CLOSED
OI-000586,AP,DOC-20211231-0034,,S,3,2021-12-31,2022-02-10,5031519,5031519,0,JPY,INVOICE_BASIS,2106,2,CLOSED
OI-000587,AP,DOC-20211231-0047,,S,4,2021-12-31,2022-02-20,1503036,1503036,0,JPY,INVOICE_BASIS,2108,2,CLOSED
OI-000588,AP,DOC-20211231-0046,,S,5,2021-12-31,2022-02-28,6301802,6301802,0,JPY,INVOICE_BASIS,2108,1,CLOSED
OI-000589,AP,DOC-20211231-0049,,S,6,2021-12-31,2022-02-20,6893004,6893004,0,JPY,INVOICE_BASIS,2108,4,CLOSED
OI-000590,AP,DOC-20211231-0043,,S,7,2021-12-31,2022-02-28,6922413,6922413,0,JPY,INVOICE_BASIS,2107,3,CLOSED
OI-000591,AP,DOC-20211231-0031,,S,8,2021-12-31,2022-02-10,102816,102816,0,JPY,INVOICE_BASIS,2105,1,CLOSED
OI-000592,AP,DOC-20211231-0040,,S,8,2021-12-31,2022-02-28,251899,251899,0,JPY,INVOICE_BASIS,2106,8,CLOSED
OI-000593,AP,DOC-20211231-0045,,S,8,2021-12-31,2022-02-28,25704,25704,0,JPY,INVOICE_BASIS,2107,5,CLOSED
OI-000594,AP,DOC-20211231-0050,,S,8,2021-12-31,2022-02-28,102816,102816,0,JPY,INVOICE_BASIS,2108,5,CLOSED
OI-000595,AP,DOC-20211231-0052,,S,8,2021-12-31,2022-02-28,77112,77112,0,JPY,INVOICE_BASIS,2109,1,CLOSED
OI-000596,AP,DOC-20211231-0041,,S,9,2021-12-31,2022-02-28,2897127,2897127,0,JPY,INVOICE_BASIS,2107,1,CLOSED
OI-000597,AP,DOC-20211231-0048,,S,10,2021-12-31,2022-02-28,5798593,5798593,0,JPY,INVOICE_BASIS,2108,3,CLOSED
OI-000598,AP,DOC-20211231-0037,,S,11,2021-12-31,2022-02-20,8378109,8378109,0,JPY,INVOICE_BASIS,2106,5,CLOSED
OI-000599,AP,DOC-20211231-0039,,S,12,2021-12-31,2022-02-28,658954,658954,0,JPY,INVOICE_BASIS,2106,7,CLOSED
OI-000600,AP,DOC-20211231-0035,,S,13,2021-12-31,2022-02-28,2069835,2069835,0,JPY,INVOICE_BASIS,2106,3,CLOSED
OI-000601,AP,DOC-20211231-0033,,S,14,2021-12-31,2022-02-28,4570569,4570569,0,JPY,INVOICE_BASIS,2106,1,CLOSED
OI-000602,AP,DOC-20211231-0042,,S,15,2021-12-31,2022-02-28,1840617,1840617,0,JPY,INVOICE_BASIS,2107,2,CLOSED
OI-000603,AR,DOC-20220131-0027,,C,1,2022-01-31,2022-03-15,1438024,1438024,0,JPY,INVOICE_BASIS,2330,1,CLOSED
OI-000604,AR,DOC-20220131-0005,,C,2,2022-01-31,2022-03-25,17480828,17480828,0,JPY,INVOICE_BASIS,2327,2,CLOSED
OI-000605,AR,DOC-20220131-0026,,C,3,2022-01-31,2022-03-31,4318710,4318710,0,JPY,INVOICE_BASIS,2329,8,CLOSED
OI-000606,AR,DOC-20220131-0019,,C,4,2022-01-31,2022-03-31,1025820,1025820,0,JPY,INVOICE_BASIS,2329,1,CLOSED
OI-000607,AR,DOC-20220131-0001,,C,5,2022-01-31,2022-03-31,1625694,1625694,0,JPY,INVOICE_BASIS,2326,1,CLOSED
OI-000608,AR,DOC-20220131-0013,,C,6,2022-01-31,2022-03-15,1298020,1298020,0,JPY,INVOICE_BASIS,2328,1,CLOSED
OI-000609,AR,DOC-20220131-0014,,C,7,2022-01-31,2022-03-25,1734092,1734092,0,JPY,INVOICE_BASIS,2328,2,CLOSED
OI-000610,AR,DOC-20220131-0025,,C,8,2022-01-31,2022-03-15,1241068,1241068,0,JPY,INVOICE_BASIS,2329,7,CLOSED
OI-000611,AR,DOC-20220131-0020,,C,9,2022-01-31,2022-03-15,1668144,1668144,0,JPY,INVOICE_BASIS,2329,2,CLOSED
OI-000612,AR,DOC-20220131-0011,,C,10,2022-01-31,2022-03-31,357664,357664,0,JPY,INVOICE_BASIS,2327,8,CLOSED
OI-000613,AR,DOC-20220131-0006,,C,11,2022-01-31,2022-03-20,1325236,1325236,0,JPY,INVOICE_BASIS,2327,3,CLOSED
OI-000614,AR,DOC-20220131-0007,,C,12,2022-01-31,2022-03-31,11583188,11583188,0,JPY,INVOICE_BASIS,2327,4,CLOSED
OI-000615,AR,DOC-20220131-0010,,C,13,2022-01-31,2022-03-15,1280304,1280304,0,JPY,INVOICE_BASIS,2327,7,CLOSED
OI-000616,AR,DOC-20220131-0002,,C,14,2022-01-31,2022-03-10,2366508,2366508,0,JPY,INVOICE_BASIS,2326,2,CLOSED
OI-000617,AR,DOC-20220131-0008,,C,14,2022-01-31,2022-03-10,3579712,3579712,0,JPY,INVOICE_BASIS,2327,5,CLOSED
OI-000618,AR,DOC-20220131-0018,,C,14,2022-01-31,2022-03-31,2765300,2765300,0,JPY,INVOICE_BASIS,2328,6,CLOSED
OI-000619,AR,DOC-20220131-0021,,C,14,2022-01-31,2022-03-31,5786774,5786774,0,JPY,INVOICE_BASIS,2329,3,CLOSED
OI-000620,AR,DOC-20220131-0029,,C,14,2022-01-31,2022-03-31,1431596,1431596,0,JPY,INVOICE_BASIS,2330,3,CLOSED
OI-000621,AR,DOC-20220131-0015,,C,19,2022-01-31,2022-03-10,664590,664590,0,JPY,INVOICE_BASIS,2328,3,CLOSED
OI-000622,AR,DOC-20220131-0022,,C,20,2022-01-31,2022-03-15,2217906,2217906,0,JPY,INVOICE_BASIS,2329,4,CLOSED
OI-000623,AR,DOC-20220131-0016,,C,21,2022-01-31,2022-03-20,526938,526938,0,JPY,INVOICE_BASIS,2328,4,CLOSED
OI-000624,AR,DOC-20220131-0028,,C,22,2022-01-31,2022-03-05,1508744,1508744,0,JPY,INVOICE_BASIS,2330,2,CLOSED
OI-000625,AR,DOC-20220131-0023,,C,23,2022-01-31,2022-03-25,3999128,3999128,0,JPY,INVOICE_BASIS,2329,5,CLOSED
OI-000626,AR,DOC-20220131-0012,,C,24,2022-01-31,2022-03-31,536040,536040,0,JPY,INVOICE_BASIS,2327,9,CLOSED
OI-000627,AR,DOC-20220131-0003,,C,25,2022-01-31,2022-03-25,4782758,4782758,0,JPY,INVOICE_BASIS,2326,3,CLOSED
OI-000628,AR,DOC-20220131-0009,,C,26,2022-01-31,2022-03-05,1442475,1442475,0,JPY,INVOICE_BASIS,2327,6,CLOSED
OI-000629,AR,DOC-20220131-0017,,C,27,2022-01-31,2022-03-05,1918584,1918584,0,JPY,INVOICE_BASIS,2328,5,CLOSED
OI-000630,AR,DOC-20220131-0024,,C,28,2022-01-31,2022-03-10,8918449,8918449,0,JPY,INVOICE_BASIS,2329,6,CLOSED
OI-000631,AR,DOC-20220131-0030,,C,29,2022-01-31,2022-03-31,362450,362450,0,JPY,INVOICE_BASIS,2330,4,CLOSED
OI-000632,AR,DOC-20220131-0004,,C,30,2022-01-31,2022-03-20,2291872,2291872,0,JPY,INVOICE_BASIS,2327,1,CLOSED
OI-000633,AP,DOC-20220131-0036,,S,1,2022-01-31,2022-03-15,8427411,8427411,0,JPY,INVOICE_BASIS,2338,4,CLOSED
OI-000634,AP,DOC-20220131-0032,,S,2,2022-01-31,2022-03-31,17942,17942,0,JPY,INVOICE_BASIS,2337,2,CLOSED
OI-000635,AP,DOC-20220131-0038,,S,2,2022-01-31,2022-03-31,1072048,1072048,0,JPY,INVOICE_BASIS,2338,6,CLOSED
OI-000636,AP,DOC-20220131-0049,,S,2,2022-01-31,2022-03-31,269134,269134,0,JPY,INVOICE_BASIS,2340,5,CLOSED
OI-000637,AP,DOC-20220131-0051,,S,2,2022-01-31,2022-03-31,17942,17942,0,JPY,INVOICE_BASIS,2341,1,CLOSED
OI-000638,AP,DOC-20220131-0034,,S,3,2022-01-31,2022-03-10,4775976,4775976,0,JPY,INVOICE_BASIS,2338,2,CLOSED
OI-000639,AP,DOC-20220131-0046,,S,4,2022-01-31,2022-03-20,1466688,1466688,0,JPY,INVOICE_BASIS,2340,2,CLOSED
OI-000640,AP,DOC-20220131-0045,,S,5,2022-01-31,2022-03-31,5649316,5649316,0,JPY,INVOICE_BASIS,2340,1,CLOSED
OI-000641,AP,DOC-20220131-0048,,S,6,2022-01-31,2022-03-20,5017707,5017707,0,JPY,INVOICE_BASIS,2340,4,CLOSED
OI-000642,AP,DOC-20220131-0043,,S,7,2022-01-31,2022-03-31,5256041,5256041,0,JPY,INVOICE_BASIS,2339,3,CLOSED
OI-000643,AP,DOC-20220131-0031,,S,8,2022-01-31,2022-03-10,77112,77112,0,JPY,INVOICE_BASIS,2337,1,CLOSED
OI-000644,AP,DOC-20220131-0039,,S,8,2022-01-31,2022-03-31,128520,128520,0,JPY,INVOICE_BASIS,2338,7,CLOSED
OI-000645,AP,DOC-20220131-0044,,S,8,2022-01-31,2022-03-31,77112,77112,0,JPY,INVOICE_BASIS,2339,4,CLOSED
OI-000646,AP,DOC-20220131-0050,,S,8,2022-01-31,2022-03-31,123379,123379,0,JPY,INVOICE_BASIS,2340,6,CLOSED
OI-000647,AP,DOC-20220131-0052,,S,8,2022-01-31,2022-03-31,25704,25704,0,JPY,INVOICE_BASIS,2341,2,CLOSED
OI-000648,AP,DOC-20220131-0041,,S,9,2022-01-31,2022-03-31,2620813,2620813,0,JPY,INVOICE_BASIS,2339,1,CLOSED
OI-000649,AP,DOC-20220131-0047,,S,10,2022-01-31,2022-03-31,4760408,4760408,0,JPY,INVOICE_BASIS,2340,3,CLOSED
OI-000650,AP,DOC-20220131-0037,,S,11,2022-01-31,2022-03-20,6049943,6049943,0,JPY,INVOICE_BASIS,2338,5,CLOSED
OI-000651,AP,DOC-20220131-0040,,S,12,2022-01-31,2022-03-31,517154,517154,0,JPY,INVOICE_BASIS,2338,8,CLOSED
OI-000652,AP,DOC-20220131-0035,,S,13,2022-01-31,2022-03-31,1909347,1909347,0,JPY,INVOICE_BASIS,2338,3,CLOSED
OI-000653,AP,DOC-20220131-0033,,S,14,2022-01-31,2022-03-31,4344303,4344303,0,JPY,INVOICE_BASIS,2338,1,CLOSED
OI-000654,AP,DOC-20220131-0042,,S,15,2022-01-31,2022-03-31,1692895,1692895,0,JPY,INVOICE_BASIS,2339,2,CLOSED
OI-000655,AR,DOC-20220228-0029,,C,1,2022-02-28,2022-04-28,1608844,1608844,0,JPY,INVOICE_BASIS,2560,3,CLOSED
OI-000656,AR,DOC-20220228-0012,,C,10,2022-02-28,2022-04-28,140000,140000,0,JPY,INVOICE_BASIS,2557,9,CLOSED
OI-000657,AR,DOC-20220228-0009,,C,11,2022-02-28,2022-04-28,806985,806985,0,JPY,INVOICE_BASIS,2557,6,CLOSED
OI-000658,AR,DOC-20220228-0004,,C,12,2022-02-28,2022-04-28,7423367,7423367,0,JPY,INVOICE_BASIS,2557,1,CLOSED
OI-000659,AR,DOC-20220228-0010,,C,13,2022-02-28,2022-04-28,1024020,1024020,0,JPY,INVOICE_BASIS,2557,7,CLOSED
OI-000660,AR,DOC-20220228-0001,,C,14,2022-02-28,2022-04-28,1492021,1492021,0,JPY,INVOICE_BASIS,2556,1,CLOSED
OI-000661,AR,DOC-20220228-0011,,C,14,2022-02-28,2022-04-28,1540024,1540024,0,JPY,INVOICE_BASIS,2557,8,CLOSED
OI-000662,AR,DOC-20220228-0016,,C,14,2022-02-28,2022-04-28,1256285,1256285,0,JPY,INVOICE_BASIS,2558,4,CLOSED
OI-000663,AR,DOC-20220228-0020,,C,14,2022-02-28,2022-04-28,2468352,2468352,0,JPY,INVOICE_BASIS,2559,2,CLOSED
OI-000664,AR,DOC-20220228-0027,,C,14,2022-02-28,2022-04-28,1202181,1202181,0,JPY,INVOICE_BASIS,2560,1,CLOSED
OI-000665,AR,DOC-20220228-0018,,C,19,2022-02-28,2022-04-28,352450,352450,0,JPY,INVOICE_BASIS,2558,6,CLOSED
OI-000666,AR,DOC-20220228-0007,,C,2,2022-02-28,2022-04-28,13269523,13269523,0,JPY,INVOICE_BASIS,2557,4,CLOSED
OI-000667,AR,DOC-20220228-0023,,C,20,2022-02-28,2022-04-28,794114,794114,0,JPY,INVOICE_BASIS,2559,5,CLOSED
OI-000668,AR,DOC-20220228-0013,,C,21,2022-02-28,2022-04-28,482866,482866,0,JPY,INVOICE_BASIS,2558,1,CLOSED
OI-000669,AR,DOC-20220228-0028,,C,22,2022-02-28,2022-04-28,1056168,1056168,0,JPY,INVOICE_BASIS,2560,2,CLOSED
OI-000670,AR,DOC-20220228-0026,,C,23,2022-02-28,2022-04-28,534144,534144,0,JPY,INVOICE_BASIS,2559,8,CLOSED
OI-000671,AR,DOC-20220228-0008,,C,24,2022-02-28,2022-04-28,226620,226620,0,JPY,INVOICE_BASIS,2557,5,CLOSED
OI-000672,AR,DOC-20220228-0002,,C,25,2022-02-28,2022-04-28,3741296,3741296,0,JPY,INVOICE_BASIS,2556,2,CLOSED
OI-000673,AR,DOC-20220228-0005,,C,26,2022-02-28,2022-04-28,1096632,1096632,0,JPY,INVOICE_BASIS,2557,2,CLOSED
OI-000674,AR,DOC-20220228-0017,,C,27,2022-02-28,2022-04-28,919584,919584,0,JPY,INVOICE_BASIS,2558,5,CLOSED
OI-000675,AR,DOC-20220228-0019,,C,28,2022-02-28,2022-04-28,6175852,6175852,0,JPY,INVOICE_BASIS,2559,1,CLOSED
OI-000676,AR,DOC-20220228-0030,,C,29,2022-02-28,2022-04-28,486020,486020,0,JPY,INVOICE_BASIS,2560,4,CLOSED
OI-000677,AR,DOC-20220228-0024,,C,3,2022-02-28,2022-04-28,828232,828232,0,JPY,INVOICE_BASIS,2559,6,CLOSED
OI-000678,AR,DOC-20220228-0006,,C,30,2022-02-28,2022-04-28,1425220,1425220,0,JPY,INVOICE_BASIS,2557,3,CLOSED
OI-000679,AR,DOC-20220228-0021,,C,4,2022-02-28,2022-04-28,1290240,1290240,0,JPY,INVOICE_BASIS,2559,3,CLOSED
OI-000680,AR,DOC-20220228-0003,,C,5,2022-02-28,2022-04-28,1394098,1394098,0,JPY,INVOICE_BASIS,2556,3,CLOSED
OI-000681,AR,DOC-20220228-0014,,C,6,2022-02-28,2022-04-28,1033750,1033750,0,JPY,INVOICE_BASIS,2558,2,CLOSED
OI-000682,AR,DOC-20220228-0015,,C,7,2022-02-28,2022-04-28,1323972,1323972,0,JPY,INVOICE_BASIS,2558,3,CLOSED
OI-000683,AR,DOC-20220228-0025,,C,8,2022-02-28,2022-04-28,649800,649800,0,JPY,INVOICE_BASIS,2559,7,CLOSED
OI-000684,AR,DOC-20220228-0022,,C,9,2022-02-28,2022-04-28,1713160,1713160,0,JPY,INVOICE_BASIS,2559,4,CLOSED
OI-000685,AP,DOC-20220228-0036,,S,1,2022-02-28,2022-04-28,4705170,4705170,0,JPY,INVOICE_BASIS,2568,4,CLOSED
OI-000686,AP,DOC-20220228-0048,,S,10,2022-02-28,2022-04-28,2656388,2656388,0,JPY,INVOICE_BASIS,2570,3,CLOSED
OI-000687,AP,DOC-20220228-0037,,S,11,2022-02-28,2022-04-28,3661476,3661476,0,JPY,INVOICE_BASIS,2568,5,CLOSED
OI-000688,AP,DOC-20220228-0038,,S,12,2022-02-28,2022-04-28,255528,255528,0,JPY,INVOICE_BASIS,2568,6,CLOSED
OI-000689,AP,DOC-20220228-0035,,S,13,2022-02-28,2022-04-28,1292036,1292036,0,JPY,INVOICE_BASIS,2568,3,CLOSED
OI-000690,AP,DOC-20220228-0033,,S,14,2022-02-28,2022-04-28,3385746,3385746,0,JPY,INVOICE_BASIS,2568,1,CLOSED
OI-000691,AP,DOC-20220228-0042,,S,15,2022-02-28,2022-04-28,1144940,1144940,0,JPY,INVOICE_BASIS,2569,2,CLOSED
OI-000692,AP,DOC-20220228-0031,,S,2,2022-02-28,2022-04-28,224733,224733,0,JPY,INVOICE_BASIS,2567,1,CLOSED
OI-000693,AP,DOC-20220228-0040,,S,2,2022-02-28,2022-04-28,554953,554953,0,JPY,INVOICE_BASIS,2568,8,CLOSED
OI-000694,AP,DOC-20220228-0044,,S,2,2022-02-28,2022-04-28,105486,105486,0,JPY,INVOICE_BASIS,2569,4,CLOSED
OI-000695,AP,DOC-20220228-0050,,S,2,2022-02-28,2022-04-28,536607,536607,0,JPY,INVOICE_BASIS,2570,5,CLOSED
OI-000696,AP,DOC-20220228-0053,,S,2,2022-02-28,2022-04-28,165109,165109,0,JPY,INVOICE_BASIS,2571,2,CLOSED
OI-000697,AP,DOC-20220228-0034,,S,3,2022-02-28,2022-04-28,3726253,3726253,0,JPY,INVOICE_BASIS,2568,2,CLOSED
OI-000698,AP,DOC-20220228-0047,,S,4,2022-02-28,2022-04-28,1046118,1046118,0,JPY,INVOICE_BASIS,2570,2,CLOSED
OI-000699,AP,DOC-20220228-0046,,S,5,2022-02-28,2022-04-28,4236496,4236496,0,JPY,INVOICE_BASIS,2570,1,CLOSED
OI-000700,AP,DOC-20220228-0049,,S,6,2022-02-28,2022-04-28,3218877,3218877,0,JPY,INVOICE_BASIS,2570,4,CLOSED
OI-000701,AP,DOC-20220228-0043,,S,7,2022-02-28,2022-04-28,3221820,3221820,0,JPY,INVOICE_BASIS,2569,3,CLOSED
OI-000702,AP,DOC-20220228-0032,,S,8,2022-02-28,2022-04-28,26208,26208,0,JPY,INVOICE_BASIS,2567,2,CLOSED
OI-000703,AP,DOC-20220228-0039,,S,8,2022-02-28,2022-04-28,361670,361670,0,JPY,INVOICE_BASIS,2568,7,CLOSED
OI-000704,AP,DOC-20220228-0045,,S,8,2022-02-28,2022-04-28,52416,52416,0,JPY,INVOICE_BASIS,2569,5,CLOSED
OI-000705,AP,DOC-20220228-0051,,S,8,2022-02-28,2022-04-28,52416,52416,0,JPY,INVOICE_BASIS,2570,6,CLOSED
OI-000706,AP,DOC-20220228-0052,,S,8,2022-02-28,2022-04-28,26208,26208,0,JPY,INVOICE_BASIS,2571,1,CLOSED
OI-000707,AP,DOC-20220228-0041,,S,9,2022-02-28,2022-04-28,2042022,2042022,0,JPY,INVOICE_BASIS,2569,1,CLOSED
OI-000708,AR,DOC-20220331-0027,,C,1,2022-03-31,2022-05-28,5724549,5724549,0,JPY,INVOICE_BASIS,2800,1,CLOSED
OI-000709,AR,DOC-20220331-0007,,C,10,2022-03-31,2022-05-28,1407648,1407648,0,JPY,INVOICE_BASIS,2797,4,CLOSED
OI-000710,AR,DOC-20220331-0010,,C,11,2022-03-31,2022-05-28,1581860,1581860,0,JPY,INVOICE_BASIS,2797,7,CLOSED
OI-000711,AR,DOC-20220331-0009,,C,12,2022-03-31,2022-05-28,2901201,2901201,0,JPY,INVOICE_BASIS,2797,6,CLOSED
OI-000712,AR,DOC-20220331-0011,,C,13,2022-03-31,2022-05-28,2940652,2940652,0,JPY,INVOICE_BASIS,2797,8,CLOSED
OI-000713,AR,DOC-20220331-0001,,C,14,2022-03-31,2022-05-28,2360032,2360032,0,JPY,INVOICE_BASIS,2796,1,CLOSED
OI-000714,AR,DOC-20220331-0012,,C,14,2022-03-31,2022-05-28,1690176,1690176,0,JPY,INVOICE_BASIS,2797,9,CLOSED
OI-000715,AR,DOC-20220331-0018,,C,14,2022-03-31,2022-05-28,2055400,2055400,0,JPY,INVOICE_BASIS,2798,6,CLOSED
OI-000716,AR,DOC-20220331-0023,,C,14,2022-03-31,2022-05-28,3056284,3056284,0,JPY,INVOICE_BASIS,2799,5,CLOSED
OI-000717,AR,DOC-20220331-0028,,C,14,2022-03-31,2022-05-28,2722880,2722880,0,JPY,INVOICE_BASIS,2800,2,CLOSED
OI-000718,AR,DOC-20220331-0013,,C,19,2022-03-31,2022-05-28,2097864,2097864,0,JPY,INVOICE_BASIS,2798,1,CLOSED
OI-000719,AR,DOC-20220331-0005,,C,2,2022-03-31,2022-05-28,8251179,8251179,0,JPY,INVOICE_BASIS,2797,2,CLOSED
OI-000720,AR,DOC-20220331-0021,,C,20,2022-03-31,2022-05-28,1403080,1403080,0,JPY,INVOICE_BASIS,2799,3,CLOSED
OI-000721,AR,DOC-20220331-0014,,C,21,2022-03-31,2022-05-28,1433744,1433744,0,JPY,INVOICE_BASIS,2798,2,CLOSED
OI-000722,AR,DOC-20220331-0029,,C,22,2022-03-31,2022-05-28,2617248,2617248,0,JPY,INVOICE_BASIS,2800,3,CLOSED
OI-000723,AR,DOC-20220331-0026,,C,23,2022-03-31,2022-05-28,1008640,1008640,0,JPY,INVOICE_BASIS,2799,8,CLOSED
OI-000724,AR,DOC-20220331-0006,,C,24,2022-03-31,2022-05-28,3907856,3907856,0,JPY,INVOICE_BASIS,2797,3,CLOSED
OI-000725,AR,DOC-20220331-0002,,C,25,2022-03-31,2022-05-28,2708884,2708884,0,JPY,INVOICE_BASIS,2796,2,CLOSED
OI-000726,AR,DOC-20220331-0008,,C,26,2022-03-31,2022-05-28,2699820,2699820,0,JPY,INVOICE_BASIS,2797,5,CLOSED
OI-000727,AR,DOC-20220331-0015,,C,27,2022-03-31,2022-05-28,1331520,1331520,0,JPY,INVOICE_BASIS,2798,3,CLOSED
OI-000728,AR,DOC-20220331-0022,,C,28,2022-03-31,2022-05-28,4383630,4383630,0,JPY,INVOICE_BASIS,2799,4,CLOSED
OI-000729,AR,DOC-20220331-0030,,C,29,2022-03-31,2022-05-28,1721354,1721354,0,JPY,INVOICE_BASIS,2800,4,CLOSED
OI-000730,AR,DOC-20220331-0024,,C,3,2022-03-31,2022-05-28,919254,919254,0,JPY,INVOICE_BASIS,2799,6,CLOSED
OI-000731,AR,DOC-20220331-0004,,C,30,2022-03-31,2022-05-28,2358524,2358524,0,JPY,INVOICE_BASIS,2797,1,CLOSED
OI-000732,AR,DOC-20220331-0019,,C,4,2022-03-31,2022-05-28,3647192,3647192,0,JPY,INVOICE_BASIS,2799,1,CLOSED
OI-000733,AR,DOC-20220331-0003,,C,5,2022-03-31,2022-05-28,1825556,1825556,0,JPY,INVOICE_BASIS,2796,3,CLOSED
OI-000734,AR,DOC-20220331-0016,,C,6,2022-03-31,2022-05-28,871860,871860,0,JPY,INVOICE_BASIS,2798,4,CLOSED
OI-000735,AR,DOC-20220331-0017,,C,7,2022-03-31,2022-05-28,758914,758914,0,JPY,INVOICE_BASIS,2798,5,CLOSED
OI-000736,AR,DOC-20220331-0025,,C,8,2022-03-31,2022-05-28,754741,754741,0,JPY,INVOICE_BASIS,2799,7,CLOSED
OI-000737,AR,DOC-20220331-0020,,C,9,2022-03-31,2022-05-28,3304738,3304738,0,JPY,INVOICE_BASIS,2799,2,CLOSED
OI-000738,AP,DOC-20220331-0037,,S,1,2022-03-31,2022-05-28,7758109,7758109,0,JPY,INVOICE_BASIS,2808,5,CLOSED
OI-000739,AP,DOC-20220331-0050,,S,10,2022-03-31,2022-05-28,3725251,3725251,0,JPY,INVOICE_BASIS,2810,5,CLOSED
OI-000740,AP,DOC-20220331-0038,,S,11,2022-03-31,2022-05-28,5736237,5736237,0,JPY,INVOICE_BASIS,2808,6,CLOSED
OI-000741,AP,DOC-20220331-0039,,S,12,2022-03-31,2022-05-28,371183,371183,0,JPY,INVOICE_BASIS,2808,7,CLOSED
OI-000742,AP,DOC-20220331-0033,,S,13,2022-03-31,2022-05-28,1604983,1604983,0,JPY,INVOICE_BASIS,2808,1,CLOSED
OI-000743,AP,DOC-20220331-0035,,S,14,2022-03-31,2022-05-28,3306604,3306604,0,JPY,INVOICE_BASIS,2808,3,CLOSED
OI-000744,AP,DOC-20220331-0042,,S,15,2022-03-31,2022-05-28,1591695,1591695,0,JPY,INVOICE_BASIS,2809,2,CLOSED
OI-000745,AP,DOC-20220331-0032,,S,2,2022-03-31,2022-05-28,161481,161481,0,JPY,INVOICE_BASIS,2807,2,CLOSED
OI-000746,AP,DOC-20220331-0034,,S,2,2022-03-31,2022-05-28,708722,708722,0,JPY,INVOICE_BASIS,2808,2,CLOSED
OI-000747,AP,DOC-20220331-0045,,S,2,2022-03-31,2022-05-28,320719,320719,0,JPY,INVOICE_BASIS,2809,5,CLOSED
OI-000748,AP,DOC-20220331-0051,,S,2,2022-03-31,2022-05-28,619008,619008,0,JPY,INVOICE_BASIS,2810,6,CLOSED
OI-000749,AP,DOC-20220331-0052,,S,2,2022-03-31,2022-05-28,217551,217551,0,JPY,INVOICE_BASIS,2811,1,CLOSED
OI-000750,AP,DOC-20220331-0036,,S,3,2022-03-31,2022-05-28,3861324,3861324,0,JPY,INVOICE_BASIS,2808,4,CLOSED
OI-000751,AP,DOC-20220331-0048,,S,4,2022-03-31,2022-05-28,1057191,1057191,0,JPY,INVOICE_BASIS,2810,3,CLOSED
OI-000752,AP,DOC-20220331-0047,,S,5,2022-03-31,2022-05-28,4402685,4402685,0,JPY,INVOICE_BASIS,2810,2,CLOSED
OI-000753,AP,DOC-20220331-0046,,S,6,2022-03-31,2022-05-28,4615320,4615320,0,JPY,INVOICE_BASIS,2810,1,CLOSED
OI-000754,AP,DOC-20220331-0043,,S,7,2022-03-31,2022-05-28,4231805,4231805,0,JPY,INVOICE_BASIS,2809,3,CLOSED
OI-000755,AP,DOC-20220331-0031,,S,8,2022-03-31,2022-05-28,102816,102816,0,JPY,INVOICE_BASIS,2807,1,CLOSED
OI-000756,AP,DOC-20220331-0040,,S,8,2022-03-31,2022-05-28,46267,46267,0,JPY,INVOICE_BASIS,2808,8,CLOSED
OI-000757,AP,DOC-20220331-0044,,S,8,2022-03-31,2022-05-28,102816,102816,0,JPY,INVOICE_BASIS,2809,4,CLOSED
OI-000758,AP,DOC-20220331-0049,,S,8,2022-03-31,2022-05-28,154224,154224,0,JPY,INVOICE_BASIS,2810,4,CLOSED
OI-000759,AP,DOC-20220331-0053,,S,8,2022-03-31,2022-05-28,102816,102816,0,JPY,INVOICE_BASIS,2811,2,CLOSED
OI-000760,AP,DOC-20220331-0041,,S,9,2022-03-31,2022-05-28,2437314,2437314,0,JPY,INVOICE_BASIS,2809,1,CLOSED
