Cash_Application_ID,Ledger_Type,Settlement_ID,Open_Item_ID,Application_Date,Applied_Amount,Cash_Amount,Note_Amount,Fee_Amount,Discount_Amount,Offset_Amount,Other_Adjustment_Amount,Status
APP-00001,AR,ST-202103-REF-BF-AR-SET-001-2-AR,OI-202102-REF-BF-AR-001-1-AR,2021-03-05,100000,100000,0,0,0,0,0,APPLIED
APP-00002,AP,ST-202103-REF-BF-AP-SET-001-1-AP,OI-202102-REF-BF-AP-001-2-AP,2021-03-08,200000,200000,0,0,0,0,0,APPLIED
APP-00003,AP,ST-202104-900017-2-AP,OI-202102-REF-BF-AP-001-2-AP,2021-04-04,336970,336970,0,0,0,0,0,APPLIED
APP-00004,AP,ST-202104-900027-2-AP,OI-202102-REF-BF-AP-001-2-AP,2021-04-06,110390,110390,0,0,0,0,0,APPLIED
APP-00005,AR,ST-202104-900004-1-AR,OI-202102-REF-BF-AR-001-1-AR,2021-04-10,200680,200680,0,0,0,0,0,APPLIED
APP-00006,AP,ST-202104-900003-1-AP,OI-202102-REF-BF-AP-001-2-AP,2021-04-12,298830,298830,0,0,0,0,0,APPLIED
APP-00007,AR,ST-202104-900044-1-AR,OI-202102-REF-BF-AR-001-1-AR,2021-04-14,299320,299320,0,0,0,0,0,APPLIED
APP-00008,AR,ST-202104-900044-1-AR,OI-202103-REF-BF-AR-002-1-AR,2021-04-14,189860,189860,0,0,0,0,0,APPLIED
APP-00009,AR,ST-202104-900033-1-AR,OI-202103-REF-BF-AR-002-1-AR,2021-04-15,341050,341050,0,0,0,0,0,APPLIED
APP-00010,AP,ST-202104-900049-1-AP,OI-202102-REF-BF-AP-001-2-AP,2021-04-15,146320,146320,0,0,0,0,0,APPLIED
APP-00011,AR,ST-202104-900014-1-AR,OI-202103-REF-BF-AR-002-1-AR,2021-04-16,270050,270050,0,0,0,0,0,APPLIED
APP-00012,AR,ST-202104-900046-1-AR,OI-202103-REF-BF-AR-002-1-AR,2021-04-16,199040,199040,0,0,0,0,0,APPLIED
APP-00013,AR,ST-202104-900046-1-AR,OI-202104-900050-2-AR,2021-04-16,55820,55820,0,0,0,0,0,APPLIED
APP-00014,AR,ST-202104-900046-3-AR,OI-202104-900050-2-AR,2021-04-16,33980,33980,0,0,0,0,0,APPLIED
APP-00015,AR,ST-202104-900046-4-AR,OI-202104-900050-2-AR,2021-04-16,135930,135930,0,0,0,0,0,APPLIED
APP-00016,AP,ST-202104-900007-2-AP,OI-202102-REF-BF-AP-001-2-AP,2021-04-17,106280,106280,0,0,0,0,0,APPLIED
APP-00017,AR,ST-202104-900023-1-AR,OI-202104-900050-2-AR,2021-04-18,201290,201290,0,0,0,0,0,APPLIED
APP-00018,AR,ST-202104-900023-1-AR,OI-202104-900001-2-AR,2021-04-18,122070,122070,0,0,0,0,0,APPLIED
APP-00019,AP,ST-202104-900055-1-AP,OI-202102-REF-BF-AP-001-2-AP,2021-04-19,1210,1210,0,0,0,0,0,APPLIED
APP-00020,AP,ST-202104-900055-1-AP,OI-202103-REF-BF-AP-002-2-AP,2021-04-19,86070,86070,0,0,0,0,0,APPLIED
APP-00021,AP,ST-202104-900015-1-AP,OI-202103-REF-BF-AP-002-2-AP,2021-04-20,479460,479460,0,0,0,0,0,APPLIED
APP-00022,AP,ST-202104-900021-1-AP,OI-202103-REF-BF-AP-002-2-AP,2021-04-22,189620,189620,0,0,0,0,0,APPLIED
APP-00023,AP,ST-202104-900009-1-AP,OI-202103-REF-BF-AP-002-2-AP,2021-04-24,206960,206960,0,0,0,0,0,APPLIED
APP-00024,AP,ST-202104-900057-2-AP,OI-202103-REF-BF-AP-002-2-AP,2021-04-26,122790,122790,0,0,0,0,0,APPLIED
APP-00025,AP,ST-202104-900061-1-AP,OI-202103-REF-BF-AP-002-2-AP,2021-04-27,174850,174850,0,0,0,0,0,APPLIED
APP-00026,AR,ST-202104-900053-1-AR,OI-202104-900001-2-AR,2021-04-28,233240,233240,0,0,0,0,0,APPLIED
APP-00027,AR,ST-202104-900053-1-AR,OI-202104-900012-2-AR,2021-04-28,93370,93370,0,0,0,0,0,APPLIED
APP-00028,AR,ST-202104-900013-1-AR,OI-202104-900012-2-AR,2021-04-29,151030,151030,0,0,0,0,0,APPLIED
APP-00029,AP,ST-202104-900047-2-AP,OI-202103-REF-BF-AP-002-2-AP,2021-04-29,338130,338130,0,0,0,0,0,APPLIED
APP-00030,AR,ST-202104-900054-1-AR,OI-202104-900012-2-AR,2021-04-30,163850,163850,0,0,0,0,0,APPLIED
APP-00031,AR,ST-202105-900094-1-AR,OI-202104-900012-2-AR,2021-05-05,147400,147400,0,0,0,0,0,APPLIED
APP-00032,AR,ST-202105-900094-1-AR,OI-202104-900010-2-AR,2021-05-05,228470,228470,0,0,0,0,0,APPLIED
APP-00033,AR,ST-202105-900094-1-AR,OI-202104-900020-2-AR,2021-05-05,65230,65230,0,0,0,0,0,APPLIED
APP-00034,AR,ST-202105-900094-1-AR,OI-202104-900028-2-AR,2021-05-05,26040,26040,0,0,0,0,0,APPLIED
APP-00035,AP,ST-202105-900099-1-AP,OI-202103-REF-BF-AP-002-2-AP,2021-05-09,176880,176880,0,0,0,0,0,APPLIED
APP-00036,AP,ST-202105-900077-2-AP,OI-202103-REF-BF-AP-002-2-AP,2021-05-10,147100,147100,0,0,0,0,0,APPLIED
APP-00037,AR,ST-202105-900073-1-AR,OI-202104-900028-2-AR,2021-05-14,264790,264790,0,0,0,0,0,APPLIED
APP-00038,AR,ST-202105-900073-1-AR,OI-202104-900060-2-AR,2021-05-14,24730,24730,0,0,0,0,0,APPLIED
APP-00039,AP,ST-202105-900067-2-AP,OI-202103-REF-BF-AP-002-2-AP,2021-05-15,134370,134370,0,0,0,0,0,APPLIED
APP-00040,AP,ST-202105-900117-2-AP,OI-202103-REF-BF-AP-002-2-AP,2021-05-15,103780,103780,0,0,0,0,0,APPLIED
APP-00041,AR,ST-202105-900113-1-AR,OI-202104-900060-2-AR,2021-05-18,202750,202750,0,0,0,0,0,APPLIED
APP-00042,AR,ST-202105-900113-1-AR,OI-202104-900031-2-AR,2021-05-18,140820,140820,0,0,0,0,0,APPLIED
APP-00043,AP,ST-202105-900087-2-AP,OI-202103-REF-BF-AP-002-2-AP,2021-05-21,25360,25360,0,0,0,0,0,APPLIED
APP-00044,AR,ST-202105-900064-1-AR,OI-202104-900031-2-AR,2021-05-22,231700,231700,0,0,0,0,0,APPLIED
APP-00045,AR,ST-202105-900064-1-AR,OI-202104-900034-2-AR,2021-05-22,265900,265900,0,0,0,0,0,APPLIED
APP-00046,AR,ST-202105-900104-1-AR,OI-202104-900034-2-AR,2021-05-22,15070,15070,0,0,0,0,0,APPLIED
APP-00047,AR,ST-202105-900104-1-AR,OI-202104-900051-2-AR,2021-05-22,91580,91580,0,0,0,0,0,APPLIED
APP-00048,AR,ST-202105-900083-1-AR,OI-202104-900051-2-AR,2021-05-23,192450,192450,0,0,0,0,0,APPLIED
APP-00049,AP,ST-202105-900107-2-AP,OI-202103-REF-BF-AP-002-2-AP,2021-05-23,182360,182360,0,0,0,0,0,APPLIED
APP-00050,AR,ST-202105-900063-1-AR,OI-202104-900051-2-AR,2021-05-24,212200,212200,0,0,0,0,0,APPLIED
APP-00051,AR,ST-202105-900063-1-AR,OI-202104-900032-2-AR,2021-05-24,104340,104340,0,0,0,0,0,APPLIED
APP-00052,AR,ST-202105-900063-1-AR,OI-202104-900040-2-AR,2021-05-24,31680,31680,0,0,0,0,0,APPLIED
APP-00053,AR,ST-202105-900114-1-AR,OI-202104-900040-2-AR,2021-05-24,133110,133110,0,0,0,0,0,APPLIED
APP-00054,AR,ST-202105-900114-1-AR,OI-202104-900002-2-AR,2021-05-24,121040,121040,0,0,0,0,0,APPLIED
APP-00055,AP,ST-202105-900109-1-AP,OI-202103-REF-BF-AP-002-2-AP,2021-05-25,55990,55990,0,0,0,0,0,APPLIED
APP-00056,AP,ST-202105-900109-1-AP,OI-202104-900006-1-AP,2021-05-25,64290,64290,0,0,0,0,0,APPLIED
APP-00057,AP,ST-202105-900103-1-AP,OI-202104-900006-1-AP,2021-05-26,303560,303560,0,0,0,0,0,APPLIED
APP-00058,AP,ST-202105-900103-1-AP,OI-202104-900056-1-AP,2021-05-26,44360,44360,0,0,0,0,0,APPLIED
APP-00059,AP,ST-202105-900093-1-AP,OI-202104-900056-1-AP,2021-05-29,135240,135240,0,0,0,0,0,APPLIED
APP-00060,AR,ST-202106-900143-1-AR,OI-202104-900002-2-AR,2021-06-01,31130,31130,0,0,0,0,0,APPLIED
APP-00061,AR,ST-202106-900143-1-AR,OI-202104-900041-2-AR,2021-06-01,97700,97700,0,0,0,0,0,APPLIED
APP-00062,AR,ST-202106-900143-1-AR,OI-202104-900042-2-AR,2021-06-01,34370,34370,0,0,0,0,0,APPLIED
APP-00063,AR,ST-202106-900124-1-AR,OI-202104-900042-2-AR,2021-06-02,36330,36330,0,0,0,0,0,APPLIED
APP-00064,AR,ST-202106-900124-1-AR,OI-202104-900022-2-AR,2021-06-02,63700,63700,0,0,0,0,0,APPLIED
APP-00065,AR,ST-202106-900133-1-AR,OI-202104-900022-2-AR,2021-06-02,211410,211410,0,0,0,0,0,APPLIED
APP-00066,AP,ST-202106-900167-2-AP,OI-202104-900056-1-AP,2021-06-02,42650,42650,0,0,0,0,0,APPLIED
APP-00067,AP,ST-202106-900167-2-AP,OI-202104-900045-1-AP,2021-06-02,56120,56120,0,0,0,0,0,APPLIED
APP-00068,AR,ST-202106-900169-1-AR,OI-202104-900022-2-AR,2021-06-02,153850,153850,0,0,0,0,0,APPLIED
APP-00069,AR,ST-202106-900169-3-AR,OI-202104-900022-2-AR,2021-06-02,12300,12300,0,0,0,0,0,APPLIED
APP-00070,AR,ST-202106-900169-4-AR,OI-202104-900022-2-AR,2021-06-02,104590,104590,0,0,0,0,0,APPLIED
APP-00071,AR,ST-202106-900169-4-AR,OI-202104-900062-2-AR,2021-06-02,36960,36960,0,0,0,0,0,APPLIED
APP-00072,AR,ST-202106-900154-1-AR,OI-202104-900062-2-AR,2021-06-03,126120,126120,0,0,0,0,0,APPLIED
APP-00073,AR,ST-202106-900173-1-AR,OI-202104-900062-2-AR,2021-06-07,70630,70630,0,0,0,0,0,APPLIED
APP-00074,AP,ST-202106-900153-1-AP,OI-202104-900045-1-AP,2021-06-09,39460,39460,0,0,0,0,0,APPLIED
APP-00075,AP,ST-202106-900153-1-AP,OI-202104-900035-1-AP,2021-06-09,116900,116900,0,0,0,0,0,APPLIED
APP-00076,AP,ST-202106-900141-1-AP,OI-202104-900035-1-AP,2021-06-10,64450,64450,0,0,0,0,0,APPLIED
APP-00077,AP,ST-202106-900141-1-AP,OI-202104-900026-1-AP,2021-06-10,78360,78360,0,0,0,0,0,APPLIED
APP-00078,AP,ST-202106-900141-1-AP,OI-202104-900036-1-AP,2021-06-10,20280,20280,0,0,0,0,0,APPLIED
APP-00079,AR,ST-202106-900164-1-AR,OI-202104-900062-2-AR,2021-06-11,172860,172860,0,0,0,0,0,APPLIED
APP-00080,AR,ST-202106-900123-1-AR,OI-202104-900062-2-AR,2021-06-13,119100,119100,0,0,0,0,0,APPLIED
APP-00081,AR,ST-202106-900123-1-AR,OI-202105-900121-2-AR,2021-06-13,157030,157030,0,0,0,0,0,APPLIED
APP-00082,AR,ST-202106-900134-1-AR,OI-202105-900121-2-AR,2021-06-19,145720,145720,0,0,0,0,0,APPLIED
APP-00083,AP,ST-202106-900147-1-AP,OI-202104-900036-1-AP,2021-06-19,48480,48480,0,0,0,0,0,APPLIED
APP-00084,AP,ST-202106-900147-1-AP,OI-202104-900016-1-AP,2021-06-19,171300,171300,0,0,0,0,0,APPLIED
APP-00085,AP,ST-202106-900135-1-AP,OI-202104-900016-1-AP,2021-06-22,70370,70370,0,0,0,0,0,APPLIED
APP-00086,AP,ST-202106-900135-1-AP,OI-202104-900025-1-AP,2021-06-22,187410,187410,0,0,0,0,0,APPLIED
APP-00087,AP,ST-202106-900135-1-AP,OI-202105-900095-1-AP,2021-06-22,148710,148710,0,0,0,0,0,APPLIED
APP-00088,AP,ST-202106-900177-2-AP,OI-202105-900095-1-AP,2021-06-23,201880,201880,0,0,0,0,0,APPLIED
APP-00089,AP,ST-202106-900177-2-AP,OI-202105-900066-1-AP,2021-06-23,9900,9900,0,0,0,0,0,APPLIED
APP-00090,AP,ST-202106-900127-2-AP,OI-202105-900066-1-AP,2021-06-30,41460,41460,0,0,0,0,0,APPLIED
APP-00091,AP,ST-202106-900127-2-AP,OI-202105-900075-1-AP,2021-06-30,315770,315770,0,0,0,0,0,APPLIED
APP-00092,AP,ST-202107-900235-1-AP,OI-202105-900075-1-AP,2021-07-04,63520,63520,0,0,0,0,0,APPLIED
APP-00093,AP,ST-202107-900235-1-AP,OI-202105-900076-1-AP,2021-07-04,71500,71500,0,0,0,0,0,APPLIED
APP-00094,AR,ST-202107-900194-1-AR,OI-202105-900121-2-AR,2021-07-06,137950,137950,0,0,0,0,0,APPLIED
APP-00095,AR,ST-202107-900194-1-AR,OI-202105-900086-2-AR,2021-07-06,288830,288830,0,0,0,0,0,APPLIED
APP-00096,AP,ST-202107-900199-1-AP,OI-202105-900076-1-AP,2021-07-11,72970,72970,0,0,0,0,0,APPLIED
APP-00097,AP,ST-202107-900181-1-AP,OI-202105-900076-1-AP,2021-07-12,16830,16830,0,0,0,0,0,APPLIED
APP-00098,AP,ST-202107-900181-1-AP,OI-202105-900106-1-AP,2021-07-12,182290,182290,0,0,0,0,0,APPLIED
APP-00099,AP,ST-202107-900181-1-AP,OI-202105-900096-1-AP,2021-07-12,49070,49070,0,0,0,0,0,APPLIED
APP-00100,AR,ST-202107-900234-1-AR,OI-202105-900086-2-AR,2021-07-13,246560,246560,0,0,0,0,0,APPLIED
APP-00101,AR,ST-202107-900234-1-AR,OI-202105-900101-2-AR,2021-07-13,151890,151890,0,0,0,0,0,APPLIED
APP-00102,AR,ST-202107-900233-1-AR,OI-202105-900101-2-AR,2021-07-17,114250,114250,0,0,0,0,0,APPLIED
APP-00103,AR,ST-202107-900233-1-AR,OI-202105-900091-2-AR,2021-07-17,124120,124120,0,0,0,0,0,APPLIED
APP-00104,AR,ST-202107-900233-1-AR,OI-202105-900100-2-AR,2021-07-17,130370,130370,0,0,0,0,0,APPLIED
APP-00105,AP,ST-202107-900193-1-AP,OI-202105-900096-1-AP,2021-07-18,134230,134230,0,0,0,0,0,APPLIED
APP-00106,AP,ST-202107-900193-1-AP,OI-202105-900085-1-AP,2021-07-18,94360,94360,0,0,0,0,0,APPLIED
APP-00107,AR,ST-202107-900213-1-AR,OI-202105-900100-2-AR,2021-07-20,170730,170730,0,0,0,0,0,APPLIED
APP-00108,AR,ST-202107-900224-1-AR,OI-202105-900100-2-AR,2021-07-20,235690,235690,0,0,0,0,0,APPLIED
APP-00109,AR,ST-202107-900224-1-AR,OI-202105-900092-2-AR,2021-07-20,80430,80430,0,0,0,0,0,APPLIED
APP-00110,AP,ST-202107-900237-2-AP,OI-202105-900085-1-AP,2021-07-23,84300,84300,0,0,0,0,0,APPLIED
APP-00111,AR,ST-202107-900183-1-AR,OI-202105-900092-2-AR,2021-07-24,405780,405780,0,0,0,0,0,APPLIED
APP-00112,AP,ST-202107-900187-1-AP,OI-202105-900085-1-AP,2021-07-24,30880,30880,0,0,0,0,0,APPLIED
APP-00113,AP,ST-202107-900187-1-AP,OI-202105-900115-1-AP,2021-07-24,36650,36650,0,0,0,0,0,APPLIED
APP-00114,AP,ST-202107-900187-1-AP,OI-202106-900146-1-AP,2021-07-24,24490,24490,0,0,0,0,0,APPLIED
APP-00115,AP,ST-202107-900223-1-AP,OI-202106-900146-1-AP,2021-07-24,243940,243940,0,0,0,0,0,APPLIED
APP-00116,AR,ST-202107-900214-1-AR,OI-202105-900092-2-AR,2021-07-25,83550,83550,0,0,0,0,0,APPLIED
APP-00117,AR,ST-202107-900214-1-AR,OI-202105-900111-2-AR,2021-07-25,131160,131160,0,0,0,0,0,APPLIED
APP-00118,AR,ST-202107-900203-1-AR,OI-202105-900111-2-AR,2021-07-26,180530,180530,0,0,0,0,0,APPLIED
APP-00119,AR,ST-202107-900203-1-AR,OI-202105-900068-2-AR,2021-07-26,91250,91250,0,0,0,0,0,APPLIED
APP-00120,AR,ST-202107-900203-1-AR,OI-202105-900082-2-AR,2021-07-26,139230,139230,0,0,0,0,0,APPLIED
APP-00121,AP,ST-202107-900227-2-AP,OI-202106-900146-1-AP,2021-07-28,52790,52790,0,0,0,0,0,APPLIED
APP-00122,AP,ST-202107-900227-2-AP,OI-202106-900155-1-AP,2021-07-28,284200,284200,0,0,0,0,0,APPLIED
APP-00123,AP,ST-202107-900207-2-AP,OI-202106-900155-1-AP,2021-07-29,24480,24480,0,0,0,0,0,APPLIED
APP-00124,AP,ST-202107-900207-2-AP,OI-202106-900145-1-AP,2021-07-29,117860,117860,0,0,0,0,0,APPLIED
APP-00125,AP,ST-202107-900217-2-AP,OI-202106-900145-1-AP,2021-07-31,99660,99660,0,0,0,0,0,APPLIED
APP-00126,AP,ST-202107-900229-1-AP,OI-202106-900145-1-AP,2021-07-31,77940,77940,0,0,0,0,0,APPLIED
APP-00127,AP,ST-202107-900229-1-AP,OI-202106-900136-1-AP,2021-07-31,311910,311910,0,0,0,0,0,APPLIED
APP-00128,AP,ST-202107-900229-1-AP,OI-202106-900176-1-AP,2021-07-31,78180,78180,0,0,0,0,0,APPLIED
APP-00129,AP,ST-202107-900229-1-AP,OI-202106-900126-1-AP,2021-07-31,1780,1780,0,0,0,0,0,APPLIED
APP-00130,AR,ST-202108-900274-1-AR,OI-202105-900082-2-AR,2021-08-01,216280,216280,0,0,0,0,0,APPLIED
APP-00131,AR,ST-202108-900274-1-AR,OI-202105-900074-2-AR,2021-08-01,71780,71780,0,0,0,0,0,APPLIED
APP-00132,AR,ST-202108-900274-1-AR,OI-202105-900080-2-AR,2021-08-01,129310,129310,0,0,0,0,0,APPLIED
APP-00133,AP,ST-202108-900241-1-AP,OI-202106-900126-1-AP,2021-08-02,90560,90560,0,0,0,0,0,APPLIED
APP-00134,AP,ST-202108-900277-2-AP,OI-202106-900126-1-AP,2021-08-04,7330,7330,0,0,0,0,0,APPLIED
APP-00135,AP,ST-202108-900277-2-AP,OI-202106-900175-1-AP,2021-08-04,27580,27580,0,0,0,0,0,APPLIED
APP-00136,AP,ST-202108-900273-1-AP,OI-202106-900175-1-AP,2021-08-05,96170,96170,0,0,0,0,0,APPLIED
APP-00137,AP,ST-202108-900273-1-AP,OI-202106-900156-1-AP,2021-08-05,87870,87870,0,0,0,0,0,APPLIED
APP-00138,AP,ST-202108-900287-1-AP,OI-202106-900156-1-AP,2021-08-12,119820,119820,0,0,0,0,0,APPLIED
APP-00139,AP,ST-202108-900287-1-AP,OI-202106-900165-1-AP,2021-08-12,129600,129600,0,0,0,0,0,APPLIED
APP-00140,AP,ST-202108-900287-1-AP,OI-202107-900226-1-AP,2021-08-12,13100,13100,0,0,0,0,0,APPLIED
APP-00141,AR,ST-202108-900253-1-AR,OI-202105-900080-2-AR,2021-08-13,179710,179710,0,0,0,0,0,APPLIED
APP-00142,AR,ST-202108-900283-1-AR,OI-202105-900080-2-AR,2021-08-13,15410,15410,0,0,0,0,0,APPLIED
APP-00143,AR,ST-202108-900283-1-AR,OI-202105-900116-2-AR,2021-08-13,181470,181470,0,0,0,0,0,APPLIED
APP-00144,AR,ST-202108-900283-1-AR,OI-202105-900122-2-AR,2021-08-13,40640,40640,0,0,0,0,0,APPLIED
APP-00145,AR,ST-202108-900284-1-AR,OI-202105-900122-2-AR,2021-08-17,74340,74340,0,0,0,0,0,APPLIED
APP-00146,AR,ST-202108-900284-1-AR,OI-202105-900081-2-AR,2021-08-17,107830,107830,0,0,0,0,0,APPLIED
APP-00147,AP,ST-202108-900247-2-AP,OI-202107-900226-1-AP,2021-08-18,71020,71020,0,0,0,0,0,APPLIED
APP-00148,AP,ST-202108-900247-2-AP,OI-202107-900186-1-AP,2021-08-18,49340,49340,0,0,0,0,0,APPLIED
APP-00149,AR,ST-202108-900276-1-AR,OI-202105-900081-2-AR,2021-08-18,148340,148340,0,0,0,0,0,APPLIED
APP-00150,AR,ST-202108-900276-3-AR,OI-202105-900081-2-AR,2021-08-18,11240,11240,0,0,0,0,0,APPLIED
APP-00151,AR,ST-202108-900276-3-AR,OI-202105-900070-2-AR,2021-08-18,24360,24360,0,0,0,0,0,APPLIED
APP-00152,AR,ST-202108-900276-4-AR,OI-202105-900070-2-AR,2021-08-18,213270,213270,0,0,0,0,0,APPLIED
APP-00153,AR,ST-202108-900276-4-AR,OI-202105-900102-2-AR,2021-08-18,196160,196160,0,0,0,0,0,APPLIED
APP-00154,AP,ST-202108-900281-1-AP,OI-202107-900186-1-AP,2021-08-18,222800,222800,0,0,0,0,0,APPLIED
APP-00155,AP,ST-202108-900281-1-AP,OI-202107-900195-1-AP,2021-08-18,106450,106450,0,0,0,0,0,APPLIED
APP-00156,AP,ST-202108-900281-1-AP,OI-202107-900215-1-AP,2021-08-18,30960,30960,0,0,0,0,0,APPLIED
APP-00157,AR,ST-202108-900243-1-AR,OI-202105-900102-2-AR,2021-08-22,286300,286300,0,0,0,0,0,APPLIED
APP-00158,AR,ST-202108-900243-1-AR,OI-202105-900072-2-AR,2021-08-22,224900,224900,0,0,0,0,0,APPLIED
APP-00159,AR,ST-202108-900263-1-AR,OI-202105-900072-2-AR,2021-08-22,171850,171850,0,0,0,0,0,APPLIED
APP-00160,AR,ST-202108-900263-1-AR,OI-202105-900120-2-AR,2021-08-22,97300,97300,0,0,0,0,0,APPLIED
APP-00161,AR,ST-202108-900263-1-AR,OI-202105-900110-2-AR,2021-08-22,146190,146190,0,0,0,0,0,APPLIED
APP-00162,AR,ST-202108-900293-1-AR,OI-202105-900110-2-AR,2021-08-22,94720,94720,0,0,0,0,0,APPLIED
APP-00163,AR,ST-202108-900293-1-AR,OI-202106-900170-2-AR,2021-08-22,339490,339490,0,0,0,0,0,APPLIED
APP-00164,AP,ST-202108-900267-1-AP,OI-202107-900215-1-AP,2021-08-24,258900,258900,0,0,0,0,0,APPLIED
APP-00165,AP,ST-202108-900267-1-AP,OI-202107-900196-1-AP,2021-08-24,75630,75630,0,0,0,0,0,APPLIED
APP-00166,AR,ST-202109-900343-1-AR,OI-202106-900170-2-AR,2021-09-02,91960,91960,0,0,0,0,0,APPLIED
APP-00167,AR,ST-202109-900343-1-AR,OI-202106-900128-2-AR,2021-09-02,131050,131050,0,0,0,0,0,APPLIED
APP-00168,AR,ST-202109-900343-1-AR,OI-202106-900140-2-AR,2021-09-02,67120,67120,0,0,0,0,0,APPLIED
APP-00169,AR,ST-202109-900324-1-AR,OI-202106-900140-2-AR,2021-09-04,382510,382510,0,0,0,0,0,APPLIED
APP-00170,AR,ST-202109-900353-1-AR,OI-202106-900140-2-AR,2021-09-07,20440,20440,0,0,0,0,0,APPLIED
APP-00171,AR,ST-202109-900353-1-AR,OI-202106-900174-2-AR,2021-09-07,169640,169640,0,0,0,0,0,APPLIED
APP-00172,AR,ST-202109-900353-1-AR,OI-202106-900132-2-AR,2021-09-07,196120,196120,0,0,0,0,0,APPLIED
APP-00173,AP,ST-202109-900327-2-AP,OI-202107-900196-1-AP,2021-09-08,168360,168360,0,0,0,0,0,APPLIED
APP-00174,AR,ST-202109-900314-1-AR,OI-202106-900132-2-AR,2021-09-09,87980,87980,0,0,0,0,0,APPLIED
APP-00175,AP,ST-202109-900317-1-AP,OI-202107-900196-1-AP,2021-09-10,19020,19020,0,0,0,0,0,APPLIED
APP-00176,AP,ST-202109-900317-1-AP,OI-202107-900236-1-AP,2021-09-10,58120,58120,0,0,0,0,0,APPLIED
APP-00177,AP,ST-202109-900317-1-AP,OI-202107-900205-1-AP,2021-09-10,46240,46240,0,0,0,0,0,APPLIED
APP-00178,AP,ST-202109-900329-1-AP,OI-202107-900205-1-AP,2021-09-13,15980,15980,0,0,0,0,0,APPLIED
APP-00179,AP,ST-202109-900329-1-AP,OI-202107-900185-1-AP,2021-09-13,122380,122380,0,0,0,0,0,APPLIED
APP-00180,AP,ST-202109-900323-1-AP,OI-202107-900185-1-AP,2021-09-16,44500,44500,0,0,0,0,0,APPLIED
APP-00181,AR,ST-202109-900334-1-AR,OI-202106-900132-2-AR,2021-09-17,92990,92990,0,0,0,0,0,APPLIED
APP-00182,AR,ST-202109-900344-1-AR,OI-202106-900132-2-AR,2021-09-17,112580,112580,0,0,0,0,0,APPLIED
APP-00183,AP,ST-202109-900297-2-AP,OI-202107-900185-1-AP,2021-09-23,85610,85610,0,0,0,0,0,APPLIED
APP-00184,AP,ST-202109-900297-2-AP,OI-202108-900255-1-AP,2021-09-23,60770,60770,0,0,0,0,0,APPLIED
APP-00185,AP,ST-202109-900311-1-AP,OI-202108-900255-1-AP,2021-09-25,88880,88880,0,0,0,0,0,APPLIED
APP-00186,AP,ST-202109-900311-1-AP,OI-202108-900245-1-AP,2021-09-25,27530,27530,0,0,0,0,0,APPLIED
APP-00187,AP,ST-202109-900347-2-AP,OI-202108-900245-1-AP,2021-09-25,161470,161470,0,0,0,0,0,APPLIED
APP-00188,AP,ST-202109-900347-2-AP,OI-202108-900265-1-AP,2021-09-25,24100,24100,0,0,0,0,0,APPLIED
APP-00189,AP,ST-202109-900307-2-AP,OI-202108-900265-1-AP,2021-09-28,72440,72440,0,0,0,0,0,APPLIED
APP-00190,AP,ST-202109-900307-2-AP,OI-202108-900275-1-AP,2021-09-28,142190,142190,0,0,0,0,0,APPLIED
APP-00191,AP,ST-202109-900337-2-AP,OI-202108-900275-1-AP,2021-09-28,188470,188470,0,0,0,0,0,APPLIED
APP-00192,AP,ST-202109-900337-2-AP,OI-202108-900286-1-AP,2021-09-28,33080,33080,0,0,0,0,0,APPLIED
APP-00193,AR,ST-202109-900333-1-AR,OI-202106-900132-2-AR,2021-09-29,104200,104200,0,0,0,0,0,APPLIED
APP-00194,AR,ST-202109-900333-1-AR,OI-202106-900162-2-AR,2021-09-29,99520,99520,0,0,0,0,0,APPLIED
APP-00195,AR,ST-202109-900303-1-AR,OI-202106-900162-2-AR,2021-09-30,175050,175050,0,0,0,0,0,APPLIED
APP-00196,AP,ST-202110-900367-1-AP,OI-202108-900286-1-AP,2021-10-01,30710,30710,0,0,0,0,0,APPLIED
APP-00197,AP,ST-202110-900367-1-AP,OI-202108-900246-1-AP,2021-10-01,31780,31780,0,0,0,0,0,APPLIED
APP-00198,AP,ST-202110-900367-1-AP,OI-202108-900295-1-AP,2021-10-01,83710,83710,0,0,0,0,0,APPLIED
APP-00199,AP,ST-202110-900401-1-AP,OI-202108-900295-1-AP,2021-10-03,231960,231960,0,0,0,0,0,APPLIED
APP-00200,AR,ST-202110-900396-1-AR,OI-202106-900162-2-AR,2021-10-06,80610,80610,0,0,0,0,0,APPLIED
APP-00201,AR,ST-202110-900396-3-AR,OI-202106-900162-2-AR,2021-10-06,29550,29550,0,0,0,0,0,APPLIED
APP-00202,AR,ST-202110-900396-4-AR,OI-202106-900162-2-AR,2021-10-06,27630,27630,0,0,0,0,0,APPLIED
APP-00203,AR,ST-202110-900396-4-AR,OI-202106-900130-2-AR,2021-10-06,130920,130920,0,0,0,0,0,APPLIED
APP-00204,AR,ST-202110-900354-1-AR,OI-202106-900130-2-AR,2021-10-09,65690,65690,0,0,0,0,0,APPLIED
APP-00205,AR,ST-202110-900354-1-AR,OI-202106-900160-2-AR,2021-10-09,172330,172330,0,0,0,0,0,APPLIED
APP-00206,AR,ST-202110-900354-1-AR,OI-202106-900152-2-AR,2021-10-09,213180,213180,0,0,0,0,0,APPLIED
APP-00207,AP,ST-202110-900411-1-AP,OI-202108-900295-1-AP,2021-10-10,18700,18700,0,0,0,0,0,APPLIED
APP-00208,AP,ST-202110-900411-1-AP,OI-202108-900256-1-AP,2021-10-10,241330,241330,0,0,0,0,0,APPLIED
APP-00209,AR,ST-202110-900394-1-AR,OI-202106-900152-2-AR,2021-10-11,102750,102750,0,0,0,0,0,APPLIED
APP-00210,AP,ST-202110-900361-1-AP,OI-202108-900256-1-AP,2021-10-15,73490,73490,0,0,0,0,0,APPLIED
APP-00211,AP,ST-202110-900397-2-AP,OI-202108-900256-1-AP,2021-10-15,18900,18900,0,0,0,0,0,APPLIED
APP-00212,AP,ST-202110-900397-2-AP,OI-202108-900266-1-AP,2021-10-15,150810,150810,0,0,0,0,0,APPLIED
APP-00213,AR,ST-202110-900363-1-AR,OI-202106-900152-2-AR,2021-10-16,187930,187930,0,0,0,0,0,APPLIED
APP-00214,AR,ST-202110-900363-1-AR,OI-202106-900161-2-AR,2021-10-16,73460,73460,0,0,0,0,0,APPLIED
APP-00215,AR,ST-202110-900404-1-AR,OI-202106-900161-2-AR,2021-10-17,24880,24880,0,0,0,0,0,APPLIED
APP-00216,AR,ST-202110-900404-1-AR,OI-202106-900151-2-AR,2021-10-17,102260,102260,0,0,0,0,0,APPLIED
APP-00217,AR,ST-202110-900404-1-AR,OI-202106-900166-2-AR,2021-10-17,175070,175070,0,0,0,0,0,APPLIED
APP-00218,AR,ST-202110-900404-1-AR,OI-202106-900171-2-AR,2021-10-17,56280,56280,0,0,0,0,0,APPLIED
APP-00219,AR,ST-202110-900384-1-AR,OI-202106-900171-2-AR,2021-10-21,112250,112250,0,0,0,0,0,APPLIED
APP-00220,AR,ST-202110-900384-1-AR,OI-202106-900142-2-AR,2021-10-21,76180,76180,0,0,0,0,0,APPLIED
APP-00221,AP,ST-202110-900357-2-AP,OI-202108-900266-1-AP,2021-10-22,220870,220870,0,0,0,0,0,APPLIED
APP-00222,AP,ST-202110-900357-2-AP,OI-202109-900296-1-AP,2021-10-22,124030,124030,0,0,0,0,0,APPLIED
APP-00223,AP,ST-202110-900373-1-AP,OI-202109-900296-1-AP,2021-10-23,134400,134400,0,0,0,0,0,APPLIED
APP-00224,AP,ST-202110-900373-1-AP,OI-202109-900335-1-AP,2021-10-23,178650,178650,0,0,0,0,0,APPLIED
APP-00225,AP,ST-202110-900373-1-AP,OI-202109-900346-1-AP,2021-10-23,107350,107350,0,0,0,0,0,APPLIED
APP-00226,AP,ST-202110-900405-1-AP,OI-202109-900346-1-AP,2021-10-25,202880,202880,0,0,0,0,0,APPLIED
APP-00227,AR,ST-202110-900374-1-AR,OI-202106-900142-2-AR,2021-10-26,323080,323080,0,0,0,0,0,APPLIED
APP-00228,AR,ST-202110-900374-1-AR,OI-202107-900190-2-AR,2021-10-26,130870,130870,0,0,0,0,0,APPLIED
APP-00229,AP,ST-202110-900355-1-AP,OI-202109-900346-1-AP,2021-10-31,22390,22390,0,0,0,0,0,APPLIED
APP-00230,AP,ST-202110-900355-1-AP,OI-202109-900325-1-AP,2021-10-31,284710,284710,0,0,0,0,0,APPLIED
APP-00231,AP,ST-202110-900355-1-AP,OI-202109-900316-1-AP,2021-10-31,19030,19030,0,0,0,0,0,APPLIED
APP-00232,AP,ST-202110-900387-2-AP,OI-202109-900316-1-AP,2021-10-31,82330,82330,0,0,0,0,0,APPLIED
APP-00233,AR,ST-202110-900393-1-AR,OI-202107-900190-2-AR,2021-10-31,191140,191140,0,0,0,0,0,APPLIED
APP-00234,AR,ST-202110-900393-1-AR,OI-202107-900211-2-AR,2021-10-31,232620,232620,0,0,0,0,0,APPLIED
APP-00235,AR,ST-202110-900403-1-AR,OI-202107-900211-2-AR,2021-10-31,184540,184540,0,0,0,0,0,APPLIED
APP-00236,AR,ST-202110-900403-1-AR,OI-202107-900201-2-AR,2021-10-31,84220,84220,0,0,0,0,0,APPLIED
APP-00237,AR,ST-202111-900414-1-AR,OI-202107-900201-2-AR,2021-11-01,70310,70310,0,0,0,0,0,APPLIED
APP-00238,AR,ST-202111-900454-1-AR,OI-202107-900201-2-AR,2021-11-02,297690,297690,0,0,0,0,0,APPLIED
APP-00239,AR,ST-202111-900454-1-AR,OI-202107-900231-2-AR,2021-11-02,156810,156810,0,0,0,0,0,APPLIED
APP-00240,AR,ST-202111-900453-1-AR,OI-202107-900231-2-AR,2021-11-05,135620,135620,0,0,0,0,0,APPLIED
APP-00241,AR,ST-202111-900453-1-AR,OI-202107-900192-2-AR,2021-11-05,207940,207940,0,0,0,0,0,APPLIED
APP-00242,AR,ST-202111-900463-1-AR,OI-202107-900192-2-AR,2021-11-05,57020,57020,0,0,0,0,0,APPLIED
APP-00243,AR,ST-202111-900463-1-AR,OI-202107-900221-2-AR,2021-11-05,24490,24490,0,0,0,0,0,APPLIED
APP-00244,AP,ST-202111-900455-1-AP,OI-202109-900316-1-AP,2021-11-06,47180,47180,0,0,0,0,0,APPLIED
APP-00245,AP,ST-202111-900455-1-AP,OI-202109-900315-1-AP,2021-11-06,185550,185550,0,0,0,0,0,APPLIED
APP-00246,AR,ST-202111-900443-1-AR,OI-202107-900221-2-AR,2021-11-07,358660,358660,0,0,0,0,0,APPLIED
APP-00247,AR,ST-202111-900443-1-AR,OI-202107-900200-2-AR,2021-11-07,46190,46190,0,0,0,0,0,APPLIED
APP-00248,AR,ST-202111-900464-1-AR,OI-202107-900200-2-AR,2021-11-07,121240,121240,0,0,0,0,0,APPLIED
APP-00249,AP,ST-202111-900449-1-AP,OI-202109-900315-1-AP,2021-11-08,168410,168410,0,0,0,0,0,APPLIED
APP-00250,AP,ST-202111-900449-1-AP,OI-202109-900305-1-AP,2021-11-08,101790,101790,0,0,0,0,0,APPLIED
APP-00251,AP,ST-202111-900449-1-AP,OI-202110-900385-1-AP,2021-11-08,36660,36660,0,0,0,0,0,APPLIED
APP-00252,AP,ST-202111-900449-1-AP,OI-202110-900406-1-AP,2021-11-08,94660,94660,0,0,0,0,0,APPLIED
APP-00253,AR,ST-202111-900423-1-AR,OI-202107-900200-2-AR,2021-11-09,102520,102520,0,0,0,0,0,APPLIED
APP-00254,AR,ST-202111-900423-1-AR,OI-202107-900204-2-AR,2021-11-09,56250,56250,0,0,0,0,0,APPLIED
APP-00255,AR,ST-202111-900423-1-AR,OI-202107-900182-2-AR,2021-11-09,61740,61740,0,0,0,0,0,APPLIED
APP-00256,AP,ST-202111-900427-2-AP,OI-202110-900406-1-AP,2021-11-15,159020,159020,0,0,0,0,0,APPLIED
APP-00257,AP,ST-202111-900437-2-AP,OI-202110-900406-1-AP,2021-11-16,80270,80270,0,0,0,0,0,APPLIED
APP-00258,AP,ST-202111-900437-2-AP,OI-202110-900395-1-AP,2021-11-16,7820,7820,0,0,0,0,0,APPLIED
APP-00259,AP,ST-202111-900447-2-AP,OI-202110-900395-1-AP,2021-11-18,187620,187620,0,0,0,0,0,APPLIED
APP-00260,AP,ST-202111-900447-2-AP,OI-202110-900356-1-AP,2021-11-18,52970,52970,0,0,0,0,0,APPLIED
APP-00261,AR,ST-202111-900434-1-AR,OI-202107-900182-2-AR,2021-11-23,241650,241650,0,0,0,0,0,APPLIED
APP-00262,AR,ST-202111-900434-1-AR,OI-202107-900180-2-AR,2021-11-23,18790,18790,0,0,0,0,0,APPLIED
APP-00263,AR,ST-202111-900444-1-AR,OI-202107-900180-2-AR,2021-11-27,328450,328450,0,0,0,0,0,APPLIED
APP-00264,AP,ST-202111-900457-2-AP,OI-202110-900356-1-AP,2021-11-28,215030,215030,0,0,0,0,0,APPLIED
APP-00265,AP,ST-202111-900457-2-AP,OI-202110-900375-1-AP,2021-11-28,72270,72270,0,0,0,0,0,APPLIED
APP-00266,AP,ST-202111-900467-2-AP,OI-202110-900375-1-AP,2021-11-29,41410,41410,0,0,0,0,0,APPLIED
APP-00267,AP,ST-202111-900467-2-AP,OI-202110-900366-1-AP,2021-11-29,200910,200910,0,0,0,0,0,APPLIED
APP-00268,AP,ST-202111-900417-1-AP,OI-202110-900366-1-AP,2021-11-30,21380,21380,0,0,0,0,0,APPLIED
APP-00269,AP,ST-202111-900417-1-AP,OI-202110-900365-1-AP,2021-11-30,208190,208190,0,0,0,0,0,APPLIED
APP-00270,AP,ST-202111-900461-1-AP,OI-202110-900365-1-AP,2021-11-30,40940,40940,0,0,0,0,0,APPLIED
APP-00271,AP,ST-202111-900461-1-AP,OI-202110-900376-1-AP,2021-11-30,184540,184540,0,0,0,0,0,APPLIED
APP-00272,AP,ST-202111-900461-1-AP,OI-202111-900425-1-AP,2021-11-30,39690,39690,0,0,0,0,0,APPLIED
APP-00273,AP,ST-202112-900517-2-AP,OI-202111-900425-1-AP,2021-12-05,269470,269470,0,0,0,0,0,APPLIED
APP-00274,AP,ST-202112-900517-2-AP,OI-202111-900435-1-AP,2021-12-05,72000,72000,0,0,0,0,0,APPLIED
APP-00275,AP,ST-202112-900517-2-AP,OI-202111-900466-1-AP,2021-12-05,6920,6920,0,0,0,0,0,APPLIED
APP-00276,AR,ST-202112-900473-1-AR,OI-202107-900180-2-AR,2021-12-06,52030,52030,0,0,0,0,0,APPLIED
APP-00277,AR,ST-202112-900473-1-AR,OI-202107-900210-2-AR,2021-12-06,60770,60770,0,0,0,0,0,APPLIED
APP-00278,AR,ST-202112-900509-1-AR,OI-202107-900210-2-AR,2021-12-07,179860,179860,0,0,0,0,0,APPLIED
APP-00279,AR,ST-202112-900509-1-AR,OI-202107-900230-2-AR,2021-12-07,28020,28020,0,0,0,0,0,APPLIED
APP-00280,AR,ST-202112-900509-3-AR,OI-202107-900230-2-AR,2021-12-07,59390,59390,0,0,0,0,0,APPLIED
APP-00281,AR,ST-202112-900509-4-AR,OI-202107-900230-2-AR,2021-12-07,145970,145970,0,0,0,0,0,APPLIED
APP-00282,AR,ST-202112-900509-4-AR,OI-202107-900216-2-AR,2021-12-07,11020,11020,0,0,0,0,0,APPLIED
APP-00283,AP,ST-202112-900493-1-AP,OI-202111-900466-1-AP,2021-12-09,59810,59810,0,0,0,0,0,APPLIED
APP-00284,AP,ST-202112-900505-1-AP,OI-202111-900466-1-AP,2021-12-09,296920,296920,0,0,0,0,0,APPLIED
APP-00285,AP,ST-202112-900505-1-AP,OI-202111-900456-1-AP,2021-12-09,34550,34550,0,0,0,0,0,APPLIED
APP-00286,AP,ST-202112-900507-2-AP,OI-202111-900456-1-AP,2021-12-11,169700,169700,0,0,0,0,0,APPLIED
APP-00287,AP,ST-202112-900507-2-AP,OI-202111-900446-1-AP,2021-12-11,15980,15980,0,0,0,0,0,APPLIED
APP-00288,AR,ST-202112-900523-1-AR,OI-202107-900216-2-AR,2021-12-12,385730,385730,0,0,0,0,0,APPLIED
APP-00289,AR,ST-202112-900513-1-AR,OI-202107-900216-2-AR,2021-12-16,23260,23260,0,0,0,0,0,APPLIED
APP-00290,AR,ST-202112-900513-1-AR,OI-202107-900220-2-AR,2021-12-16,458600,458600,0,0,0,0,0,APPLIED
APP-00291,AR,ST-202112-900513-1-AR,OI-202107-900222-2-AR,2021-12-16,15510,15510,0,0,0,0,0,APPLIED
APP-00292,AP,ST-202112-900499-1-AP,OI-202111-900446-1-AP,2021-12-17,127010,127010,0,0,0,0,0,APPLIED
APP-00293,AP,ST-202112-900499-1-AP,OI-202111-900415-1-AP,2021-12-17,127820,127820,0,0,0,0,0,APPLIED
APP-00294,AP,ST-202112-900499-1-AP,OI-202111-900416-1-AP,2021-12-17,65270,65270,0,0,0,0,0,APPLIED
APP-00295,AR,ST-202112-900494-1-AR,OI-202107-900222-2-AR,2021-12-19,319590,319590,0,0,0,0,0,APPLIED
APP-00296,AR,ST-202112-900483-1-AR,OI-202107-900222-2-AR,2021-12-25,262080,262080,0,0,0,0,0,APPLIED
APP-00297,AR,ST-202112-900483-1-AR,OI-202107-900202-2-AR,2021-12-25,70910,70910,0,0,0,0,0,APPLIED
APP-00298,AR,ST-202112-900504-1-AR,OI-202107-900202-2-AR,2021-12-30,246540,246540,0,0,0,0,0,APPLIED
APP-00299,AR,ST-202112-900504-1-AR,OI-202108-900250-2-AR,2021-12-30,143380,143380,0,0,0,0,0,APPLIED
APP-00300,AP,ST-202112-900487-2-AP,OI-202111-900416-1-AP,2021-12-31,5460,5460,0,0,0,0,0,APPLIED
APP-00301,AP,ST-202112-900487-2-AP,OI-202112-900516-1-AP,2021-12-31,102160,102160,0,0,0,0,0,APPLIED
APP-00302,AP,ST-202112-900487-2-AP,OI-202112-900496-1-AP,2021-12-31,232720,232720,0,0,0,0,0,APPLIED
APP-00303,AR,ST-202201-900534-1-AR,OI-202108-900250-2-AR,2022-01-04,223570,223570,0,0,0,0,0,APPLIED
APP-00304,AR,ST-202201-900534-1-AR,OI-202108-900252-2-AR,2022-01-04,28450,28450,0,0,0,0,0,APPLIED
APP-00305,AR,ST-202201-900583-1-AR,OI-202108-900252-2-AR,2022-01-04,181110,181110,0,0,0,0,0,APPLIED
APP-00306,AR,ST-202201-900573-1-AR,OI-202108-900252-2-AR,2022-01-05,335470,335470,0,0,0,0,0,APPLIED
APP-00307,AR,ST-202201-900563-1-AR,OI-202108-900252-2-AR,2022-01-06,38290,38290,0,0,0,0,0,APPLIED
APP-00308,AR,ST-202201-900563-1-AR,OI-202108-900240-2-AR,2022-01-06,48440,48440,0,0,0,0,0,APPLIED
APP-00309,AP,ST-202201-900567-2-AP,OI-202112-900496-1-AP,2022-01-07,132130,132130,0,0,0,0,0,APPLIED
APP-00310,AP,ST-202201-900547-2-AP,OI-202112-900496-1-AP,2022-01-08,22160,22160,0,0,0,0,0,APPLIED
APP-00311,AP,ST-202201-900547-2-AP,OI-202112-900525-1-AP,2022-01-08,6890,6890,0,0,0,0,0,APPLIED
APP-00312,AR,ST-202201-900553-1-AR,OI-202108-900240-2-AR,2022-01-10,60010,60010,0,0,0,0,0,APPLIED
APP-00313,AP,ST-202201-900577-2-AP,OI-202112-900525-1-AP,2022-01-11,82500,82500,0,0,0,0,0,APPLIED
APP-00314,AP,ST-202201-900577-2-AP,OI-202112-900485-1-AP,2022-01-11,209170,209170,0,0,0,0,0,APPLIED
APP-00315,AP,ST-202201-900577-2-AP,OI-202112-900506-1-AP,2022-01-11,8660,8660,0,0,0,0,0,APPLIED
APP-00316,AP,ST-202201-900537-1-AP,OI-202112-900506-1-AP,2022-01-16,98340,98340,0,0,0,0,0,APPLIED
APP-00317,AP,ST-202201-900537-1-AP,OI-202112-900495-1-AP,2022-01-16,119350,119350,0,0,0,0,0,APPLIED
APP-00318,AP,ST-202201-900587-1-AP,OI-202112-900495-1-AP,2022-01-16,59520,59520,0,0,0,0,0,APPLIED
APP-00319,AR,ST-202201-900544-1-AR,OI-202108-900240-2-AR,2022-01-17,175540,175540,0,0,0,0,0,APPLIED
APP-00320,AP,ST-202201-900557-2-AP,OI-202112-900495-1-AP,2022-01-17,14430,14430,0,0,0,0,0,APPLIED
APP-00321,AP,ST-202201-900557-2-AP,OI-202112-900515-1-AP,2022-01-17,184330,184330,0,0,0,0,0,APPLIED
APP-00322,AP,ST-202201-900557-2-AP,OI-202112-900526-1-AP,2022-01-17,109980,109980,0,0,0,0,0,APPLIED
APP-00323,AP,ST-202201-900543-1-AP,OI-202112-900526-1-AP,2022-01-20,249290,249290,0,0,0,0,0,APPLIED
APP-00324,AP,ST-202201-900543-1-AP,OI-202112-900476-1-AP,2022-01-20,53400,53400,0,0,0,0,0,APPLIED
APP-00325,AP,ST-202201-900543-1-AP,OI-202112-900475-1-AP,2022-01-20,169140,169140,0,0,0,0,0,APPLIED
APP-00326,AR,ST-202201-900554-1-AR,OI-202108-900240-2-AR,2022-01-20,94260,94260,0,0,0,0,0,APPLIED
APP-00327,AR,ST-202201-900554-1-AR,OI-202108-900280-2-AR,2022-01-20,148340,148340,0,0,0,0,0,APPLIED
APP-00328,AP,ST-202201-900549-1-AP,OI-202112-900475-1-AP,2022-01-24,157990,157990,0,0,0,0,0,APPLIED
APP-00329,AP,ST-202201-900549-1-AP,OI-202201-900535-1-AP,2022-01-24,31660,31660,0,0,0,0,0,APPLIED
APP-00330,AR,ST-202201-900564-1-AR,OI-202108-900280-2-AR,2022-01-25,94750,94750,0,0,0,0,0,APPLIED
APP-00331,AP,ST-202201-900581-1-AP,OI-202201-900535-1-AP,2022-01-29,345290,345290,0,0,0,0,0,APPLIED
APP-00332,AP,ST-202201-900581-1-AP,OI-202201-900566-1-AP,2022-01-29,92720,92720,0,0,0,0,0,APPLIED
APP-00333,AP,ST-202202-900629-1-AP,OI-202201-900566-1-AP,2022-02-02,61740,61740,0,0,0,0,0,APPLIED
APP-00334,AP,ST-202202-900629-1-AP,OI-202201-900536-1-AP,2022-02-02,46110,46110,0,0,0,0,0,APPLIED
APP-00335,AP,ST-202202-900629-1-AP,OI-202201-900545-1-AP,2022-02-02,9920,9920,0,0,0,0,0,APPLIED
APP-00336,AR,ST-202202-900614-1-AR,OI-202108-900280-2-AR,2022-02-04,79810,79810,0,0,0,0,0,APPLIED
APP-00337,AP,ST-202202-900593-1-AP,OI-202201-900545-1-AP,2022-02-04,67240,67240,0,0,0,0,0,APPLIED
APP-00338,AP,ST-202202-900627-2-AP,OI-202201-900545-1-AP,2022-02-06,68640,68640,0,0,0,0,0,APPLIED
APP-00339,AP,ST-202202-900627-2-AP,OI-202201-900575-1-AP,2022-02-06,133180,133180,0,0,0,0,0,APPLIED
APP-00340,AP,ST-202202-900627-2-AP,OI-202201-900576-1-AP,2022-02-06,95400,95400,0,0,0,0,0,APPLIED
APP-00341,AP,ST-202202-900647-2-AP,OI-202201-900576-1-AP,2022-02-06,293160,293160,0,0,0,0,0,APPLIED
APP-00342,AP,ST-202202-900623-1-AP,OI-202201-900576-1-AP,2022-02-08,5840,5840,0,0,0,0,0,APPLIED
APP-00343,AP,ST-202202-900623-1-AP,OI-202201-900585-1-AP,2022-02-08,94620,94620,0,0,0,0,0,APPLIED
APP-00344,AR,ST-202202-900634-1-AR,OI-202108-900280-2-AR,2022-02-08,209430,209430,0,0,0,0,0,APPLIED
APP-00345,AR,ST-202202-900634-1-AR,OI-202108-900292-2-AR,2022-02-08,282820,282820,0,0,0,0,0,APPLIED
APP-00346,AR,ST-202202-900634-1-AR,OI-202108-900294-2-AR,2022-02-08,7780,7780,0,0,0,0,0,APPLIED
APP-00347,AR,ST-202202-900603-1-AR,OI-202108-900294-2-AR,2022-02-10,61800,61800,0,0,0,0,0,APPLIED
APP-00348,AP,ST-202202-900607-2-AP,OI-202201-900585-1-AP,2022-02-17,90200,90200,0,0,0,0,0,APPLIED
APP-00349,AP,ST-202202-900607-2-AP,OI-202201-900586-1-AP,2022-02-17,200710,200710,0,0,0,0,0,APPLIED
APP-00350,AR,ST-202202-900613-1-AR,OI-202108-900294-2-AR,2022-02-21,60720,60720,0,0,0,0,0,APPLIED
APP-00351,AR,ST-202202-900613-1-AR,OI-202108-900272-2-AR,2022-02-21,46450,46450,0,0,0,0,0,APPLIED
APP-00352,AR,ST-202202-900633-1-AR,OI-202108-900272-2-AR,2022-02-23,53980,53980,0,0,0,0,0,APPLIED
APP-00353,AR,ST-202202-900643-1-AR,OI-202108-900272-2-AR,2022-02-24,184530,184530,0,0,0,0,0,APPLIED
APP-00354,AR,ST-202202-900643-1-AR,OI-202108-900248-2-AR,2022-02-24,104500,104500,0,0,0,0,0,APPLIED
APP-00355,AR,ST-202202-900643-1-AR,OI-202108-900254-2-AR,2022-02-24,36890,36890,0,0,0,0,0,APPLIED
APP-00356,AR,ST-202202-900594-1-AR,OI-202108-900254-2-AR,2022-02-25,48980,48980,0,0,0,0,0,APPLIED
APP-00357,AR,ST-202202-900594-1-AR,OI-202108-900261-2-AR,2022-02-25,142550,142550,0,0,0,0,0,APPLIED
APP-00358,AR,ST-202202-900624-1-AR,OI-202108-900261-2-AR,2022-02-26,126350,126350,0,0,0,0,0,APPLIED
APP-00359,AR,ST-202202-900624-1-AR,OI-202108-900260-2-AR,2022-02-26,109160,109160,0,0,0,0,0,APPLIED
APP-00360,AR,ST-202202-900624-1-AR,OI-202108-900282-2-AR,2022-02-26,73260,73260,0,0,0,0,0,APPLIED
APP-00361,AP,ST-202202-900617-2-AP,OI-202201-900586-1-AP,2022-02-27,73820,73820,0,0,0,0,0,APPLIED
APP-00362,AP,ST-202202-900617-2-AP,OI-202201-900555-1-AP,2022-02-27,170990,170990,0,0,0,0,0,APPLIED
APP-00363,AP,ST-202202-900617-2-AP,OI-202202-900605-1-AP,2022-02-27,23130,23130,0,0,0,0,0,APPLIED
APP-00364,AR,ST-202202-900635-1-AR,OI-202108-900282-2-AR,2022-02-27,72950,72950,0,0,0,0,0,APPLIED
APP-00365,AR,ST-202202-900635-1-AR,OI-202108-900271-2-AR,2022-02-27,66730,66730,0,0,0,0,0,APPLIED
APP-00366,AR,ST-202202-900635-3-AR,OI-202108-900271-2-AR,2022-02-27,67430,67430,0,0,0,0,0,APPLIED
APP-00367,AR,ST-202202-900635-4-AR,OI-202108-900271-2-AR,2022-02-27,182210,182210,0,0,0,0,0,APPLIED
APP-00368,AR,ST-202202-900635-4-AR,OI-202108-900290-2-AR,2022-02-27,92360,92360,0,0,0,0,0,APPLIED
APP-00369,AP,ST-202202-900637-1-AP,OI-202202-900605-1-AP,2022-02-28,114740,114740,0,0,0,0,0,APPLIED
APP-00370,AP,ST-202202-900637-1-AP,OI-202202-900595-1-AP,2022-02-28,38230,38230,0,0,0,0,0,APPLIED
APP-00371,AP,ST-202202-900637-1-AP,OI-202202-900626-1-AP,2022-02-28,69730,69730,0,0,0,0,0,APPLIED
APP-00372,AR,ST-202203-900683-1-AR,OI-202108-900290-2-AR,2022-03-01,352340,352340,0,0,0,0,0,APPLIED
APP-00373,AR,ST-202203-900683-1-AR,OI-202108-900242-2-AR,2022-03-01,62850,62850,0,0,0,0,0,APPLIED
APP-00374,AR,ST-202203-900683-1-AR,OI-202108-900262-2-AR,2022-03-01,35440,35440,0,0,0,0,0,APPLIED
APP-00375,AR,ST-202203-900664-1-AR,OI-202108-900262-2-AR,2022-03-02,228490,228490,0,0,0,0,0,APPLIED
APP-00376,AR,ST-202203-900664-1-AR,OI-202109-900312-2-AR,2022-03-02,128680,128680,0,0,0,0,0,APPLIED
APP-00377,AP,ST-202203-900697-2-AP,OI-202202-900626-1-AP,2022-03-02,207720,207720,0,0,0,0,0,APPLIED
APP-00378,AP,ST-202203-900697-2-AP,OI-202202-900645-1-AP,2022-03-02,92950,92950,0,0,0,0,0,APPLIED
APP-00379,AP,ST-202203-900669-1-AP,OI-202202-900645-1-AP,2022-03-03,201600,201600,0,0,0,0,0,APPLIED
APP-00380,AP,ST-202203-900687-2-AP,OI-202202-900645-1-AP,2022-03-03,68100,68100,0,0,0,0,0,APPLIED
APP-00381,AP,ST-202203-900687-2-AP,OI-202202-900615-1-AP,2022-03-03,30650,30650,0,0,0,0,0,APPLIED
APP-00382,AR,ST-202203-900654-1-AR,OI-202109-900312-2-AR,2022-03-07,252760,252760,0,0,0,0,0,APPLIED
APP-00383,AR,ST-202203-900654-1-AR,OI-202109-900336-2-AR,2022-03-07,257690,257690,0,0,0,0,0,APPLIED
APP-00384,AP,ST-202203-900675-1-AP,OI-202202-900615-1-AP,2022-03-15,261500,261500,0,0,0,0,0,APPLIED
APP-00385,AP,ST-202203-900675-1-AP,OI-202202-900636-1-AP,2022-03-15,133490,133490,0,0,0,0,0,APPLIED
APP-00386,AP,ST-202203-900675-1-AP,OI-202202-900596-1-AP,2022-03-15,23050,23050,0,0,0,0,0,APPLIED
APP-00387,AP,ST-202203-900681-1-AP,OI-202202-900596-1-AP,2022-03-29,176570,176570,0,0,0,0,0,APPLIED
APP-00388,AP,ST-202203-900681-1-AP,OI-202203-900686-1-AP,2022-03-29,43810,43810,0,0,0,0,0,APPLIED
APP-00389,AR,ST-202204-REF-AF-AR-SET-001-2-AR,OI-202109-900336-2-AR,2022-04-10,12695,12695,0,0,0,0,0,APPLIED
APP-00390,AP,ST-202204-REF-AF-AP-SET-001-1-AP,OI-202203-900686-1-AP,2022-04-15,10310,10310,0,0,0,0,0,APPLIED
APP-00391,AP,ST-202204-REF-AF-AP-SET-001-1-AP,OI-202203-900695-1-AP,2022-04-15,14690,14690,0,0,0,0,0,APPLIED
APP-00392,AR,ST-202205-REF-AF-AR-SET-002-2-AR,OI-202109-900336-2-AR,2022-05-10,12695,12695,0,0,0,0,0,APPLIED
APP-00393,AP,ST-202205-REF-AF-AP-SET-002-1-AP,OI-202203-900695-1-AP,2022-05-15,25000,25000,0,0,0,0,0,APPLIED
