Cash_Application_ID,Ledger_Type,Settlement_ID,Open_Item_ID,Application_Date,Applied_Amount,Cash_Amount,Note_Amount,Fee_Amount,Discount_Amount,Offset_Amount,Other_Adjustment_Amount,Status
CA-000001,AR,ST-000001,OI-000001,2021-04-15,3267499,3267499,0,0,0,0,0,APPLIED
CA-000002,AR,ST-000002,OI-000002,2021-04-15,1985,0,0,1985,0,0,0,APPLIED
CA-000003,AR,ST-000003,OI-000003,2021-05-15,4442938,4442938,0,0,0,0,0,APPLIED
CA-000004,AR,ST-000004,OI-000004,2021-05-15,1985,0,0,1985,0,0,0,APPLIED
CA-000005,AR,ST-000005,OI-000005,2021-05-31,58972,0,0,0,58972,0,0,APPLIED
CA-000006,AR,ST-000006,OI-000006,2021-04-25,13483517,0,13483517,0,0,0,0,APPLIED
CA-000007,AR,ST-000007,OI-000007,2021-05-25,9248822,0,9248822,0,0,0,0,APPLIED
CA-000008,AR,ST-000008,OI-000008,2021-05-31,17519,0,0,0,17519,0,0,APPLIED
CA-000009,AR,ST-000009,OI-000009,2021-04-30,1585979,1585979,0,0,0,0,0,APPLIED
CA-000010,AR,ST-000010,OI-000010,2021-05-31,1585978,1585978,0,0,0,0,0,APPLIED
CA-000011,AR,ST-000011,OI-000011,2021-04-30,2226774,2226774,0,0,0,0,0,APPLIED
CA-000012,AR,ST-000012,OI-000012,2021-04-30,651,0,0,651,0,0,0,APPLIED
CA-000013,AR,ST-000013,OI-000013,2021-05-31,975963,975963,0,0,0,0,0,APPLIED
CA-000014,AR,ST-000014,OI-000014,2021-05-31,651,0,0,651,0,0,0,APPLIED
CA-000015,AR,ST-000015,OI-000015,2021-04-30,2999742,2999742,0,0,0,0,0,APPLIED
CA-000016,AR,ST-000016,OI-000016,2021-04-30,628,0,0,628,0,0,0,APPLIED
CA-000017,AR,ST-000017,OI-000017,2021-05-31,30487,0,0,0,30487,0,0,APPLIED
CA-000018,AR,ST-000018,OI-000018,2021-05-31,1204807,1204807,0,0,0,0,0,APPLIED
CA-000019,AR,ST-000019,OI-000019,2021-05-31,628,0,0,628,0,0,0,APPLIED
CA-000020,AR,ST-000020,OI-000020,2021-04-15,1020783,1020783,0,0,0,0,0,APPLIED
CA-000021,AR,ST-000021,OI-000021,2021-04-15,675,0,0,675,0,0,0,APPLIED
CA-000022,AR,ST-000022,OI-000022,2021-04-30,27339,0,0,0,27339,0,0,APPLIED
CA-000023,AR,ST-000023,OI-000023,2021-05-15,1803863,1803863,0,0,0,0,0,APPLIED
CA-000024,AR,ST-000024,OI-000024,2021-05-15,675,0,0,675,0,0,0,APPLIED
CA-000025,AR,ST-000025,OI-000025,2021-04-25,1534105,1534105,0,0,0,0,0,APPLIED
CA-000026,AR,ST-000026,OI-000026,2021-04-25,516,0,0,516,0,0,0,APPLIED
CA-000027,AR,ST-000027,OI-000027,2021-05-25,917979,917979,0,0,0,0,0,APPLIED
CA-000028,AR,ST-000028,OI-000028,2021-05-25,516,0,0,516,0,0,0,APPLIED
CA-000029,AR,ST-000029,OI-000029,2021-05-31,52097,0,0,0,52097,0,0,APPLIED
CA-000030,AR,ST-000030,OI-000030,2021-04-15,2584696,2584696,0,0,0,0,0,APPLIED
CA-000031,AR,ST-000031,OI-000031,2021-04-15,642,0,0,642,0,0,0,APPLIED
CA-000032,AR,ST-000032,OI-000032,2021-05-15,964992,964992,0,0,0,0,0,APPLIED
CA-000033,AR,ST-000033,OI-000033,2021-05-15,642,0,0,642,0,0,0,APPLIED
CA-000034,AR,ST-000034,OI-000034,2021-05-31,79746,79746,0,0,0,0,0,APPLIED
CA-000035,AR,ST-000035,OI-000035,2021-05-20,7692848,7692848,0,0,0,0,0,APPLIED
CA-000036,AR,ST-000036,OI-000036,2021-05-31,457392,0,0,0,457392,0,0,APPLIED
CA-000037,AR,ST-000037,OI-000037,2021-04-30,30547,0,0,0,30547,0,0,APPLIED
CA-000038,AR,ST-000038,OI-000038,2021-04-30,9017603,0,9017603,0,0,0,0,APPLIED
CA-000039,AR,ST-000039,OI-000039,2021-05-31,46053,0,0,0,46053,0,0,APPLIED
CA-000040,AR,ST-000040,OI-000040,2021-05-31,9013134,0,9013134,0,0,0,0,APPLIED
CA-000041,AR,ST-000041,OI-000041,2021-04-15,2114596,2114596,0,0,0,0,0,APPLIED
CA-000042,AR,ST-000042,OI-000042,2021-04-30,53041,0,0,0,53041,0,0,APPLIED
CA-000043,AR,ST-000043,OI-000043,2021-05-15,1416402,1416402,0,0,0,0,0,APPLIED
CA-000044,AR,ST-000044,OI-000044,2021-04-10,13888575,13888575,0,0,0,0,0,APPLIED
CA-000045,AR,ST-000045,OI-000045,2021-04-10,633,0,0,633,0,0,0,APPLIED
CA-000046,AR,ST-000046,OI-000046,2021-05-10,10891695,10891695,0,0,0,0,0,APPLIED
CA-000047,AR,ST-000047,OI-000047,2021-05-10,633,0,0,633,0,0,0,APPLIED
CA-000048,AR,ST-000048,OI-000048,2021-05-31,23708,0,0,0,23708,0,0,APPLIED
CA-000049,AR,ST-000049,OI-000049,2021-05-31,26544,0,0,0,26544,0,0,APPLIED
CA-000050,AR,ST-000050,OI-000050,2021-04-10,1080093,1080093,0,0,0,0,0,APPLIED
CA-000051,AR,ST-000051,OI-000051,2021-04-10,556,0,0,556,0,0,0,APPLIED
CA-000052,AR,ST-000052,OI-000052,2021-05-10,1420826,1420826,0,0,0,0,0,APPLIED
CA-000053,AR,ST-000053,OI-000053,2021-05-10,556,0,0,556,0,0,0,APPLIED
CA-000054,AR,ST-000054,OI-000054,2021-04-15,1770912,1770912,0,0,0,0,0,APPLIED
CA-000055,AR,ST-000055,OI-000055,2021-04-15,492,0,0,492,0,0,0,APPLIED
CA-000056,AR,ST-000056,OI-000056,2021-05-15,1237604,1237604,0,0,0,0,0,APPLIED
CA-000057,AR,ST-000057,OI-000057,2021-05-15,246,0,0,246,0,0,0,APPLIED
CA-000058,AR,ST-000058,OI-000058,2021-05-31,16860,0,0,0,16860,0,0,APPLIED
CA-000059,AR,ST-000059,OI-000059,2021-05-20,3431500,3431500,0,0,0,0,0,APPLIED
CA-000060,AR,ST-000060,OI-000060,2021-05-20,3910,0,0,3910,0,0,0,APPLIED
CA-000061,AR,ST-000061,OI-000061,2021-04-05,2380294,2380294,0,0,0,0,0,APPLIED
CA-000062,AR,ST-000062,OI-000062,2021-04-05,507,0,0,507,0,0,0,APPLIED
CA-000063,AR,ST-000063,OI-000063,2021-05-05,879279,879279,0,0,0,0,0,APPLIED
CA-000064,AR,ST-000064,OI-000064,2021-05-05,380,0,0,380,0,0,0,APPLIED
CA-000065,AR,ST-000065,OI-000065,2021-05-31,45710,45710,0,0,0,0,0,APPLIED
CA-000066,AR,ST-000066,OI-000066,2021-05-31,64,0,0,64,0,0,0,APPLIED
CA-000067,AR,ST-000067,OI-000067,2021-04-25,4660833,4660833,0,0,0,0,0,APPLIED
CA-000068,AR,ST-000068,OI-000068,2021-04-25,590,0,0,590,0,0,0,APPLIED
CA-000069,AR,ST-000069,OI-000069,2021-05-25,2701441,2701441,0,0,0,0,0,APPLIED
CA-000070,AR,ST-000070,OI-000070,2021-05-25,590,0,0,590,0,0,0,APPLIED
CA-000071,AR,ST-000071,OI-000071,2021-05-31,71597,0,0,0,71597,0,0,APPLIED
CA-000072,AR,ST-000072,OI-000072,2021-04-05,1206280,1206280,0,0,0,0,0,APPLIED
CA-000073,AR,ST-000073,OI-000073,2021-04-05,377,0,0,377,0,0,0,APPLIED
CA-000074,AR,ST-000074,OI-000074,2021-05-05,2111325,2111325,0,0,0,0,0,APPLIED
CA-000075,AR,ST-000075,OI-000075,2021-05-05,504,0,0,504,0,0,0,APPLIED
CA-000076,AR,ST-000076,OI-000076,2021-05-31,26104,0,0,0,26104,0,0,APPLIED
CA-000077,AR,ST-000077,OI-000077,2021-04-05,1419759,1419759,0,0,0,0,0,APPLIED
CA-000078,AR,ST-000078,OI-000078,2021-04-05,481,0,0,481,0,0,0,APPLIED
CA-000079,AR,ST-000079,OI-000079,2021-05-05,888509,888509,0,0,0,0,0,APPLIED
CA-000080,AR,ST-000080,OI-000080,2021-04-10,6441963,0,6441963,0,0,0,0,APPLIED
CA-000081,AR,ST-000081,OI-000081,2021-04-30,20058,0,0,0,20058,0,0,APPLIED
CA-000082,AR,ST-000082,OI-000082,2021-05-10,6856797,0,6856797,0,0,0,0,APPLIED
CA-000083,AR,ST-000083,OI-000083,2021-05-31,14749,0,0,0,14749,0,0,APPLIED
CA-000084,AR,ST-000084,OI-000084,2021-04-20,2497755,2497755,0,0,0,0,0,APPLIED
CA-000085,AR,ST-000085,OI-000085,2021-04-20,575,0,0,575,0,0,0,APPLIED
CA-000086,AR,ST-000086,OI-000086,2021-05-20,2012328,2012328,0,0,0,0,0,APPLIED
CA-000087,AR,ST-000087,OI-000087,2021-05-20,575,0,0,575,0,0,0,APPLIED
CA-000088,AP,ST-000088,OI-000088,2021-04-15,3557473,3557473,0,0,0,0,0,APPLIED
CA-000089,AP,ST-000089,OI-000089,2021-04-30,73207,0,0,0,73207,0,0,APPLIED
CA-000090,AP,ST-000090,OI-000090,2021-05-15,4297106,4297106,0,0,0,0,0,APPLIED
CA-000091,AP,ST-000091,OI-000091,2021-04-30,1829520,1829520,0,0,0,0,0,APPLIED
CA-000092,AP,ST-000092,OI-000092,2021-05-31,1115850,1115850,0,0,0,0,0,APPLIED
CA-000093,AP,ST-000093,OI-000093,2021-04-10,10297986,0,10297986,0,0,0,0,APPLIED
CA-000094,AP,ST-000094,OI-000094,2021-04-30,30289,0,0,0,30289,0,0,APPLIED
CA-000095,AP,ST-000095,OI-000095,2021-05-10,1928189,0,1928189,0,0,0,0,APPLIED
CA-000096,AP,ST-000096,OI-000096,2021-05-31,113407,0,0,0,113407,0,0,APPLIED
CA-000097,AP,ST-000097,OI-000097,2021-04-20,1416910,1416910,0,0,0,0,0,APPLIED
CA-000098,AP,ST-000098,OI-000098,2021-05-20,905555,905555,0,0,0,0,0,APPLIED
CA-000099,AP,ST-000099,OI-000099,2021-04-30,21674,0,0,0,21674,0,0,APPLIED
CA-000100,AP,ST-000100,OI-000100,2021-04-30,5237507,0,5237507,0,0,0,0,APPLIED
CA-000101,AP,ST-000101,OI-000101,2021-05-31,22176,0,0,0,22176,0,0,APPLIED
CA-000102,AP,ST-000102,OI-000102,2021-05-31,3467360,0,3467360,0,0,0,0,APPLIED
CA-000103,AP,ST-000103,OI-000103,2021-04-20,3596039,3596039,0,0,0,0,0,APPLIED
CA-000104,AP,ST-000104,OI-000104,2021-04-30,22478,0,0,0,22478,0,0,APPLIED
CA-000105,AP,ST-000105,OI-000105,2021-05-20,5204428,5204428,0,0,0,0,0,APPLIED
CA-000106,AP,ST-000106,OI-000106,2021-04-30,5522383,5522383,0,0,0,0,0,APPLIED
CA-000107,AP,ST-000107,OI-000107,2021-05-31,17337,0,0,0,17337,0,0,APPLIED
CA-000108,AP,ST-000108,OI-000108,2021-05-31,3387545,3387545,0,0,0,0,0,APPLIED
CA-000109,AP,ST-000109,OI-000109,2021-04-10,402696,402696,0,0,0,0,0,APPLIED
CA-000110,AP,ST-000110,OI-000110,2021-05-10,634838,634838,0,0,0,0,0,APPLIED
CA-000111,AP,ST-000111,OI-000111,2021-04-30,11793,0,0,0,11793,0,0,APPLIED
CA-000112,AP,ST-000112,OI-000112,2021-04-30,2599235,0,2599235,0,0,0,0,APPLIED
CA-000113,AP,ST-000113,OI-000113,2021-05-31,12903,0,0,0,12903,0,0,APPLIED
CA-000114,AP,ST-000114,OI-000114,2021-05-31,1744898,0,1744898,0,0,0,0,APPLIED
CA-000115,AP,ST-000115,OI-000115,2021-04-30,34587,0,0,0,34587,0,0,APPLIED
CA-000116,AP,ST-000116,OI-000116,2021-04-30,4640751,0,4640751,0,0,0,0,APPLIED
CA-000117,AP,ST-000117,OI-000117,2021-05-31,56044,0,0,0,56044,0,0,APPLIED
CA-000118,AP,ST-000118,OI-000118,2021-05-31,2926580,2926580,0,0,0,0,0,APPLIED
CA-000119,AP,ST-000119,OI-000119,2021-04-20,6181724,0,6181724,0,0,0,0,APPLIED
CA-000120,AP,ST-000120,OI-000120,2021-05-20,4109548,4109548,0,0,0,0,0,APPLIED
CA-000121,AP,ST-000121,OI-000121,2021-05-31,42386,0,0,0,42386,0,0,APPLIED
CA-000122,AP,ST-000122,OI-000122,2021-04-30,497372,497372,0,0,0,0,0,APPLIED
CA-000123,AP,ST-000123,OI-000123,2021-05-31,322812,322812,0,0,0,0,0,APPLIED
CA-000124,AP,ST-000124,OI-000124,2021-04-30,1370598,1370598,0,0,0,0,0,APPLIED
CA-000125,AP,ST-000125,OI-000125,2021-05-31,1985810,1985810,0,0,0,0,0,APPLIED
CA-000126,AP,ST-000126,OI-000126,2021-04-30,4036321,4036321,0,0,0,0,0,APPLIED
CA-000127,AP,ST-000127,OI-000127,2021-05-31,2584863,2584863,0,0,0,0,0,APPLIED
CA-000128,AP,ST-000128,OI-000128,2021-04-30,16968,0,0,0,16968,0,0,APPLIED
CA-000129,AP,ST-000129,OI-000129,2021-04-30,1710087,1710087,0,0,0,0,0,APPLIED
CA-000130,AP,ST-000130,OI-000130,2021-05-31,1130334,1130334,0,0,0,0,0,APPLIED
CA-000131,AR,ST-000131,OI-000131,2021-06-15,1476232,1476232,0,0,0,0,0,APPLIED
CA-000132,AR,ST-000132,OI-000132,2021-06-25,13321782,0,13321782,0,0,0,0,APPLIED
CA-000133,AR,ST-000133,OI-000133,2021-06-30,736072,736072,0,0,0,0,0,APPLIED
CA-000134,AR,ST-000134,OI-000134,2021-06-30,1200768,0,0,0,1200768,0,0,APPLIED
CA-000135,AR,ST-000135,OI-000135,2021-06-30,1536384,1536384,0,0,0,0,0,APPLIED
CA-000136,AR,ST-000136,OI-000136,2021-06-15,1054408,1054408,0,0,0,0,0,APPLIED
CA-000137,AR,ST-000137,OI-000137,2021-06-25,1246560,1246560,0,0,0,0,0,APPLIED
CA-000138,AR,ST-000138,OI-000138,2021-06-15,942912,942912,0,0,0,0,0,APPLIED
CA-000139,AR,ST-000139,OI-000139,2021-06-15,1202528,1202528,0,0,0,0,0,APPLIED
CA-000140,AR,ST-000140,OI-000140,2021-06-30,359744,359744,0,0,0,0,0,APPLIED
CA-000141,AR,ST-000141,OI-000141,2021-06-20,620476,620476,0,0,0,0,0,APPLIED
CA-000142,AR,ST-000142,OI-000142,2021-06-30,10846514,0,0,0,10846514,0,0,APPLIED
CA-000143,AR,ST-000143,OI-000143,2021-06-15,1671612,1671612,0,0,0,0,0,APPLIED
CA-000144,AR,ST-000144,OI-000144,2021-06-10,1418200,1418200,0,0,0,0,0,APPLIED
CA-000145,AR,ST-000145,OI-000145,2021-06-10,2064894,0,0,2064894,0,0,0,APPLIED
CA-000146,AR,ST-000146,OI-000146,2021-06-30,1260302,0,0,0,1260302,0,0,APPLIED
CA-000147,AR,ST-000147,OI-000147,2021-06-30,1526316,0,0,0,1526316,0,0,APPLIED
CA-000148,AR,ST-000148,OI-000148,2021-06-30,1081720,1081720,0,0,0,0,0,APPLIED
CA-000149,AR,ST-000149,OI-000149,2021-06-10,818910,818910,0,0,0,0,0,APPLIED
CA-000150,AR,ST-000150,OI-000150,2021-06-15,1136086,1136086,0,0,0,0,0,APPLIED
CA-000151,AR,ST-000151,OI-000151,2021-06-20,845757,845757,0,0,0,0,0,APPLIED
CA-000152,AR,ST-000152,OI-000152,2021-06-05,1041464,1041464,0,0,0,0,0,APPLIED
CA-000153,AR,ST-000153,OI-000153,2021-06-25,694821,694821,0,0,0,0,0,APPLIED
CA-000154,AR,ST-000154,OI-000154,2021-06-30,430032,430032,0,0,0,0,0,APPLIED
CA-000155,AR,ST-000155,OI-000155,2021-06-25,3664410,3664410,0,0,0,0,0,APPLIED
CA-000156,AR,ST-000156,OI-000156,2021-06-05,976504,976504,0,0,0,0,0,APPLIED
CA-000157,AR,ST-000157,OI-000157,2021-06-05,883909,883909,0,0,0,0,0,APPLIED
CA-000158,AR,ST-000158,OI-000158,2021-06-10,4716787,0,4716787,0,0,0,0,APPLIED
CA-000159,AR,ST-000159,OI-000159,2021-06-30,456660,456660,0,0,0,0,0,APPLIED
CA-000160,AR,ST-000160,OI-000160,2021-06-20,1104852,1104852,0,0,0,0,0,APPLIED
CA-000161,AP,ST-000161,OI-000161,2021-06-15,6031869,6031869,0,0,0,0,0,APPLIED
CA-000162,AP,ST-000162,OI-000162,2021-06-30,185975,185975,0,0,0,0,0,APPLIED
CA-000163,AP,ST-000163,OI-000163,2021-06-30,409145,409145,0,0,0,0,0,APPLIED
CA-000164,AP,ST-000164,OI-000164,2021-06-30,152913,152913,0,0,0,0,0,APPLIED
CA-000165,AP,ST-000165,OI-000165,2021-06-30,293427,293427,0,0,0,0,0,APPLIED
CA-000166,AP,ST-000166,OI-000166,2021-06-30,74390,74390,0,0,0,0,0,APPLIED
CA-000167,AP,ST-000167,OI-000167,2021-06-10,2915080,0,2915080,0,0,0,0,APPLIED
CA-000168,AP,ST-000168,OI-000168,2021-06-20,905555,905555,0,0,0,0,0,APPLIED
CA-000169,AP,ST-000169,OI-000169,2021-06-30,3445686,0,0,0,3445686,0,0,APPLIED
CA-000170,AP,ST-000170,OI-000170,2021-06-20,3320176,3320176,0,0,0,0,0,APPLIED
CA-000171,AP,ST-000171,OI-000171,2021-06-30,3387545,0,0,0,3387545,0,0,APPLIED
CA-000172,AP,ST-000172,OI-000172,2021-06-10,23688,23688,0,0,0,0,0,APPLIED
CA-000173,AP,ST-000173,OI-000173,2021-06-30,189504,189504,0,0,0,0,0,APPLIED
CA-000174,AP,ST-000174,OI-000174,2021-06-30,42638,42638,0,0,0,0,0,APPLIED
CA-000175,AP,ST-000175,OI-000175,2021-06-30,71064,71064,0,0,0,0,0,APPLIED
CA-000176,AP,ST-000176,OI-000176,2021-06-30,23688,23688,0,0,0,0,0,APPLIED
CA-000177,AP,ST-000177,OI-000177,2021-06-30,1733105,0,1733105,0,0,0,0,APPLIED
CA-000178,AP,ST-000178,OI-000178,2021-06-30,2891993,0,0,0,2891993,0,0,APPLIED
CA-000179,AP,ST-000179,OI-000179,2021-06-20,4109548,4109548,0,0,0,0,0,APPLIED
CA-000180,AP,ST-000180,OI-000180,2021-06-30,322812,322812,0,0,0,0,0,APPLIED
CA-000181,AP,ST-000181,OI-000181,2021-06-30,1263652,0,0,0,1263652,0,0,APPLIED
CA-000182,AP,ST-000182,OI-000182,2021-06-30,2584863,2584863,0,0,0,0,0,APPLIED
CA-000183,AP,ST-000183,OI-000183,2021-06-30,1113366,1113366,0,0,0,0,0,APPLIED
CA-000184,AR,ST-000184,OI-000184,2021-07-15,1642082,1642082,0,0,0,0,0,APPLIED
CA-000185,AR,ST-000185,OI-000185,2021-07-25,15044472,0,15044472,0,0,0,0,APPLIED
CA-000186,AR,ST-000186,OI-000186,2021-07-31,733365,733365,0,0,0,0,0,APPLIED
CA-000187,AR,ST-000187,OI-000187,2021-07-31,1274640,0,0,0,1274640,0,0,APPLIED
CA-000188,AR,ST-000188,OI-000188,2021-07-31,1245400,0,0,0,1245400,0,0,APPLIED
CA-000189,AR,ST-000189,OI-000189,2021-07-15,713868,713868,0,0,0,0,0,APPLIED
CA-000190,AR,ST-000190,OI-000190,2021-07-25,1216464,1216464,0,0,0,0,0,APPLIED
CA-000191,AR,ST-000191,OI-000191,2021-07-15,428130,428130,0,0,0,0,0,APPLIED
CA-000192,AR,ST-000192,OI-000192,2021-07-15,806520,806520,0,0,0,0,0,APPLIED
CA-000193,AR,ST-000193,OI-000193,2021-07-31,560672,560672,0,0,0,0,0,APPLIED
CA-000194,AR,ST-000194,OI-000194,2021-07-20,859668,859668,0,0,0,0,0,APPLIED
CA-000195,AR,ST-000195,OI-000195,2021-07-31,8059094,0,0,0,8059094,0,0,APPLIED
CA-000196,AR,ST-000196,OI-000196,2021-07-15,883097,883097,0,0,0,0,0,APPLIED
CA-000197,AR,ST-000197,OI-000197,2021-07-10,1329984,1329984,0,0,0,0,0,APPLIED
CA-000198,AR,ST-000198,OI-000198,2021-07-10,1587526,0,0,1587526,0,0,0,APPLIED
CA-000199,AR,ST-000199,OI-000199,2021-07-31,1192362,0,0,0,1192362,0,0,APPLIED
CA-000200,AR,ST-000200,OI-000200,2021-07-31,2209402,2209402,0,0,0,0,0,APPLIED
CA-000201,AR,ST-000201,OI-000201,2021-07-31,991728,991728,0,0,0,0,0,APPLIED
CA-000202,AR,ST-000202,OI-000202,2021-07-10,1012572,1012572,0,0,0,0,0,APPLIED
CA-000203,AR,ST-000203,OI-000203,2021-07-15,871688,871688,0,0,0,0,0,APPLIED
CA-000204,AR,ST-000204,OI-000204,2021-07-20,750780,750780,0,0,0,0,0,APPLIED
CA-000205,AR,ST-000205,OI-000205,2021-07-05,1295648,1295648,0,0,0,0,0,APPLIED
CA-000206,AR,ST-000206,OI-000206,2021-07-25,910136,910136,0,0,0,0,0,APPLIED
CA-000207,AR,ST-000207,OI-000207,2021-07-31,730124,730124,0,0,0,0,0,APPLIED
CA-000208,AR,ST-000208,OI-000208,2021-07-25,3964716,3964716,0,0,0,0,0,APPLIED
CA-000209,AR,ST-000209,OI-000209,2021-07-05,1163584,1163584,0,0,0,0,0,APPLIED
CA-000210,AR,ST-000210,OI-000210,2021-07-05,764268,764268,0,0,0,0,0,APPLIED
CA-000211,AR,ST-000211,OI-000211,2021-07-10,6725128,0,6725128,0,0,0,0,APPLIED
CA-000212,AR,ST-000212,OI-000212,2021-07-31,843660,843660,0,0,0,0,0,APPLIED
CA-000213,AR,ST-000213,OI-000213,2021-07-20,1379070,1379070,0,0,0,0,0,APPLIED
CA-000214,AP,ST-000214,OI-000214,2021-07-15,6139435,6139435,0,0,0,0,0,APPLIED
CA-000215,AP,ST-000215,OI-000215,2021-07-31,135474,135474,0,0,0,0,0,APPLIED
CA-000216,AP,ST-000216,OI-000216,2021-07-31,630800,630800,0,0,0,0,0,APPLIED
CA-000217,AP,ST-000217,OI-000217,2021-07-31,190510,190510,0,0,0,0,0,APPLIED
CA-000218,AP,ST-000218,OI-000218,2021-07-31,283648,283648,0,0,0,0,0,APPLIED
CA-000219,AP,ST-000219,OI-000219,2021-07-31,55036,55036,0,0,0,0,0,APPLIED
CA-000220,AP,ST-000220,OI-000220,2021-07-10,3107835,0,3107835,0,0,0,0,APPLIED
CA-000221,AP,ST-000221,OI-000221,2021-07-20,926133,926133,0,0,0,0,0,APPLIED
CA-000222,AP,ST-000222,OI-000222,2021-07-31,3744310,0,3744310,0,0,0,0,APPLIED
CA-000223,AP,ST-000223,OI-000223,2021-07-20,3530262,3530262,0,0,0,0,0,APPLIED
CA-000224,AP,ST-000224,OI-000224,2021-07-31,3549759,3549759,0,0,0,0,0,APPLIED
CA-000225,AP,ST-000225,OI-000225,2021-07-10,72576,72576,0,0,0,0,0,APPLIED
CA-000226,AP,ST-000226,OI-000226,2021-07-31,140313,140313,0,0,0,0,0,APPLIED
CA-000227,AP,ST-000227,OI-000227,2021-07-31,169344,169344,0,0,0,0,0,APPLIED
CA-000228,AP,ST-000228,OI-000228,2021-07-31,24192,24192,0,0,0,0,0,APPLIED
CA-000229,AP,ST-000229,OI-000229,2021-07-31,1772046,0,1772046,0,0,0,0,APPLIED
CA-000230,AP,ST-000230,OI-000230,2021-07-31,3030717,0,3030717,0,0,0,0,APPLIED
CA-000231,AP,ST-000231,OI-000231,2021-07-20,4270793,4270793,0,0,0,0,0,APPLIED
CA-000232,AP,ST-000232,OI-000232,2021-07-31,330220,330220,0,0,0,0,0,APPLIED
CA-000233,AP,ST-000233,OI-000233,2021-07-31,1291839,1291839,0,0,0,0,0,APPLIED
CA-000234,AP,ST-000234,OI-000234,2021-07-31,2895984,2895984,0,0,0,0,0,APPLIED
CA-000235,AP,ST-000235,OI-000235,2021-07-31,1154355,0,0,0,1154355,0,0,APPLIED
CA-000236,AR,ST-000236,OI-000236,2021-08-15,1221480,1221480,0,0,0,0,0,APPLIED
CA-000237,AR,ST-000237,OI-000237,2021-08-25,14067110,0,14067110,0,0,0,0,APPLIED
CA-000238,AR,ST-000238,OI-000238,2021-08-31,335052,335052,0,0,0,0,0,APPLIED
CA-000239,AR,ST-000239,OI-000239,2021-08-31,908128,908128,0,0,0,0,0,APPLIED
CA-000240,AR,ST-000240,OI-000240,2021-08-31,904048,904048,0,0,0,0,0,APPLIED
CA-000241,AR,ST-000241,OI-000241,2021-08-15,893412,893412,0,0,0,0,0,APPLIED
CA-000242,AR,ST-000242,OI-000242,2021-08-25,1108544,1108544,0,0,0,0,0,APPLIED
CA-000243,AR,ST-000243,OI-000243,2021-08-15,746892,746892,0,0,0,0,0,APPLIED
CA-000244,AR,ST-000244,OI-000244,2021-08-15,746304,746304,0,0,0,0,0,APPLIED
CA-000245,AR,ST-000245,OI-000245,2021-08-31,372176,372176,0,0,0,0,0,APPLIED
CA-000246,AR,ST-000246,OI-000246,2021-08-20,603296,603296,0,0,0,0,0,APPLIED
CA-000247,AR,ST-000247,OI-000247,2021-08-31,10195015,0,10195015,0,0,0,0,APPLIED
CA-000248,AR,ST-000248,OI-000248,2021-08-15,1101380,1101380,0,0,0,0,0,APPLIED
CA-000249,AR,ST-000249,OI-000249,2021-08-10,1536704,1536704,0,0,0,0,0,APPLIED
CA-000250,AR,ST-000250,OI-000250,2021-08-10,1903676,0,0,1903676,0,0,0,APPLIED
CA-000251,AR,ST-000251,OI-000251,2021-08-31,1472424,1472424,0,0,0,0,0,APPLIED
CA-000252,AR,ST-000252,OI-000252,2021-08-31,2319041,2319041,0,0,0,0,0,APPLIED
CA-000253,AR,ST-000253,OI-000253,2021-08-31,1335240,1335240,0,0,0,0,0,APPLIED
CA-000254,AR,ST-000254,OI-000254,2021-08-10,804060,804060,0,0,0,0,0,APPLIED
CA-000255,AR,ST-000255,OI-000255,2021-08-15,1016210,1016210,0,0,0,0,0,APPLIED
CA-000256,AR,ST-000256,OI-000256,2021-08-20,504450,504450,0,0,0,0,0,APPLIED
CA-000257,AR,ST-000257,OI-000257,2021-08-05,915480,915480,0,0,0,0,0,APPLIED
CA-000258,AR,ST-000258,OI-000258,2021-08-25,859929,859929,0,0,0,0,0,APPLIED
CA-000259,AR,ST-000259,OI-000259,2021-08-31,602808,602808,0,0,0,0,0,APPLIED
CA-000260,AR,ST-000260,OI-000260,2021-08-25,2998818,2998818,0,0,0,0,0,APPLIED
CA-000261,AR,ST-000261,OI-000261,2021-08-05,763160,763160,0,0,0,0,0,APPLIED
CA-000262,AR,ST-000262,OI-000262,2021-08-05,799276,799276,0,0,0,0,0,APPLIED
CA-000263,AR,ST-000263,OI-000263,2021-08-10,5645572,0,5645572,0,0,0,0,APPLIED
CA-000264,AR,ST-000264,OI-000264,2021-08-31,404352,404352,0,0,0,0,0,APPLIED
CA-000265,AR,ST-000265,OI-000265,2021-08-20,1019738,1019738,0,0,0,0,0,APPLIED
CA-000266,AP,ST-000266,OI-000266,2021-08-15,5813524,5813524,0,0,0,0,0,APPLIED
CA-000267,AP,ST-000267,OI-000267,2021-08-31,77565,77565,0,0,0,0,0,APPLIED
CA-000268,AP,ST-000268,OI-000268,2021-08-31,616209,616209,0,0,0,0,0,APPLIED
CA-000269,AP,ST-000269,OI-000269,2021-08-31,116346,116346,0,0,0,0,0,APPLIED
CA-000270,AP,ST-000270,OI-000270,2021-08-31,349042,349042,0,0,0,0,0,APPLIED
CA-000271,AP,ST-000271,OI-000271,2021-08-31,137893,137893,0,0,0,0,0,APPLIED
CA-000272,AP,ST-000272,OI-000272,2021-08-10,3136658,0,3136658,0,0,0,0,APPLIED
CA-000273,AP,ST-000273,OI-000273,2021-08-20,888656,888656,0,0,0,0,0,APPLIED
CA-000274,AP,ST-000274,OI-000274,2021-08-31,3702978,0,3702978,0,0,0,0,APPLIED
CA-000275,AP,ST-000275,OI-000275,2021-08-20,3482789,3482789,0,0,0,0,0,APPLIED
CA-000276,AP,ST-000276,OI-000276,2021-08-31,3490290,3490290,0,0,0,0,0,APPLIED
CA-000277,AP,ST-000277,OI-000277,2021-08-10,49392,49392,0,0,0,0,0,APPLIED
CA-000278,AP,ST-000278,OI-000278,2021-08-31,222264,222264,0,0,0,0,0,APPLIED
CA-000279,AP,ST-000279,OI-000279,2021-08-31,24696,24696,0,0,0,0,0,APPLIED
CA-000280,AP,ST-000280,OI-000280,2021-08-31,44452,44452,0,0,0,0,0,APPLIED
CA-000281,AP,ST-000281,OI-000281,2021-08-31,49392,49392,0,0,0,0,0,APPLIED
CA-000282,AP,ST-000282,OI-000282,2021-08-31,1712425,0,1712425,0,0,0,0,APPLIED
CA-000283,AP,ST-000283,OI-000283,2021-08-31,3040340,0,3040340,0,0,0,0,APPLIED
CA-000284,AP,ST-000284,OI-000284,2021-08-20,4187544,4187544,0,0,0,0,0,APPLIED
CA-000285,AP,ST-000285,OI-000285,2021-08-31,316537,316537,0,0,0,0,0,APPLIED
CA-000286,AP,ST-000286,OI-000286,2021-08-31,1224976,1224976,0,0,0,0,0,APPLIED
CA-000287,AP,ST-000287,OI-000287,2021-08-31,2864586,2864586,0,0,0,0,0,APPLIED
CA-000288,AP,ST-000288,OI-000288,2021-08-31,1109128,1109128,0,0,0,0,0,APPLIED
CA-000289,AR,ST-000289,OI-000289,2021-09-12,1369532,0,0,0,0,0,1369532,APPLIED
CA-000290,AR,ST-000290,OI-000290,2021-09-25,16459173,0,16459173,0,0,0,0,APPLIED
CA-000291,AR,ST-000291,OI-000291,2021-09-30,588672,588672,0,0,0,0,0,APPLIED
CA-000292,AR,ST-000292,OI-000292,2021-09-30,1186200,1186200,0,0,0,0,0,APPLIED
CA-000293,AR,ST-000293,OI-000293,2021-09-30,1299624,1299624,0,0,0,0,0,APPLIED
CA-000294,AR,ST-000294,OI-000294,2021-09-15,911211,911211,0,0,0,0,0,APPLIED
CA-000295,AR,ST-000295,OI-000295,2021-09-25,925880,925880,0,0,0,0,0,APPLIED
CA-000296,AR,ST-000296,OI-000296,2021-09-15,560430,560430,0,0,0,0,0,APPLIED
CA-000297,AR,ST-000297,OI-000297,2021-09-15,1013480,1013480,0,0,0,0,0,APPLIED
CA-000298,AR,ST-000298,OI-000298,2021-09-30,305388,305388,0,0,0,0,0,APPLIED
CA-000299,AR,ST-000299,OI-000299,2021-09-20,366976,366976,0,0,0,0,0,APPLIED
CA-000300,AR,ST-000300,OI-000300,2021-09-30,9706318,0,9706318,0,0,0,0,APPLIED
CA-000301,AR,ST-000301,OI-000301,2021-09-15,862193,862193,0,0,0,0,0,APPLIED
CA-000302,AR,ST-000302,OI-000302,2021-09-10,1052584,1052584,0,0,0,0,0,APPLIED
CA-000303,AR,ST-000303,OI-000303,2021-09-10,1678938,0,0,1678938,0,0,0,APPLIED
CA-000304,AR,ST-000304,OI-000304,2021-09-30,928386,928386,0,0,0,0,0,APPLIED
CA-000305,AR,ST-000305,OI-000305,2021-09-30,2487704,2487704,0,0,0,0,0,APPLIED
CA-000306,AR,ST-000306,OI-000306,2021-09-30,943160,943160,0,0,0,0,0,APPLIED
CA-000307,AR,ST-000307,OI-000307,2021-09-10,378495,378495,0,0,0,0,0,APPLIED
CA-000308,AR,ST-000308,OI-000308,2021-09-15,942360,942360,0,0,0,0,0,APPLIED
CA-000309,AR,ST-000309,OI-000309,2021-09-20,610974,610974,0,0,0,0,0,APPLIED
CA-000310,AR,ST-000310,OI-000310,2021-09-05,1402208,1402208,0,0,0,0,0,APPLIED
CA-000311,AR,ST-000311,OI-000311,2021-09-25,1135138,1135138,0,0,0,0,0,APPLIED
CA-000312,AR,ST-000312,OI-000312,2021-09-30,376504,376504,0,0,0,0,0,APPLIED
CA-000313,AR,ST-000313,OI-000313,2021-09-25,4665496,4665496,0,0,0,0,0,APPLIED
CA-000314,AR,ST-000314,OI-000314,2021-09-05,1056864,1056864,0,0,0,0,0,APPLIED
CA-000315,AR,ST-000315,OI-000315,2021-09-05,1184900,1184900,0,0,0,0,0,APPLIED
CA-000316,AR,ST-000316,OI-000316,2021-09-10,6131174,0,6131174,0,0,0,0,APPLIED
CA-000317,AR,ST-000317,OI-000317,2021-09-30,963720,963720,0,0,0,0,0,APPLIED
CA-000318,AR,ST-000318,OI-000318,2021-09-20,1740812,1740812,0,0,0,0,0,APPLIED
CA-000319,AP,ST-000319,OI-000319,2021-09-15,6120204,6120204,0,0,0,0,0,APPLIED
CA-000320,AP,ST-000320,OI-000320,2021-09-30,176676,176676,0,0,0,0,0,APPLIED
CA-000321,AP,ST-000321,OI-000321,2021-09-30,650681,650681,0,0,0,0,0,APPLIED
CA-000322,AP,ST-000322,OI-000322,2021-09-30,77565,77565,0,0,0,0,0,APPLIED
CA-000323,AP,ST-000323,OI-000323,2021-09-30,215458,215458,0,0,0,0,0,APPLIED
CA-000324,AP,ST-000324,OI-000324,2021-09-30,198221,198221,0,0,0,0,0,APPLIED
CA-000325,AP,ST-000325,OI-000325,2021-09-10,3216642,0,3216642,0,0,0,0,APPLIED
CA-000326,AP,ST-000326,OI-000326,2021-09-20,929328,929328,0,0,0,0,0,APPLIED
CA-000327,AP,ST-000327,OI-000327,2021-09-30,3841014,0,3841014,0,0,0,0,APPLIED
CA-000328,AP,ST-000328,OI-000328,2021-09-20,3600809,3600809,0,0,0,0,0,APPLIED
CA-000329,AP,ST-000329,OI-000329,2021-09-30,3639444,3639444,0,0,0,0,0,APPLIED
CA-000330,AP,ST-000330,OI-000330,2021-09-10,49392,49392,0,0,0,0,0,APPLIED
CA-000331,AP,ST-000331,OI-000331,2021-09-30,167932,167932,0,0,0,0,0,APPLIED
CA-000332,AP,ST-000332,OI-000332,2021-09-30,24696,24696,0,0,0,0,0,APPLIED
CA-000333,AP,ST-000333,OI-000333,2021-09-30,148176,148176,0,0,0,0,0,APPLIED
CA-000334,AP,ST-000334,OI-000334,2021-09-30,24696,24696,0,0,0,0,0,APPLIED
CA-000335,AP,ST-000335,OI-000335,2021-09-30,1819272,0,1819272,0,0,0,0,APPLIED
CA-000336,AP,ST-000336,OI-000336,2021-09-30,3148603,0,3148603,0,0,0,0,APPLIED
CA-000337,AP,ST-000337,OI-000337,2021-09-20,4398969,4398969,0,0,0,0,0,APPLIED
CA-000338,AP,ST-000338,OI-000338,2021-09-30,336571,336571,0,0,0,0,0,APPLIED
CA-000339,AP,ST-000339,OI-000339,2021-09-30,1317476,1317476,0,0,0,0,0,APPLIED
CA-000340,AP,ST-000340,OI-000340,2021-09-30,2953512,2953512,0,0,0,0,0,APPLIED
CA-000341,AP,ST-000341,OI-000341,2021-09-30,1159628,1159628,0,0,0,0,0,APPLIED
CA-000342,AR,ST-000342,OI-000342,2021-10-15,1096420,1096420,0,0,0,0,0,APPLIED
CA-000343,AR,ST-000343,OI-000343,2021-10-25,13866393,0,13866393,0,0,0,0,APPLIED
CA-000344,AR,ST-000344,OI-000344,2021-10-31,558315,558315,0,0,0,0,0,APPLIED
CA-000345,AR,ST-000345,OI-000345,2021-10-31,698808,698808,0,0,0,0,0,APPLIED
CA-000346,AR,ST-000346,OI-000346,2021-10-31,971864,971864,0,0,0,0,0,APPLIED
CA-000347,AR,ST-000347,OI-000347,2021-10-15,1018045,1018045,0,0,0,0,0,APPLIED
CA-000348,AR,ST-000348,OI-000348,2021-10-25,1120992,1120992,0,0,0,0,0,APPLIED
CA-000349,AR,ST-000349,OI-000349,2021-10-15,710064,710064,0,0,0,0,0,APPLIED
CA-000350,AR,ST-000350,OI-000350,2021-10-15,673120,673120,0,0,0,0,0,APPLIED
CA-000351,AR,ST-000351,OI-000351,2021-10-31,666376,666376,0,0,0,0,0,APPLIED
CA-000352,AR,ST-000352,OI-000352,2021-10-20,692628,692628,0,0,0,0,0,APPLIED
CA-000353,AR,ST-000353,OI-000353,2021-10-31,10599606,0,10599606,0,0,0,0,APPLIED
CA-000354,AR,ST-000354,OI-000354,2021-10-15,1088296,1088296,0,0,0,0,0,APPLIED
CA-000355,AR,ST-000355,OI-000355,2021-10-10,1577184,1577184,0,0,0,0,0,APPLIED
CA-000356,AR,ST-000356,OI-000356,2021-10-10,2070096,0,0,2070096,0,0,0,APPLIED
CA-000357,AR,ST-000357,OI-000357,2021-10-31,1108960,1108960,0,0,0,0,0,APPLIED
CA-000358,AR,ST-000358,OI-000358,2021-10-31,2583057,2583057,0,0,0,0,0,APPLIED
CA-000359,AR,ST-000359,OI-000359,2021-10-31,747840,747840,0,0,0,0,0,APPLIED
CA-000360,AR,ST-000360,OI-000360,2021-10-10,5817092,5817092,0,0,0,0,0,APPLIED
CA-000361,AR,ST-000361,OI-000361,2021-10-15,1128590,1128590,0,0,0,0,0,APPLIED
CA-000362,AR,ST-000362,OI-000362,2021-10-20,2661680,2661680,0,0,0,0,0,APPLIED
CA-000363,AR,ST-000363,OI-000363,2021-10-05,746944,746944,0,0,0,0,0,APPLIED
CA-000364,AR,ST-000364,OI-000364,2021-10-25,659000,659000,0,0,0,0,0,APPLIED
CA-000365,AR,ST-000365,OI-000365,2021-10-31,544580,544580,0,0,0,0,0,APPLIED
CA-000366,AR,ST-000366,OI-000366,2021-10-25,3658726,3658726,0,0,0,0,0,APPLIED
CA-000367,AR,ST-000367,OI-000367,2021-10-05,919640,919640,0,0,0,0,0,APPLIED
CA-000368,AR,ST-000368,OI-000368,2021-10-05,1695610,1695610,0,0,0,0,0,APPLIED
CA-000369,AR,ST-000369,OI-000369,2021-10-10,6477499,0,6477499,0,0,0,0,APPLIED
CA-000370,AR,ST-000370,OI-000370,2021-10-31,554400,554400,0,0,0,0,0,APPLIED
CA-000371,AR,ST-000371,OI-000371,2021-10-20,914454,914454,0,0,0,0,0,APPLIED
CA-000372,AP,ST-000372,OI-000372,2021-10-15,6139436,6139436,0,0,0,0,0,APPLIED
CA-000373,AP,ST-000373,OI-000373,2021-10-31,90491,90491,0,0,0,0,0,APPLIED
CA-000374,AP,ST-000374,OI-000374,2021-10-31,818740,818740,0,0,0,0,0,APPLIED
CA-000375,AP,ST-000375,OI-000375,2021-10-31,271477,271477,0,0,0,0,0,APPLIED
CA-000376,AP,ST-000376,OI-000376,2021-10-31,77565,77565,0,0,0,0,0,APPLIED
CA-000377,AP,ST-000377,OI-000377,2021-10-31,60328,60328,0,0,0,0,0,APPLIED
CA-000378,AP,ST-000378,OI-000378,2021-10-10,3251165,0,3251165,0,0,0,0,APPLIED
CA-000379,AP,ST-000379,OI-000379,2021-10-20,944145,944145,0,0,0,0,0,APPLIED
CA-000380,AP,ST-000380,OI-000380,2021-10-31,3841014,0,3841014,0,0,0,0,APPLIED
CA-000381,AP,ST-000381,OI-000381,2021-10-20,3600809,3600809,0,0,0,0,0,APPLIED
CA-000382,AP,ST-000382,OI-000382,2021-10-31,3639444,3639444,0,0,0,0,0,APPLIED
CA-000383,AP,ST-000383,OI-000383,2021-10-10,74088,74088,0,0,0,0,0,APPLIED
CA-000384,AP,ST-000384,OI-000384,2021-10-31,148176,148176,0,0,0,0,0,APPLIED
CA-000385,AP,ST-000385,OI-000385,2021-10-31,44452,44452,0,0,0,0,0,APPLIED
CA-000386,AP,ST-000386,OI-000386,2021-10-31,123480,123480,0,0,0,0,0,APPLIED
CA-000387,AP,ST-000387,OI-000387,2021-10-31,1819272,0,1819272,0,0,0,0,APPLIED
CA-000388,AP,ST-000388,OI-000388,2021-10-31,3148603,0,3148603,0,0,0,0,APPLIED
CA-000389,AP,ST-000389,OI-000389,2021-10-20,4398969,4398969,0,0,0,0,0,APPLIED
CA-000390,AP,ST-000390,OI-000390,2021-10-31,336571,336571,0,0,0,0,0,APPLIED
CA-000391,AP,ST-000391,OI-000391,2021-10-31,1317476,1317476,0,0,0,0,0,APPLIED
CA-000392,AP,ST-000392,OI-000392,2021-10-31,2953512,2953512,0,0,0,0,0,APPLIED
CA-000393,AP,ST-000393,OI-000393,2021-10-31,1178376,1178376,0,0,0,0,0,APPLIED
CA-000394,AR,ST-000394,OI-000394,2021-11-15,1370644,1370644,0,0,0,0,0,APPLIED
CA-000395,AR,ST-000395,OI-000395,2021-11-25,16028828,0,16028828,0,0,0,0,APPLIED
CA-000396,AR,ST-000396,OI-000396,2021-11-30,282780,282780,0,0,0,0,0,APPLIED
CA-000397,AR,ST-000397,OI-000397,2021-11-30,703968,703968,0,0,0,0,0,APPLIED
CA-000398,AR,ST-000398,OI-000398,2021-11-30,1129600,1129600,0,0,0,0,0,APPLIED
CA-000399,AR,ST-000399,OI-000399,2021-11-15,1023876,1023876,0,0,0,0,0,APPLIED
CA-000400,AR,ST-000400,OI-000400,2021-11-25,1209600,1209600,0,0,0,0,0,APPLIED
CA-000401,AR,ST-000401,OI-000401,2021-11-15,988155,988155,0,0,0,0,0,APPLIED
CA-000402,AR,ST-000402,OI-000402,2021-11-15,1104280,1104280,0,0,0,0,0,APPLIED
CA-000403,AR,ST-000403,OI-000403,2021-11-30,342468,342468,0,0,0,0,0,APPLIED
CA-000404,AR,ST-000404,OI-000404,2021-11-20,311649,311649,0,0,0,0,0,APPLIED
CA-000405,AR,ST-000405,OI-000405,2021-11-30,9607109,0,9607109,0,0,0,0,APPLIED
CA-000406,AR,ST-000406,OI-000406,2021-11-15,652365,652365,0,0,0,0,0,APPLIED
CA-000407,AR,ST-000407,OI-000407,2021-11-10,1121960,1121960,0,0,0,0,0,APPLIED
CA-000408,AR,ST-000408,OI-000408,2021-11-10,1733186,0,0,1733186,0,0,0,APPLIED
CA-000409,AR,ST-000409,OI-000409,2021-11-30,1356786,1356786,0,0,0,0,0,APPLIED
CA-000410,AR,ST-000410,OI-000410,2021-11-30,2538474,2538474,0,0,0,0,0,APPLIED
CA-000411,AR,ST-000411,OI-000411,2021-11-30,964280,964280,0,0,0,0,0,APPLIED
CA-000412,AR,ST-000412,OI-000412,2021-11-10,853605,853605,0,0,0,0,0,APPLIED
CA-000413,AR,ST-000413,OI-000413,2021-11-15,754274,754274,0,0,0,0,0,APPLIED
CA-000414,AR,ST-000414,OI-000414,2021-11-20,438255,438255,0,0,0,0,0,APPLIED
CA-000415,AR,ST-000415,OI-000415,2021-11-05,570784,570784,0,0,0,0,0,APPLIED
CA-000416,AR,ST-000416,OI-000416,2021-11-25,542236,542236,0,0,0,0,0,APPLIED
CA-000417,AR,ST-000417,OI-000417,2021-11-30,670364,670364,0,0,0,0,0,APPLIED
CA-000418,AR,ST-000418,OI-000418,2021-11-25,4531280,4531280,0,0,0,0,0,APPLIED
CA-000419,AR,ST-000419,OI-000419,2021-11-05,695408,695408,0,0,0,0,0,APPLIED
CA-000420,AR,ST-000420,OI-000420,2021-11-05,893184,893184,0,0,0,0,0,APPLIED
CA-000421,AR,ST-000421,OI-000421,2021-11-10,5964649,0,5964649,0,0,0,0,APPLIED
CA-000422,AR,ST-000422,OI-000422,2021-11-30,496980,496980,0,0,0,0,0,APPLIED
CA-000423,AR,ST-000423,OI-000423,2021-11-20,1044756,1044756,0,0,0,0,0,APPLIED
CA-000424,AP,ST-000424,OI-000424,2021-11-15,5934799,5934799,0,0,0,0,0,APPLIED
CA-000425,AP,ST-000425,OI-000425,2021-11-30,232695,232695,0,0,0,0,0,APPLIED
CA-000426,AP,ST-000426,OI-000426,2021-11-30,392134,392134,0,0,0,0,0,APPLIED
CA-000427,AP,ST-000427,OI-000427,2021-11-30,116347,116347,0,0,0,0,0,APPLIED
CA-000428,AP,ST-000428,OI-000428,2021-11-30,405060,405060,0,0,0,0,0,APPLIED
CA-000429,AP,ST-000429,OI-000429,2021-11-30,94801,94801,0,0,0,0,0,APPLIED
CA-000430,AP,ST-000430,OI-000430,2021-11-10,3153847,0,3153847,0,0,0,0,APPLIED
CA-000431,AP,ST-000431,OI-000431,2021-11-20,944145,944145,0,0,0,0,0,APPLIED
CA-000432,AP,ST-000432,OI-000432,2021-11-30,3730512,0,3730512,0,0,0,0,APPLIED
CA-000433,AP,ST-000433,OI-000433,2021-11-20,3484984,3484984,0,0,0,0,0,APPLIED
CA-000434,AP,ST-000434,OI-000434,2021-11-30,3447035,3447035,0,0,0,0,0,APPLIED
CA-000435,AP,ST-000435,OI-000435,2021-11-10,316108,316108,0,0,0,0,0,APPLIED
CA-000436,AP,ST-000436,OI-000436,2021-11-30,74088,74088,0,0,0,0,0,APPLIED
CA-000437,AP,ST-000437,OI-000437,2021-11-30,24696,24696,0,0,0,0,0,APPLIED
CA-000438,AP,ST-000438,OI-000438,2021-11-30,1819272,0,1819272,0,0,0,0,APPLIED
CA-000439,AP,ST-000439,OI-000439,2021-11-30,3051222,0,3051222,0,0,0,0,APPLIED
CA-000440,AP,ST-000440,OI-000440,2021-11-20,4284585,4284585,0,0,0,0,0,APPLIED
CA-000441,AP,ST-000441,OI-000441,2021-11-30,316537,316537,0,0,0,0,0,APPLIED
CA-000442,AP,ST-000442,OI-000442,2021-11-30,1317476,1317476,0,0,0,0,0,APPLIED
CA-000443,AP,ST-000443,OI-000443,2021-11-30,2868702,2868702,0,0,0,0,0,APPLIED
CA-000444,AP,ST-000444,OI-000444,2021-11-30,1178376,1178376,0,0,0,0,0,APPLIED
CA-000445,AR,ST-000445,OI-000445,2021-12-15,1023604,1023604,0,0,0,0,0,APPLIED
CA-000446,AR,ST-000446,OI-000446,2021-12-25,14382264,0,14382264,0,0,0,0,APPLIED
CA-000447,AR,ST-000447,OI-000447,2021-12-31,509535,509535,0,0,0,0,0,APPLIED
CA-000448,AR,ST-000448,OI-000448,2021-12-31,1087224,1087224,0,0,0,0,0,APPLIED
CA-000449,AR,ST-000449,OI-000449,2021-12-31,1281568,1281568,0,0,0,0,0,APPLIED
CA-000450,AR,ST-000450,OI-000450,2021-12-15,1269677,1269677,0,0,0,0,0,APPLIED
CA-000451,AR,ST-000451,OI-000451,2021-12-25,1134104,1134104,0,0,0,0,0,APPLIED
CA-000452,AR,ST-000452,OI-000452,2021-12-15,398115,398115,0,0,0,0,0,APPLIED
CA-000453,AR,ST-000453,OI-000453,2021-12-15,798840,798840,0,0,0,0,0,APPLIED
CA-000454,AR,ST-000454,OI-000454,2021-12-31,203996,203996,0,0,0,0,0,APPLIED
CA-000455,AR,ST-000455,OI-000455,2021-12-20,543350,543350,0,0,0,0,0,APPLIED
CA-000456,AR,ST-000456,OI-000456,2021-12-31,10808171,0,10808171,0,0,0,0,APPLIED
CA-000457,AR,ST-000457,OI-000457,2021-12-15,730040,730040,0,0,0,0,0,APPLIED
CA-000458,AR,ST-000458,OI-000458,2021-12-10,1444608,1444608,0,0,0,0,0,APPLIED
CA-000459,AR,ST-000459,OI-000459,2021-12-10,1675244,0,0,1675244,0,0,0,APPLIED
CA-000460,AR,ST-000460,OI-000460,2021-12-31,1680864,1680864,0,0,0,0,0,APPLIED
CA-000461,AR,ST-000461,OI-000461,2021-12-31,2247210,2247210,0,0,0,0,0,APPLIED
CA-000462,AR,ST-000462,OI-000462,2021-12-31,777184,777184,0,0,0,0,0,APPLIED
CA-000463,AR,ST-000463,OI-000463,2021-12-10,590832,590832,0,0,0,0,0,APPLIED
CA-000464,AR,ST-000464,OI-000464,2021-12-15,1254356,1254356,0,0,0,0,0,APPLIED
CA-000465,AR,ST-000465,OI-000465,2021-12-20,475740,475740,0,0,0,0,0,APPLIED
CA-000466,AR,ST-000466,OI-000466,2021-12-05,923680,923680,0,0,0,0,0,APPLIED
CA-000467,AR,ST-000467,OI-000467,2021-12-25,482504,482504,0,0,0,0,0,APPLIED
CA-000468,AR,ST-000468,OI-000468,2021-12-31,497872,497872,0,0,0,0,0,APPLIED
CA-000469,AR,ST-000469,OI-000469,2021-12-25,4489738,4489738,0,0,0,0,0,APPLIED
CA-000470,AR,ST-000470,OI-000470,2021-12-05,1018824,1018824,0,0,0,0,0,APPLIED
CA-000471,AR,ST-000471,OI-000471,2021-12-05,814613,814613,0,0,0,0,0,APPLIED
CA-000472,AR,ST-000472,OI-000472,2021-12-10,6921367,0,6921367,0,0,0,0,APPLIED
CA-000473,AR,ST-000473,OI-000473,2021-12-31,708660,708660,0,0,0,0,0,APPLIED
CA-000474,AR,ST-000474,OI-000474,2021-12-20,1390498,1390498,0,0,0,0,0,APPLIED
CA-000475,AP,ST-000475,OI-000475,2021-12-15,6139437,6139437,0,0,0,0,0,APPLIED
CA-000476,AP,ST-000476,OI-000476,2021-12-31,119070,119070,0,0,0,0,0,APPLIED
CA-000477,AP,ST-000477,OI-000477,2021-12-31,912870,912870,0,0,0,0,0,APPLIED
CA-000478,AP,ST-000478,OI-000478,2021-12-31,158760,158760,0,0,0,0,0,APPLIED
CA-000479,AP,ST-000479,OI-000479,2021-12-31,79380,79380,0,0,0,0,0,APPLIED
CA-000480,AP,ST-000480,OI-000480,2021-12-31,79380,79380,0,0,0,0,0,APPLIED
CA-000481,AP,ST-000481,OI-000481,2021-12-10,3323313,0,3323313,0,0,0,0,APPLIED
CA-000482,AP,ST-000482,OI-000482,2021-12-20,964740,964740,0,0,0,0,0,APPLIED
CA-000483,AP,ST-000483,OI-000483,2021-12-31,3923430,0,3923430,0,0,0,0,APPLIED
CA-000484,AP,ST-000484,OI-000484,2021-12-20,3677354,3677354,0,0,0,0,0,APPLIED
CA-000485,AP,ST-000485,OI-000485,2021-12-31,3715740,3715740,0,0,0,0,0,APPLIED
CA-000486,AP,ST-000486,OI-000486,2021-12-10,50400,50400,0,0,0,0,0,APPLIED
CA-000487,AP,ST-000487,OI-000487,2021-12-31,226800,226800,0,0,0,0,0,APPLIED
CA-000488,AP,ST-000488,OI-000488,2021-12-31,126000,126000,0,0,0,0,0,APPLIED
CA-000489,AP,ST-000489,OI-000489,2021-12-31,20160,20160,0,0,0,0,0,APPLIED
CA-000490,AP,ST-000490,OI-000490,2021-12-31,1859340,0,1859340,0,0,0,0,APPLIED
CA-000491,AP,ST-000491,OI-000491,2021-12-31,3215415,0,3215415,0,0,0,0,APPLIED
CA-000492,AP,ST-000492,OI-000492,2021-12-20,4492889,4492889,0,0,0,0,0,APPLIED
CA-000493,AP,ST-000493,OI-000493,2021-12-31,343980,343980,0,0,0,0,0,APPLIED
CA-000494,AP,ST-000494,OI-000494,2021-12-31,1345680,1345680,0,0,0,0,0,APPLIED
CA-000495,AP,ST-000495,OI-000495,2021-12-31,3016650,3016650,0,0,0,0,0,APPLIED
CA-000496,AP,ST-000496,OI-000496,2021-12-31,1204980,1204980,0,0,0,0,0,APPLIED
CA-000497,AR,ST-000497,OI-000497,2022-01-15,1615320,1615320,0,0,0,0,0,APPLIED
CA-000498,AR,ST-000498,OI-000498,2022-01-25,17254140,0,17254140,0,0,0,0,APPLIED
CA-000499,AR,ST-000499,OI-000499,2022-01-31,1074280,1074280,0,0,0,0,0,APPLIED
CA-000500,AR,ST-000500,OI-000500,2022-01-31,1300832,1300832,0,0,0,0,0,APPLIED
CA-000501,AR,ST-000501,OI-000501,2022-01-31,2041948,2041948,0,0,0,0,0,APPLIED
CA-000502,AR,ST-000502,OI-000502,2022-01-15,2099052,2099052,0,0,0,0,0,APPLIED
CA-000503,AR,ST-000503,OI-000503,2022-01-25,1748532,1748532,0,0,0,0,0,APPLIED
CA-000504,AR,ST-000504,OI-000504,2022-01-15,1448504,1448504,0,0,0,0,0,APPLIED
CA-000505,AR,ST-000505,OI-000505,2022-01-15,1303424,1303424,0,0,0,0,0,APPLIED
CA-000506,AR,ST-000506,OI-000506,2022-01-31,320480,320480,0,0,0,0,0,APPLIED
CA-000507,AR,ST-000507,OI-000507,2022-01-20,1158996,1158996,0,0,0,0,0,APPLIED
CA-000508,AR,ST-000508,OI-000508,2022-01-31,10629137,0,10629137,0,0,0,0,APPLIED
CA-000509,AR,ST-000509,OI-000509,2022-01-15,1108516,1108516,0,0,0,0,0,APPLIED
CA-000510,AR,ST-000510,OI-000510,2022-01-10,1398520,1398520,0,0,0,0,0,APPLIED
CA-000511,AR,ST-000511,OI-000511,2022-01-10,2167946,0,0,2167946,0,0,0,APPLIED
CA-000512,AR,ST-000512,OI-000512,2022-01-31,1446278,1446278,0,0,0,0,0,APPLIED
CA-000513,AR,ST-000513,OI-000513,2022-01-31,2901037,2901037,0,0,0,0,0,APPLIED
CA-000514,AR,ST-000514,OI-000514,2022-01-31,682664,682664,0,0,0,0,0,APPLIED
CA-000515,AR,ST-000515,OI-000515,2022-01-10,727515,727515,0,0,0,0,0,APPLIED
CA-000516,AR,ST-000516,OI-000516,2022-01-15,1210614,1210614,0,0,0,0,0,APPLIED
CA-000517,AR,ST-000517,OI-000517,2022-01-20,571347,571347,0,0,0,0,0,APPLIED
CA-000518,AR,ST-000518,OI-000518,2022-01-05,986824,986824,0,0,0,0,0,APPLIED
CA-000519,AR,ST-000519,OI-000519,2022-01-25,835689,835689,0,0,0,0,0,APPLIED
CA-000520,AR,ST-000520,OI-000520,2022-01-31,459212,459212,0,0,0,0,0,APPLIED
CA-000521,AR,ST-000521,OI-000521,2022-01-25,4567306,4567306,0,0,0,0,0,APPLIED
CA-000522,AR,ST-000522,OI-000522,2022-01-05,778520,778520,0,0,0,0,0,APPLIED
CA-000523,AR,ST-000523,OI-000523,2022-01-05,1176124,1176124,0,0,0,0,0,APPLIED
CA-000524,AR,ST-000524,OI-000524,2022-01-10,6004022,0,6004022,0,0,0,0,APPLIED
CA-000525,AR,ST-000525,OI-000525,2022-01-31,488898,488898,0,0,0,0,0,APPLIED
CA-000526,AR,ST-000526,OI-000526,2022-01-20,1327677,1327677,0,0,0,0,0,APPLIED
CA-000527,AP,ST-000527,OI-000527,2022-01-15,7285614,7285614,0,0,0,0,0,APPLIED
CA-000528,AP,ST-000528,OI-000528,2022-01-31,183908,183908,0,0,0,0,0,APPLIED
CA-000529,AP,ST-000529,OI-000529,2022-01-31,322960,322960,0,0,0,0,0,APPLIED
CA-000530,AP,ST-000530,OI-000530,2022-01-31,103168,103168,0,0,0,0,0,APPLIED
CA-000531,AP,ST-000531,OI-000531,2022-01-31,502382,502382,0,0,0,0,0,APPLIED
CA-000532,AP,ST-000532,OI-000532,2022-01-31,202050,202050,0,0,0,0,0,APPLIED
CA-000533,AP,ST-000533,OI-000533,2022-01-10,4077586,0,4077586,0,0,0,0,APPLIED
CA-000534,AP,ST-000534,OI-000534,2022-01-20,1155555,1155555,0,0,0,0,0,APPLIED
CA-000535,AP,ST-000535,OI-000535,2022-01-31,4897778,0,4897778,0,0,0,0,APPLIED
CA-000536,AP,ST-000536,OI-000536,2022-01-20,4043244,4043244,0,0,0,0,0,APPLIED
CA-000537,AP,ST-000537,OI-000537,2022-01-31,4597303,4597303,0,0,0,0,0,APPLIED
CA-000538,AP,ST-000538,OI-000538,2022-01-10,25704,25704,0,0,0,0,0,APPLIED
CA-000539,AP,ST-000539,OI-000539,2022-01-31,179928,179928,0,0,0,0,0,APPLIED
CA-000540,AP,ST-000540,OI-000540,2022-01-31,51408,51408,0,0,0,0,0,APPLIED
CA-000541,AP,ST-000541,OI-000541,2022-01-31,102816,102816,0,0,0,0,0,APPLIED
CA-000542,AP,ST-000542,OI-000542,2022-01-31,46267,46267,0,0,0,0,0,APPLIED
CA-000543,AP,ST-000543,OI-000543,2022-01-31,2224739,0,2224739,0,0,0,0,APPLIED
CA-000544,AP,ST-000544,OI-000544,2022-01-31,3791833,0,3791833,0,0,0,0,APPLIED
CA-000545,AP,ST-000545,OI-000545,2022-01-20,5286009,0,5286009,0,0,0,0,APPLIED
CA-000546,AP,ST-000546,OI-000546,2022-01-31,433742,433742,0,0,0,0,0,APPLIED
CA-000547,AP,ST-000547,OI-000547,2022-01-31,1802651,1802651,0,0,0,0,0,APPLIED
CA-000548,AP,ST-000548,OI-000548,2022-01-31,3875434,3875434,0,0,0,0,0,APPLIED
CA-000549,AP,ST-000549,OI-000549,2022-01-31,1543059,1543059,0,0,0,0,0,APPLIED
CA-000550,AR,ST-000550,OI-000550,2022-02-15,1949895,1949895,0,0,0,0,0,APPLIED
CA-000551,AR,ST-000551,OI-000551,2022-02-25,20467436,0,20467436,0,0,0,0,APPLIED
CA-000552,AR,ST-000552,OI-000552,2022-02-28,12141144,12141144,0,0,0,0,0,APPLIED
CA-000553,AR,ST-000553,OI-000553,2022-02-28,1435084,1435084,0,0,0,0,0,APPLIED
CA-000554,AR,ST-000554,OI-000554,2022-02-28,1585172,1585172,0,0,0,0,0,APPLIED
CA-000555,AR,ST-000555,OI-000555,2022-02-15,1852360,1852360,0,0,0,0,0,APPLIED
CA-000556,AR,ST-000556,OI-000556,2022-02-25,1478159,1478159,0,0,0,0,0,APPLIED
CA-000557,AR,ST-000557,OI-000557,2022-02-15,1218968,1218968,0,0,0,0,0,APPLIED
CA-000558,AR,ST-000558,OI-000558,2022-02-15,1347272,1347272,0,0,0,0,0,APPLIED
CA-000559,AR,ST-000559,OI-000559,2022-02-28,458172,458172,0,0,0,0,0,APPLIED
CA-000560,AR,ST-000560,OI-000560,2022-02-20,1182012,1182012,0,0,0,0,0,APPLIED
CA-000561,AR,ST-000561,OI-000561,2022-02-28,17510543,0,17510543,0,0,0,0,APPLIED
CA-000562,AR,ST-000562,OI-000562,2022-02-15,1632272,1632272,0,0,0,0,0,APPLIED
CA-000563,AR,ST-000563,OI-000563,2022-02-10,2823042,2823042,0,0,0,0,0,APPLIED
CA-000564,AR,ST-000564,OI-000564,2022-02-10,3452470,0,0,3452470,0,0,0,APPLIED
CA-000565,AR,ST-000565,OI-000565,2022-02-28,3544224,3544224,0,0,0,0,0,APPLIED
CA-000566,AR,ST-000566,OI-000566,2022-02-28,14867459,14867459,0,0,0,0,0,APPLIED
CA-000567,AR,ST-000567,OI-000567,2022-02-28,2089558,2089558,0,0,0,0,0,APPLIED
CA-000568,AR,ST-000568,OI-000568,2022-02-10,906784,906784,0,0,0,0,0,APPLIED
CA-000569,AR,ST-000569,OI-000569,2022-02-15,2361484,2361484,0,0,0,0,0,APPLIED
CA-000570,AR,ST-000570,OI-000570,2022-02-20,1839420,1839420,0,0,0,0,0,APPLIED
CA-000571,AR,ST-000571,OI-000571,2022-02-05,2036596,2036596,0,0,0,0,0,APPLIED
CA-000572,AR,ST-000572,OI-000572,2022-02-25,1420364,1420364,0,0,0,0,0,APPLIED
CA-000573,AR,ST-000573,OI-000573,2022-02-28,600724,600724,0,0,0,0,0,APPLIED
CA-000574,AR,ST-000574,OI-000574,2022-02-25,6207618,6207618,0,0,0,0,0,APPLIED
CA-000575,AR,ST-000575,OI-000575,2022-02-05,2366012,2366012,0,0,0,0,0,APPLIED
CA-000576,AR,ST-000576,OI-000576,2022-02-05,1655306,1655306,0,0,0,0,0,APPLIED
CA-000577,AR,ST-000577,OI-000577,2022-02-10,11930631,0,11930631,0,0,0,0,APPLIED
CA-000578,AR,ST-000578,OI-000578,2022-02-28,1633676,1633676,0,0,0,0,0,APPLIED
CA-000579,AR,ST-000579,OI-000579,2022-02-20,2107935,2107935,0,0,0,0,0,APPLIED
CA-000580,AP,ST-000580,OI-000580,2022-02-15,10823612,0,10823612,0,0,0,0,APPLIED
CA-000581,AP,ST-000581,OI-000581,2022-02-28,363331,363331,0,0,0,0,0,APPLIED
CA-000582,AP,ST-000582,OI-000582,2022-02-28,1085505,1085505,0,0,0,0,0,APPLIED
CA-000583,AP,ST-000583,OI-000583,2022-02-28,183908,183908,0,0,0,0,0,APPLIED
CA-000584,AP,ST-000584,OI-000584,2022-02-28,183908,183908,0,0,0,0,0,APPLIED
CA-000585,AP,ST-000585,OI-000585,2022-02-28,80740,80740,0,0,0,0,0,APPLIED
CA-000586,AP,ST-000586,OI-000586,2022-02-10,5031519,0,5031519,0,0,0,0,APPLIED
CA-000587,AP,ST-000587,OI-000587,2022-02-20,1503036,1503036,0,0,0,0,0,APPLIED
CA-000588,AP,ST-000588,OI-000588,2022-02-28,6301802,0,6301802,0,0,0,0,APPLIED
CA-000589,AP,ST-000589,OI-000589,2022-02-20,6893004,6893004,0,0,0,0,0,APPLIED
CA-000590,AP,ST-000590,OI-000590,2022-02-28,6922413,6922413,0,0,0,0,0,APPLIED
CA-000591,AP,ST-000591,OI-000591,2022-02-10,102816,102816,0,0,0,0,0,APPLIED
CA-000592,AP,ST-000592,OI-000592,2022-02-28,251899,251899,0,0,0,0,0,APPLIED
CA-000593,AP,ST-000593,OI-000593,2022-02-28,25704,25704,0,0,0,0,0,APPLIED
CA-000594,AP,ST-000594,OI-000594,2022-02-28,102816,102816,0,0,0,0,0,APPLIED
CA-000595,AP,ST-000595,OI-000595,2022-02-28,77112,77112,0,0,0,0,0,APPLIED
CA-000596,AP,ST-000596,OI-000596,2022-02-28,2897127,0,2897127,0,0,0,0,APPLIED
CA-000597,AP,ST-000597,OI-000597,2022-02-28,5798593,0,5798593,0,0,0,0,APPLIED
CA-000598,AP,ST-000598,OI-000598,2022-02-20,8378109,0,8378109,0,0,0,0,APPLIED
CA-000599,AP,ST-000599,OI-000599,2022-02-28,658954,658954,0,0,0,0,0,APPLIED
CA-000600,AP,ST-000600,OI-000600,2022-02-28,2069835,2069835,0,0,0,0,0,APPLIED
CA-000601,AP,ST-000601,OI-000601,2022-02-28,4570569,4570569,0,0,0,0,0,APPLIED
CA-000602,AP,ST-000602,OI-000602,2022-02-28,1840617,1840617,0,0,0,0,0,APPLIED
CA-000603,AR,ST-000603,OI-000603,2022-03-15,1438024,1438024,0,0,0,0,0,APPLIED
CA-000604,AR,ST-000604,OI-000604,2022-03-25,17480828,0,17480828,0,0,0,0,APPLIED
CA-000605,AR,ST-000605,OI-000605,2022-03-31,4318710,4318710,0,0,0,0,0,APPLIED
CA-000606,AR,ST-000606,OI-000606,2022-03-31,1025820,1025820,0,0,0,0,0,APPLIED
CA-000607,AR,ST-000607,OI-000607,2022-03-31,1625694,1625694,0,0,0,0,0,APPLIED
CA-000608,AR,ST-000608,OI-000608,2022-03-15,1298020,1298020,0,0,0,0,0,APPLIED
CA-000609,AR,ST-000609,OI-000609,2022-03-25,1734092,1734092,0,0,0,0,0,APPLIED
CA-000610,AR,ST-000610,OI-000610,2022-03-15,1241068,1241068,0,0,0,0,0,APPLIED
CA-000611,AR,ST-000611,OI-000611,2022-03-15,1668144,1668144,0,0,0,0,0,APPLIED
CA-000612,AR,ST-000612,OI-000612,2022-03-31,357664,357664,0,0,0,0,0,APPLIED
CA-000613,AR,ST-000613,OI-000613,2022-03-20,1325236,1325236,0,0,0,0,0,APPLIED
CA-000614,AR,ST-000614,OI-000614,2022-03-31,11583188,0,11583188,0,0,0,0,APPLIED
CA-000615,AR,ST-000615,OI-000615,2022-03-15,1280304,1280304,0,0,0,0,0,APPLIED
CA-000616,AR,ST-000616,OI-000616,2022-03-10,2366508,2366508,0,0,0,0,0,APPLIED
CA-000617,AR,ST-000617,OI-000617,2022-03-10,3579712,0,0,3579712,0,0,0,APPLIED
CA-000618,AR,ST-000618,OI-000618,2022-03-31,2765300,2765300,0,0,0,0,0,APPLIED
CA-000619,AR,ST-000619,OI-000619,2022-03-31,5786774,5786774,0,0,0,0,0,APPLIED
CA-000620,AR,ST-000620,OI-000620,2022-03-31,1431596,1431596,0,0,0,0,0,APPLIED
CA-000621,AR,ST-000621,OI-000621,2022-03-10,664590,664590,0,0,0,0,0,APPLIED
CA-000622,AR,ST-000622,OI-000622,2022-03-15,2217906,2217906,0,0,0,0,0,APPLIED
CA-000623,AR,ST-000623,OI-000623,2022-03-20,526938,526938,0,0,0,0,0,APPLIED
CA-000624,AR,ST-000624,OI-000624,2022-03-05,1508744,1508744,0,0,0,0,0,APPLIED
CA-000625,AR,ST-000625,OI-000625,2022-03-25,3999128,3999128,0,0,0,0,0,APPLIED
CA-000626,AR,ST-000626,OI-000626,2022-03-31,536040,536040,0,0,0,0,0,APPLIED
CA-000627,AR,ST-000627,OI-000627,2022-03-25,4782758,4782758,0,0,0,0,0,APPLIED
CA-000628,AR,ST-000628,OI-000628,2022-03-05,1442475,1442475,0,0,0,0,0,APPLIED
CA-000629,AR,ST-000629,OI-000629,2022-03-05,1918584,1918584,0,0,0,0,0,APPLIED
CA-000630,AR,ST-000630,OI-000630,2022-03-10,8918449,0,8918449,0,0,0,0,APPLIED
CA-000631,AR,ST-000631,OI-000631,2022-03-31,362450,362450,0,0,0,0,0,APPLIED
CA-000632,AR,ST-000632,OI-000632,2022-03-20,2291872,2291872,0,0,0,0,0,APPLIED
CA-000633,AP,ST-000633,OI-000633,2022-03-15,8427411,8427411,0,0,0,0,0,APPLIED
CA-000634,AP,ST-000634,OI-000634,2022-03-31,17942,17942,0,0,0,0,0,APPLIED
CA-000635,AP,ST-000635,OI-000635,2022-03-31,1072048,1072048,0,0,0,0,0,APPLIED
CA-000636,AP,ST-000636,OI-000636,2022-03-31,269134,269134,0,0,0,0,0,APPLIED
CA-000637,AP,ST-000637,OI-000637,2022-03-31,17942,17942,0,0,0,0,0,APPLIED
CA-000638,AP,ST-000638,OI-000638,2022-03-10,4775976,0,4775976,0,0,0,0,APPLIED
CA-000639,AP,ST-000639,OI-000639,2022-03-20,1466688,1466688,0,0,0,0,0,APPLIED
CA-000640,AP,ST-000640,OI-000640,2022-03-31,5649316,0,5649316,0,0,0,0,APPLIED
CA-000641,AP,ST-000641,OI-000641,2022-03-20,5017707,5017707,0,0,0,0,0,APPLIED
CA-000642,AP,ST-000642,OI-000642,2022-03-31,5256041,5256041,0,0,0,0,0,APPLIED
CA-000643,AP,ST-000643,OI-000643,2022-03-10,77112,77112,0,0,0,0,0,APPLIED
CA-000644,AP,ST-000644,OI-000644,2022-03-31,128520,128520,0,0,0,0,0,APPLIED
CA-000645,AP,ST-000645,OI-000645,2022-03-31,77112,77112,0,0,0,0,0,APPLIED
CA-000646,AP,ST-000646,OI-000646,2022-03-31,123379,123379,0,0,0,0,0,APPLIED
CA-000647,AP,ST-000647,OI-000647,2022-03-31,25704,25704,0,0,0,0,0,APPLIED
CA-000648,AP,ST-000648,OI-000648,2022-03-31,2620813,0,2620813,0,0,0,0,APPLIED
CA-000649,AP,ST-000649,OI-000649,2022-03-31,4760408,0,0,0,4760408,0,0,APPLIED
CA-000650,AP,ST-000650,OI-000650,2022-03-20,6049943,6049943,0,0,0,0,0,APPLIED
CA-000651,AP,ST-000651,OI-000651,2022-03-31,517154,517154,0,0,0,0,0,APPLIED
CA-000652,AP,ST-000652,OI-000652,2022-03-31,1909347,1909347,0,0,0,0,0,APPLIED
CA-000653,AP,ST-000653,OI-000653,2022-03-31,4344303,4344303,0,0,0,0,0,APPLIED
CA-000654,AP,ST-000654,OI-000654,2022-03-31,1692895,1692895,0,0,0,0,0,APPLIED
CA-000655,AR,ST-000655,OI-000655,2022-04-28,1608844,1608844,0,0,0,0,0,APPLIED
CA-000656,AR,ST-000656,OI-000656,2022-04-28,140000,140000,0,0,0,0,0,APPLIED
CA-000657,AR,ST-000657,OI-000657,2022-04-28,806985,806985,0,0,0,0,0,APPLIED
CA-000658,AR,ST-000658,OI-000658,2022-04-28,7423367,7423367,0,0,0,0,0,APPLIED
CA-000659,AR,ST-000659,OI-000659,2022-04-28,1024020,1024020,0,0,0,0,0,APPLIED
CA-000660,AR,ST-000660,OI-000660,2022-04-28,1492021,1492021,0,0,0,0,0,APPLIED
CA-000661,AR,ST-000661,OI-000661,2022-04-28,1540024,1540024,0,0,0,0,0,APPLIED
CA-000662,AR,ST-000662,OI-000662,2022-04-28,1256285,1256285,0,0,0,0,0,APPLIED
CA-000663,AR,ST-000663,OI-000663,2022-04-28,2468352,2468352,0,0,0,0,0,APPLIED
CA-000664,AR,ST-000664,OI-000664,2022-04-28,1202181,1202181,0,0,0,0,0,APPLIED
CA-000665,AR,ST-000665,OI-000665,2022-04-28,352450,352450,0,0,0,0,0,APPLIED
CA-000666,AR,ST-000666,OI-000666,2022-04-28,13269523,13269523,0,0,0,0,0,APPLIED
CA-000667,AR,ST-000667,OI-000667,2022-04-28,794114,794114,0,0,0,0,0,APPLIED
CA-000668,AR,ST-000668,OI-000668,2022-04-28,482866,482866,0,0,0,0,0,APPLIED
CA-000669,AR,ST-000669,OI-000669,2022-04-28,1056168,1056168,0,0,0,0,0,APPLIED
CA-000670,AR,ST-000670,OI-000670,2022-04-28,534144,534144,0,0,0,0,0,APPLIED
CA-000671,AR,ST-000671,OI-000671,2022-04-28,226620,226620,0,0,0,0,0,APPLIED
CA-000672,AR,ST-000672,OI-000672,2022-04-28,3741296,3741296,0,0,0,0,0,APPLIED
CA-000673,AR,ST-000673,OI-000673,2022-04-28,1096632,1096632,0,0,0,0,0,APPLIED
CA-000674,AR,ST-000674,OI-000674,2022-04-28,919584,919584,0,0,0,0,0,APPLIED
CA-000675,AR,ST-000675,OI-000675,2022-04-28,6175852,6175852,0,0,0,0,0,APPLIED
CA-000676,AR,ST-000676,OI-000676,2022-04-28,486020,486020,0,0,0,0,0,APPLIED
CA-000677,AR,ST-000677,OI-000677,2022-04-28,828232,828232,0,0,0,0,0,APPLIED
CA-000678,AR,ST-000678,OI-000678,2022-04-28,1425220,1425220,0,0,0,0,0,APPLIED
CA-000679,AR,ST-000679,OI-000679,2022-04-28,1290240,1290240,0,0,0,0,0,APPLIED
CA-000680,AR,ST-000680,OI-000680,2022-04-28,1394098,1394098,0,0,0,0,0,APPLIED
CA-000681,AR,ST-000681,OI-000681,2022-04-28,1033750,1033750,0,0,0,0,0,APPLIED
CA-000682,AR,ST-000682,OI-000682,2022-04-28,1323972,1323972,0,0,0,0,0,APPLIED
CA-000683,AR,ST-000683,OI-000683,2022-04-28,649800,649800,0,0,0,0,0,APPLIED
CA-000684,AR,ST-000684,OI-000684,2022-04-28,1713160,1713160,0,0,0,0,0,APPLIED
CA-000685,AP,ST-000685,OI-000685,2022-04-28,4705170,4705170,0,0,0,0,0,APPLIED
CA-000686,AP,ST-000686,OI-000686,2022-04-28,2656388,2656388,0,0,0,0,0,APPLIED
CA-000687,AP,ST-000687,OI-000687,2022-04-28,3661476,3661476,0,0,0,0,0,APPLIED
CA-000688,AP,ST-000688,OI-000688,2022-04-28,255528,255528,0,0,0,0,0,APPLIED
CA-000689,AP,ST-000689,OI-000689,2022-04-28,1292036,1292036,0,0,0,0,0,APPLIED
CA-000690,AP,ST-000690,OI-000690,2022-04-28,3385746,3385746,0,0,0,0,0,APPLIED
CA-000691,AP,ST-000691,OI-000691,2022-04-28,1144940,1144940,0,0,0,0,0,APPLIED
CA-000692,AP,ST-000692,OI-000692,2022-04-28,224733,224733,0,0,0,0,0,APPLIED
CA-000693,AP,ST-000693,OI-000693,2022-04-28,554953,554953,0,0,0,0,0,APPLIED
CA-000694,AP,ST-000694,OI-000694,2022-04-28,105486,105486,0,0,0,0,0,APPLIED
CA-000695,AP,ST-000695,OI-000695,2022-04-28,536607,536607,0,0,0,0,0,APPLIED
CA-000696,AP,ST-000696,OI-000696,2022-04-28,165109,165109,0,0,0,0,0,APPLIED
CA-000697,AP,ST-000697,OI-000697,2022-04-28,3726253,3726253,0,0,0,0,0,APPLIED
CA-000698,AP,ST-000698,OI-000698,2022-04-28,1046118,1046118,0,0,0,0,0,APPLIED
CA-000699,AP,ST-000699,OI-000699,2022-04-28,4236496,4236496,0,0,0,0,0,APPLIED
CA-000700,AP,ST-000700,OI-000700,2022-04-28,3218877,3218877,0,0,0,0,0,APPLIED
CA-000701,AP,ST-000701,OI-000701,2022-04-28,3221820,3221820,0,0,0,0,0,APPLIED
CA-000702,AP,ST-000702,OI-000702,2022-04-28,26208,26208,0,0,0,0,0,APPLIED
CA-000703,AP,ST-000703,OI-000703,2022-04-28,361670,361670,0,0,0,0,0,APPLIED
CA-000704,AP,ST-000704,OI-000704,2022-04-28,52416,52416,0,0,0,0,0,APPLIED
CA-000705,AP,ST-000705,OI-000705,2022-04-28,52416,52416,0,0,0,0,0,APPLIED
CA-000706,AP,ST-000706,OI-000706,2022-04-28,26208,26208,0,0,0,0,0,APPLIED
CA-000707,AP,ST-000707,OI-000707,2022-04-28,2042022,2042022,0,0,0,0,0,APPLIED
CA-000708,AR,ST-000708,OI-000708,2022-05-28,5724549,5724549,0,0,0,0,0,APPLIED
CA-000709,AR,ST-000709,OI-000709,2022-05-28,1407648,1407648,0,0,0,0,0,APPLIED
CA-000710,AR,ST-000710,OI-000710,2022-05-28,1581860,1581860,0,0,0,0,0,APPLIED
CA-000711,AR,ST-000711,OI-000711,2022-05-28,2901201,2901201,0,0,0,0,0,APPLIED
CA-000712,AR,ST-000712,OI-000712,2022-05-28,2940652,2940652,0,0,0,0,0,APPLIED
CA-000713,AR,ST-000713,OI-000713,2022-05-28,2360032,2360032,0,0,0,0,0,APPLIED
CA-000714,AR,ST-000714,OI-000714,2022-05-28,1690176,1690176,0,0,0,0,0,APPLIED
CA-000715,AR,ST-000715,OI-000715,2022-05-28,2055400,2055400,0,0,0,0,0,APPLIED
CA-000716,AR,ST-000716,OI-000716,2022-05-28,3056284,3056284,0,0,0,0,0,APPLIED
CA-000717,AR,ST-000717,OI-000717,2022-05-28,2722880,2722880,0,0,0,0,0,APPLIED
CA-000718,AR,ST-000718,OI-000718,2022-05-28,2097864,2097864,0,0,0,0,0,APPLIED
CA-000719,AR,ST-000719,OI-000719,2022-05-28,8251179,8251179,0,0,0,0,0,APPLIED
CA-000720,AR,ST-000720,OI-000720,2022-05-28,1403080,1403080,0,0,0,0,0,APPLIED
CA-000721,AR,ST-000721,OI-000721,2022-05-28,1433744,1433744,0,0,0,0,0,APPLIED
CA-000722,AR,ST-000722,OI-000722,2022-05-28,2617248,2617248,0,0,0,0,0,APPLIED
CA-000723,AR,ST-000723,OI-000723,2022-05-28,1008640,1008640,0,0,0,0,0,APPLIED
CA-000724,AR,ST-000724,OI-000724,2022-05-28,3907856,3907856,0,0,0,0,0,APPLIED
CA-000725,AR,ST-000725,OI-000725,2022-05-28,2708884,2708884,0,0,0,0,0,APPLIED
CA-000726,AR,ST-000726,OI-000726,2022-05-28,2699820,2699820,0,0,0,0,0,APPLIED
CA-000727,AR,ST-000727,OI-000727,2022-05-28,1331520,1331520,0,0,0,0,0,APPLIED
CA-000728,AR,ST-000728,OI-000728,2022-05-28,4383630,4383630,0,0,0,0,0,APPLIED
CA-000729,AR,ST-000729,OI-000729,2022-05-28,1721354,1721354,0,0,0,0,0,APPLIED
CA-000730,AR,ST-000730,OI-000730,2022-05-28,919254,919254,0,0,0,0,0,APPLIED
CA-000731,AR,ST-000731,OI-000731,2022-05-28,2358524,2358524,0,0,0,0,0,APPLIED
CA-000732,AR,ST-000732,OI-000732,2022-05-28,3647192,3647192,0,0,0,0,0,APPLIED
CA-000733,AR,ST-000733,OI-000733,2022-05-28,1825556,1825556,0,0,0,0,0,APPLIED
CA-000734,AR,ST-000734,OI-000734,2022-05-28,871860,871860,0,0,0,0,0,APPLIED
CA-000735,AR,ST-000735,OI-000735,2022-05-28,758914,758914,0,0,0,0,0,APPLIED
CA-000736,AR,ST-000736,OI-000736,2022-05-28,754741,754741,0,0,0,0,0,APPLIED
CA-000737,AR,ST-000737,OI-000737,2022-05-28,3304738,3304738,0,0,0,0,0,APPLIED
CA-000738,AP,ST-000738,OI-000738,2022-05-28,7758109,7758109,0,0,0,0,0,APPLIED
CA-000739,AP,ST-000739,OI-000739,2022-05-28,3725251,3725251,0,0,0,0,0,APPLIED
CA-000740,AP,ST-000740,OI-000740,2022-05-28,5736237,5736237,0,0,0,0,0,APPLIED
CA-000741,AP,ST-000741,OI-000741,2022-05-28,371183,371183,0,0,0,0,0,APPLIED
CA-000742,AP,ST-000742,OI-000742,2022-05-28,1604983,1604983,0,0,0,0,0,APPLIED
CA-000743,AP,ST-000743,OI-000743,2022-05-28,3306604,3306604,0,0,0,0,0,APPLIED
CA-000744,AP,ST-000744,OI-000744,2022-05-28,1591695,1591695,0,0,0,0,0,APPLIED
CA-000745,AP,ST-000745,OI-000745,2022-05-28,161481,161481,0,0,0,0,0,APPLIED
CA-000746,AP,ST-000746,OI-000746,2022-05-28,708722,708722,0,0,0,0,0,APPLIED
CA-000747,AP,ST-000747,OI-000747,2022-05-28,320719,320719,0,0,0,0,0,APPLIED
CA-000748,AP,ST-000748,OI-000748,2022-05-28,619008,619008,0,0,0,0,0,APPLIED
CA-000749,AP,ST-000749,OI-000749,2022-05-28,217551,217551,0,0,0,0,0,APPLIED
CA-000750,AP,ST-000750,OI-000750,2022-05-28,3861324,3861324,0,0,0,0,0,APPLIED
CA-000751,AP,ST-000751,OI-000751,2022-05-28,1057191,1057191,0,0,0,0,0,APPLIED
CA-000752,AP,ST-000752,OI-000752,2022-05-28,4402685,4402685,0,0,0,0,0,APPLIED
CA-000753,AP,ST-000753,OI-000753,2022-05-28,4615320,4615320,0,0,0,0,0,APPLIED
CA-000754,AP,ST-000754,OI-000754,2022-05-28,4231805,4231805,0,0,0,0,0,APPLIED
CA-000755,AP,ST-000755,OI-000755,2022-05-28,102816,102816,0,0,0,0,0,APPLIED
CA-000756,AP,ST-000756,OI-000756,2022-05-28,46267,46267,0,0,0,0,0,APPLIED
CA-000757,AP,ST-000757,OI-000757,2022-05-28,102816,102816,0,0,0,0,0,APPLIED
CA-000758,AP,ST-000758,OI-000758,2022-05-28,154224,154224,0,0,0,0,0,APPLIED
CA-000759,AP,ST-000759,OI-000759,2022-05-28,102816,102816,0,0,0,0,0,APPLIED
CA-000760,AP,ST-000760,OI-000760,2022-05-28,2437314,2437314,0,0,0,0,0,APPLIED
